<robot name="nao"><emotion name="neutral" /><repeat>0</repeat><actuators><state><joint name="LShoulderPitch">0.639635245588</joint><joint name="LHipPitch">-0.153358067115</joint><joint name="LElbowYaw">-0.655060465517</joint><joint name="LAnklePitch">-0.0460620314869</joint><joint name="LWristYaw">0.119610031633</joint><joint name="RShoulderRoll">-0.266958581068</joint><joint name="RWristYaw">-0.401949326734</joint><joint name="HeadYaw">-0.745255590602</joint><joint name="RHipPitch">-0.17798518646</joint><joint name="HeadPitch">-0.476474885794</joint><joint name="RElbowYaw">0.595150293613</joint><joint name="RHand">0.2</joint><joint name="LElbowRoll">-1.37288820692</joint><joint name="LShoulderRoll">0.340506755747</joint><joint name="RHipYawPitch">-0.372720297751</joint><joint name="LHand">0.2</joint><joint name="LAnkleRoll">-0.0183660997187</joint><joint name="LHipYawPitch">-0.443283959409</joint><joint name="RAnkleRoll">0.0966839101776</joint><joint name="RAnklePitch">-0.0521139606682</joint><joint name="LKneePitch">0.404933839755</joint><joint name="LHipRoll">0.00464395462041</joint><joint name="RHipRoll">-0.119610031633</joint><joint name="RShoulderPitch">0.915840581033</joint><joint name="RElbowRoll">1.34689327304</joint><joint name="RKneePitch">0.426493892005</joint></state><state><joint name="LShoulderPitch">0.639635245588</joint><joint name="LHipPitch">-0.153358067115</joint><joint name="LElbowYaw">-0.655060465517</joint><joint name="LAnklePitch">-0.0460620314869</joint><joint name="LWristYaw">0.119610031633</joint><joint name="RShoulderRoll">-0.266958581068</joint><joint name="RWristYaw">-0.401949326734</joint><joint name="HeadYaw">0.00916194882871</joint><joint name="RHipPitch">-0.17798518646</joint><joint name="HeadPitch">-0.171850005073</joint><joint name="RElbowYaw">0.595150293613</joint><joint name="RHand">0.2</joint><joint name="LElbowRoll">-1.37288820692</joint><joint name="LShoulderRoll">0.340506755747</joint><joint name="RHipYawPitch">-0.170232084857</joint><joint name="LHand">0.2</joint><joint name="LAnkleRoll">-0.0183660997187</joint><joint name="LHipYawPitch">-0.443283959409</joint><joint name="RAnkleRoll">0.0966839101776</joint><joint name="RAnklePitch">-0.0521139606682</joint><joint name="LKneePitch">0.404933839755</joint><joint name="LHipRoll">0.00464395462041</joint><joint name="RHipRoll">-0.119610031633</joint><joint name="RShoulderPitch">0.915840581033</joint><joint name="RElbowRoll">1.34689327304</joint><joint name="RKneePitch">0.426493892005</joint></state><state><joint name="LShoulderPitch">0.639635245588</joint><joint name="LHipPitch">-0.153358067115</joint><joint name="LElbowYaw">-1.76452787377</joint><joint name="LAnklePitch">-0.0460620314869</joint><joint name="LWristYaw">-1.45036860841</joint><joint name="RShoulderRoll">-0.266958581068</joint><joint name="RWristYaw">-0.401949326734</joint><joint name="HeadYaw">0.00916194882871</joint><joint name="RHipPitch">-0.17798518646</joint><joint name="HeadPitch">-0.171850005073</joint><joint name="RElbowYaw">0.595150293613</joint><joint name="RHand">0.2</joint><joint name="LElbowRoll">-1.12922802604</joint><joint name="LShoulderRoll">0.340506755747</joint><joint name="RHipYawPitch">-0.372720297751</joint><joint name="LHand">0.6</joint><joint name="LAnkleRoll">-0.0183660997187</joint><joint name="LHipYawPitch">-0.443283959409</joint><joint name="RAnkleRoll">0.0966839101776</joint><joint name="RAnklePitch">-0.0521139606682</joint><joint name="LKneePitch">0.404933839755</joint><joint name="LHipRoll">0.00464395462041</joint><joint name="RHipRoll">-0.119610031633</joint><joint name="RShoulderPitch">0.915840581033</joint><joint name="RElbowRoll">1.34689327304</joint><joint name="RKneePitch">0.426493892005</joint></state><state><joint name="LShoulderPitch">0.639635245588</joint><joint name="LHipPitch">0.185655908522</joint><joint name="LElbowYaw">-1.76452787377</joint><joint name="LAnklePitch">0.0444441112703</joint><joint name="LWristYaw">-1.45036860841</joint><joint name="RShoulderRoll">-0.670206432766</joint><joint name="RWristYaw">1.39277274309</joint><joint name="HeadYaw">-0.745255590602</joint><joint name="RHipPitch">0.101202044012</joint><joint name="HeadPitch">-0.476474885794</joint><joint name="RElbowYaw">0.567232006898</joint><joint name="RHand">0.5</joint><joint name="LElbowRoll">-1.12922802604</joint><joint name="LShoulderRoll">0.340506755747</joint><joint name="RHipYawPitch">-0.372720297751</joint><joint name="LHand">0.6</joint><joint name="LAnkleRoll">0.0629360492281</joint><joint name="LHipYawPitch">-0.372720297751</joint><joint name="RAnkleRoll">0.263890292243</joint><joint name="RAnklePitch">0.0920820005389</joint><joint name="LKneePitch">-0.0905480306593</joint><joint name="LHipRoll">-0.144154073305</joint><joint name="RHipRoll">-0.297554202856</joint><joint name="RShoulderPitch">0.915840581033</joint><joint name="RElbowRoll">1.12050137978</joint><joint name="RKneePitch">-0.0904640803223</joint></state><state><joint name="LShoulderPitch">1.747179301</joint><joint name="LHipPitch">0.185655908522</joint><joint name="LElbowYaw">-1.76452787377</joint><joint name="LAnklePitch">0.0444441112703</joint><joint name="LWristYaw">-1.45036860841</joint><joint name="RShoulderRoll">-0.670206432766</joint><joint name="RWristYaw">1.39277274309</joint><joint name="HeadYaw">-0.745255590602</joint><joint name="RHipPitch">0.101202044012</joint><joint name="HeadPitch">-0.476474885794</joint><joint name="RElbowYaw">0.567232006898</joint><joint name="RHand">0.5</joint><joint name="LElbowRoll">-1.12922802604</joint><joint name="LShoulderRoll">0.242330239993</joint><joint name="RHipYawPitch">-0.372720297751</joint><joint name="LHand">0.6</joint><joint name="LAnkleRoll">0.0629360492281</joint><joint name="LHipYawPitch">-0.372720297751</joint><joint name="RAnkleRoll">0.263890292243</joint><joint name="RAnklePitch">0.0920820005389</joint><joint name="LKneePitch">-0.0905480306593</joint><joint name="LHipRoll">-0.144154073305</joint><joint name="RHipRoll">-0.297554202856</joint><joint name="RShoulderPitch">0.915840581033</joint><joint name="RElbowRoll">1.12050137978</joint><joint name="RKneePitch">-0.0904640803223</joint></state><state><joint name="LShoulderPitch">1.747179301</joint><joint name="LHipPitch">0.185655908522</joint><joint name="LElbowYaw">-0.380474795618</joint><joint name="LAnklePitch">0.0444441112703</joint><joint name="LWristYaw">-0.395814494414</joint><joint name="RShoulderRoll">-0.670206432766</joint><joint name="RWristYaw">1.39277274309</joint><joint name="HeadYaw">-0.745255590602</joint><joint name="RHipPitch">0.101202044012</joint><joint name="HeadPitch">-0.476474885794</joint><joint name="RElbowYaw">0.567232006898</joint><joint name="RHand">0.5</joint><joint name="LElbowRoll">-0.369652008926</joint><joint name="LShoulderRoll">0.242330239993</joint><joint name="RHipYawPitch">-0.372720297751</joint><joint name="LHand">0.2648</joint><joint name="LAnkleRoll">0.0629360492281</joint><joint name="LHipYawPitch">-0.372720297751</joint><joint name="RAnkleRoll">0.263890292243</joint><joint name="RAnklePitch">0.0920820005389</joint><joint name="LKneePitch">-0.0905480306593</joint><joint name="LHipRoll">-0.144154073305</joint><joint name="RHipRoll">-0.297554202856</joint><joint name="RShoulderPitch">-1.19187661954</joint><joint name="RElbowRoll">1.12050137978</joint><joint name="RKneePitch">-0.0904640803223</joint></state><state><joint name="LShoulderPitch">1.747179301</joint><joint name="LHipPitch">0.185655908522</joint><joint name="LElbowYaw">-0.380474795618</joint><joint name="LAnklePitch">0.0444441112703</joint><joint name="LWristYaw">-0.395814494414</joint><joint name="RShoulderRoll">-0.328317376251</joint><joint name="RWristYaw">0.107338098064</joint><joint name="HeadYaw">-0.745255590602</joint><joint name="RHipPitch">0.101202044012</joint><joint name="HeadPitch">-0.476474885794</joint><joint name="RElbowYaw">-0.851411751696</joint><joint name="RHand">0.678</joint><joint name="LElbowRoll">-0.369652008926</joint><joint name="LShoulderRoll">0.242330239993</joint><joint name="RHipYawPitch">-0.372720297751</joint><joint name="LHand">0.2648</joint><joint name="LAnkleRoll">0.0629360492281</joint><joint name="LHipYawPitch">-0.372720297751</joint><joint name="RAnkleRoll">0.263890292243</joint><joint name="RAnklePitch">0.0920820005389</joint><joint name="LKneePitch">-0.0905480306593</joint><joint name="LHipRoll">-0.144154073305</joint><joint name="RHipRoll">-0.297554202856</joint><joint name="RShoulderPitch">-1.19187661954</joint><joint name="RElbowRoll">0.138101969591</joint><joint name="RKneePitch">-0.0904640803223</joint></state><state><joint name="LShoulderPitch">1.747179301</joint><joint name="LHipPitch">0.185655908522</joint><joint name="LElbowYaw">-0.380474795618</joint><joint name="LAnklePitch">0.0444441112703</joint><joint name="LWristYaw">-0.395814494414</joint><joint name="RShoulderRoll">-0.328317376251</joint><joint name="RWristYaw">0.107338098064</joint><joint name="HeadYaw">-0.745255590602</joint><joint name="RHipPitch">0.101202044012</joint><joint name="HeadPitch">-0.476474885794</joint><joint name="RElbowYaw">-0.851411751696</joint><joint name="RHand">0.678</joint><joint name="LElbowRoll">-0.369652008926</joint><joint name="LShoulderRoll">0.242330239993</joint><joint name="RHipYawPitch">-0.372720297751</joint><joint name="LHand">0.2648</joint><joint name="LAnkleRoll">0.0629360492281</joint><joint name="LHipYawPitch">-0.372720297751</joint><joint name="RAnkleRoll">0.263890292243</joint><joint name="RAnklePitch">0.0920820005389</joint><joint name="LKneePitch">-0.0905480306593</joint><joint name="LHipRoll">-0.144154073305</joint><joint name="RHipRoll">-0.297554202856</joint><joint name="RShoulderPitch">-1.19187661954</joint><joint name="RElbowRoll">0.138101969591</joint><joint name="RKneePitch">-0.0904640803223</joint></state><state><joint name="LShoulderPitch">1.747179301</joint><joint name="LHipPitch">0.147305963401</joint><joint name="LElbowYaw">-0.380474795618</joint><joint name="LAnklePitch">0.161028091046</joint><joint name="LWristYaw">-0.395814494414</joint><joint name="RShoulderRoll">-0.59515727493</joint><joint name="RWristYaw">0.107338098064</joint><joint name="HeadYaw">-0.745255590602</joint><joint name="RHipPitch">0.259204083201</joint><joint name="HeadPitch">-0.476474885794</joint><joint name="RElbowYaw">-0.0750491578358</joint><joint name="RHand">0.3</joint><joint name="LElbowRoll">-0.369652008926</joint><joint name="LShoulderRoll">0.242330239993</joint><joint name="RHipYawPitch">-0.372720297751</joint><joint name="LHand">0.2648</joint><joint name="LAnkleRoll">-0.248466817643</joint><joint name="LHipYawPitch">-0.357380598955</joint><joint name="RAnkleRoll">-0.0904640803223</joint><joint name="RAnklePitch">0.0828780067285</joint><joint name="LKneePitch">-0.0798098924364</joint><joint name="LHipRoll">0.329851520664</joint><joint name="RHipRoll">0.14116990935</joint><joint name="RShoulderPitch">-1.19187661954</joint><joint name="RElbowRoll">1.308996939</joint><joint name="RKneePitch">-0.0904640803223</joint></state><state><joint name="LShoulderPitch">1.85610529962</joint><joint name="LHipPitch">0.147305963401</joint><joint name="LElbowYaw">-0.618244490275</joint><joint name="LAnklePitch">0.161028091046</joint><joint name="LWristYaw">-0.420357314355</joint><joint name="RShoulderRoll">-0.59515727493</joint><joint name="RWristYaw">0.107338098064</joint><joint name="HeadYaw">0.289724655831</joint><joint name="RHipPitch">0.259204083201</joint><joint name="HeadPitch">0.338593874887</joint><joint name="RElbowYaw">-0.0750491578358</joint><joint name="RHand">0.3</joint><joint name="LElbowRoll">-0.202445975927</joint><joint name="LShoulderRoll">0.196309398277</joint><joint name="RHipYawPitch">-0.372720297751</joint><joint name="LHand">0.264</joint><joint name="LAnkleRoll">-0.248466817643</joint><joint name="LHipYawPitch">-0.357380598955</joint><joint name="RAnkleRoll">-0.0904640803223</joint><joint name="RAnklePitch">0.0828780067285</joint><joint name="LKneePitch">-0.0798098924364</joint><joint name="LHipRoll">0.329851520664</joint><joint name="RHipRoll">0.14116990935</joint><joint name="RShoulderPitch">-1.19187661954</joint><joint name="RElbowRoll">1.308996939</joint><joint name="RKneePitch">-0.0904640803223</joint></state><state><joint name="LShoulderPitch">1.85610529962</joint><joint name="LHipPitch">0.147305963401</joint><joint name="LElbowYaw">-0.618244490275</joint><joint name="LAnklePitch">0.161028091046</joint><joint name="LWristYaw">-0.420357314355</joint><joint name="RShoulderRoll">0.314159265359</joint><joint name="RWristYaw">0.400331406518</joint><joint name="HeadYaw">0.289724655831</joint><joint name="RHipPitch">0.259204083201</joint><joint name="HeadPitch">0.338593874887</joint><joint name="RElbowYaw">-0.00157596250138</joint><joint name="RHand">0.6784</joint><joint name="LElbowRoll">-0.202445975927</joint><joint name="LShoulderRoll">0.196309398277</joint><joint name="RHipYawPitch">-0.372720297751</joint><joint name="LHand">0.264</joint><joint name="LAnkleRoll">-0.248466817643</joint><joint name="LHipYawPitch">-0.357380598955</joint><joint name="RAnkleRoll">-0.0904640803223</joint><joint name="RAnklePitch">0.0828780067285</joint><joint name="LKneePitch">-0.0798098924364</joint><joint name="LHipRoll">0.329851520664</joint><joint name="RHipRoll">0.14116990935</joint><joint name="RShoulderPitch">0.995607363837</joint><joint name="RElbowRoll">0.257753714593</joint><joint name="RKneePitch">-0.0904640803223</joint></state><state><joint name="LShoulderPitch">1.85610529962</joint><joint name="LHipPitch">0.147305963401</joint><joint name="LElbowYaw">-0.618244490275</joint><joint name="LAnklePitch">0.161028091046</joint><joint name="LWristYaw">-0.420357314355</joint><joint name="RShoulderRoll">0.314159265359</joint><joint name="RWristYaw">0.400331406518</joint><joint name="HeadYaw">0.289724655831</joint><joint name="RHipPitch">0.259204083201</joint><joint name="HeadPitch">0.338593874887</joint><joint name="RElbowYaw">-0.00157596250138</joint><joint name="RHand">0.6784</joint><joint name="LElbowRoll">-0.202445975927</joint><joint name="LShoulderRoll">0.196309398277</joint><joint name="RHipYawPitch">-0.372720297751</joint><joint name="LHand">0.264</joint><joint name="LAnkleRoll">-0.248466817643</joint><joint name="LHipYawPitch">-0.357380598955</joint><joint name="RAnkleRoll">-0.0904640803223</joint><joint name="RAnklePitch">0.0828780067285</joint><joint name="LKneePitch">-0.0798098924364</joint><joint name="LHipRoll">0.329851520664</joint><joint name="RHipRoll">0.14116990935</joint><joint name="RShoulderPitch">0.995607363837</joint><joint name="RElbowRoll">0.257753714593</joint><joint name="RKneePitch">-0.0904640803223</joint></state><state><joint name="LShoulderPitch">1.85610529962</joint><joint name="LHipPitch">0.185655908522</joint><joint name="LElbowYaw">-0.618244490275</joint><joint name="LAnklePitch">0.0444441112703</joint><joint name="LWristYaw">-0.420357314355</joint><joint name="RShoulderRoll">-0.59515727493</joint><joint name="RWristYaw">0.400331406518</joint><joint name="HeadYaw">0.289724655831</joint><joint name="RHipPitch">0.101202044012</joint><joint name="HeadPitch">0.338593874887</joint><joint name="RElbowYaw">-0.460766922527</joint><joint name="RHand">0.3</joint><joint name="LElbowRoll">-0.202445975927</joint><joint name="LShoulderRoll">0.196309398277</joint><joint name="RHipYawPitch">-0.372720297751</joint><joint name="LHand">0.264</joint><joint name="LAnkleRoll">0.0629360492281</joint><joint name="LHipYawPitch">-0.372720297751</joint><joint name="RAnkleRoll">0.263890292243</joint><joint name="RAnklePitch">0.0920820005389</joint><joint name="LKneePitch">-0.0905480306593</joint><joint name="LHipRoll">-0.144154073305</joint><joint name="RHipRoll">-0.297554202856</joint><joint name="RShoulderPitch">0.995607363837</joint><joint name="RElbowRoll">1.45909525467</joint><joint name="RKneePitch">-0.0904640803223</joint></state><state><joint name="LShoulderPitch">1.747179301</joint><joint name="LHipPitch">0.185655908522</joint><joint name="LElbowYaw">-0.380474795618</joint><joint name="LAnklePitch">0.0444441112703</joint><joint name="LWristYaw">-0.395814494414</joint><joint name="RShoulderRoll">-0.59515727493</joint><joint name="RWristYaw">0.400331406518</joint><joint name="HeadYaw">-0.745255590602</joint><joint name="RHipPitch">0.101202044012</joint><joint name="HeadPitch">-0.476474885794</joint><joint name="RElbowYaw">-0.460766922527</joint><joint name="RHand">0.3</joint><joint name="LElbowRoll">-0.369652008926</joint><joint name="LShoulderRoll">0.242330239993</joint><joint name="RHipYawPitch">-0.372720297751</joint><joint name="LHand">0.2648</joint><joint name="LAnkleRoll">0.0629360492281</joint><joint name="LHipYawPitch">-0.372720297751</joint><joint name="RAnkleRoll">0.263890292243</joint><joint name="RAnklePitch">0.0920820005389</joint><joint name="LKneePitch">-0.0905480306593</joint><joint name="LHipRoll">-0.144154073305</joint><joint name="RHipRoll">-0.297554202856</joint><joint name="RShoulderPitch">0.995607363837</joint><joint name="RElbowRoll">1.45909525467</joint><joint name="RKneePitch">-0.0904640803223</joint></state><state><joint name="LShoulderPitch">1.747179301</joint><joint name="LHipPitch">0.185655908522</joint><joint name="LElbowYaw">-0.380474795618</joint><joint name="LAnklePitch">0.0444441112703</joint><joint name="LWristYaw">-0.395814494414</joint><joint name="RShoulderRoll">-0.328317376251</joint><joint name="RWristYaw">0.107338098064</joint><joint name="HeadYaw">-0.745255590602</joint><joint name="RHipPitch">0.101202044012</joint><joint name="HeadPitch">-0.476474885794</joint><joint name="RElbowYaw">-0.851411751696</joint><joint name="RHand">0.678</joint><joint name="LElbowRoll">-0.369652008926</joint><joint name="LShoulderRoll">0.242330239993</joint><joint name="RHipYawPitch">-0.372720297751</joint><joint name="LHand">0.2648</joint><joint name="LAnkleRoll">0.0629360492281</joint><joint name="LHipYawPitch">-0.372720297751</joint><joint name="RAnkleRoll">0.263890292243</joint><joint name="RAnklePitch">0.0920820005389</joint><joint name="LKneePitch">-0.0905480306593</joint><joint name="LHipRoll">-0.144154073305</joint><joint name="RHipRoll">-0.297554202856</joint><joint name="RShoulderPitch">-1.19187661954</joint><joint name="RElbowRoll">0.138101969591</joint><joint name="RKneePitch">-0.0904640803223</joint></state><state><joint name="LShoulderPitch">1.747179301</joint><joint name="LHipPitch">0.185655908522</joint><joint name="LElbowYaw">-0.380474795618</joint><joint name="LAnklePitch">0.0444441112703</joint><joint name="LWristYaw">-0.395814494414</joint><joint name="RShoulderRoll">-0.328317376251</joint><joint name="RWristYaw">0.107338098064</joint><joint name="HeadYaw">-0.745255590602</joint><joint name="RHipPitch">0.101202044012</joint><joint name="HeadPitch">-0.476474885794</joint><joint name="RElbowYaw">-0.851411751696</joint><joint name="RHand">0.678</joint><joint name="LElbowRoll">-0.369652008926</joint><joint name="LShoulderRoll">0.242330239993</joint><joint name="RHipYawPitch">-0.372720297751</joint><joint name="LHand">0.2648</joint><joint name="LAnkleRoll">0.0629360492281</joint><joint name="LHipYawPitch">-0.372720297751</joint><joint name="RAnkleRoll">0.263890292243</joint><joint name="RAnklePitch">0.0920820005389</joint><joint name="LKneePitch">-0.0905480306593</joint><joint name="LHipRoll">-0.144154073305</joint><joint name="RHipRoll">-0.297554202856</joint><joint name="RShoulderPitch">-1.19187661954</joint><joint name="RElbowRoll">0.138101969591</joint><joint name="RKneePitch">-0.0904640803223</joint></state><state><joint name="LShoulderPitch">1.747179301</joint><joint name="LHipPitch">0.147305963401</joint><joint name="LElbowYaw">-0.380474795618</joint><joint name="LAnklePitch">0.161028091046</joint><joint name="LWristYaw">-0.395814494414</joint><joint name="RShoulderRoll">-0.59515727493</joint><joint name="RWristYaw">0.107338098064</joint><joint name="HeadYaw">-0.745255590602</joint><joint name="RHipPitch">0.259204083201</joint><joint name="HeadPitch">-0.476474885794</joint><joint name="RElbowYaw">-0.0750491578358</joint><joint name="RHand">0.3</joint><joint name="LElbowRoll">-0.369652008926</joint><joint name="LShoulderRoll">0.242330239993</joint><joint name="RHipYawPitch">-0.372720297751</joint><joint name="LHand">0.2648</joint><joint name="LAnkleRoll">-0.248466817643</joint><joint name="LHipYawPitch">-0.357380598955</joint><joint name="RAnkleRoll">-0.0904640803223</joint><joint name="RAnklePitch">0.0828780067285</joint><joint name="LKneePitch">-0.0798098924364</joint><joint name="LHipRoll">0.329851520664</joint><joint name="RHipRoll">0.14116990935</joint><joint name="RShoulderPitch">-1.19187661954</joint><joint name="RElbowRoll">1.308996939</joint><joint name="RKneePitch">-0.0904640803223</joint></state><state><joint name="LShoulderPitch">1.85610529962</joint><joint name="LHipPitch">0.147305963401</joint><joint name="LElbowYaw">-0.618244490275</joint><joint name="LAnklePitch">0.161028091046</joint><joint name="LWristYaw">-0.420357314355</joint><joint name="RShoulderRoll">-0.59515727493</joint><joint name="RWristYaw">0.107338098064</joint><joint name="HeadYaw">0.289724655831</joint><joint name="RHipPitch">0.259204083201</joint><joint name="HeadPitch">0.338593874887</joint><joint name="RElbowYaw">-0.0750491578358</joint><joint name="RHand">0.3</joint><joint name="LElbowRoll">-0.202445975927</joint><joint name="LShoulderRoll">0.196309398277</joint><joint name="RHipYawPitch">-0.372720297751</joint><joint name="LHand">0.264</joint><joint name="LAnkleRoll">-0.248466817643</joint><joint name="LHipYawPitch">-0.357380598955</joint><joint name="RAnkleRoll">-0.0904640803223</joint><joint name="RAnklePitch">0.0828780067285</joint><joint name="LKneePitch">-0.0798098924364</joint><joint name="LHipRoll">0.329851520664</joint><joint name="RHipRoll">0.14116990935</joint><joint name="RShoulderPitch">-1.19187661954</joint><joint name="RElbowRoll">1.308996939</joint><joint name="RKneePitch">-0.0904640803223</joint></state><state><joint name="LShoulderPitch">1.85610529962</joint><joint name="LHipPitch">0.147305963401</joint><joint name="LElbowYaw">-0.618244490275</joint><joint name="LAnklePitch">0.161028091046</joint><joint name="LWristYaw">-0.420357314355</joint><joint name="RShoulderRoll">0.314159265359</joint><joint name="RWristYaw">0.400331406518</joint><joint name="HeadYaw">0.289724655831</joint><joint name="RHipPitch">0.259204083201</joint><joint name="HeadPitch">0.338593874887</joint><joint name="RElbowYaw">-0.00157596250138</joint><joint name="RHand">0.6784</joint><joint name="LElbowRoll">-0.202445975927</joint><joint name="LShoulderRoll">0.196309398277</joint><joint name="RHipYawPitch">-0.372720297751</joint><joint name="LHand">0.264</joint><joint name="LAnkleRoll">-0.248466817643</joint><joint name="LHipYawPitch">-0.357380598955</joint><joint name="RAnkleRoll">-0.0904640803223</joint><joint name="RAnklePitch">0.0828780067285</joint><joint name="LKneePitch">-0.0798098924364</joint><joint name="LHipRoll">0.329851520664</joint><joint name="RHipRoll">0.14116990935</joint><joint name="RShoulderPitch">0.995607363837</joint><joint name="RElbowRoll">0.257753714593</joint><joint name="RKneePitch">-0.0904640803223</joint></state><state><joint name="LShoulderPitch">1.85610529962</joint><joint name="LHipPitch">0.147305963401</joint><joint name="LElbowYaw">-0.618244490275</joint><joint name="LAnklePitch">0.161028091046</joint><joint name="LWristYaw">-0.420357314355</joint><joint name="RShoulderRoll">0.314159265359</joint><joint name="RWristYaw">0.400331406518</joint><joint name="HeadYaw">0.289724655831</joint><joint name="RHipPitch">0.259204083201</joint><joint name="HeadPitch">0.338593874887</joint><joint name="RElbowYaw">-0.00157596250138</joint><joint name="RHand">0.6784</joint><joint name="LElbowRoll">-0.202445975927</joint><joint name="LShoulderRoll">0.196309398277</joint><joint name="RHipYawPitch">-0.372720297751</joint><joint name="LHand">0.264</joint><joint name="LAnkleRoll">-0.248466817643</joint><joint name="LHipYawPitch">-0.357380598955</joint><joint name="RAnkleRoll">-0.0904640803223</joint><joint name="RAnklePitch">0.0828780067285</joint><joint name="LKneePitch">-0.0798098924364</joint><joint name="LHipRoll">0.329851520664</joint><joint name="RHipRoll">0.14116990935</joint><joint name="RShoulderPitch">0.995607363837</joint><joint name="RElbowRoll">0.257753714593</joint><joint name="RKneePitch">-0.0904640803223</joint></state><state><joint name="LShoulderPitch">1.85610529962</joint><joint name="LHipPitch">0.185655908522</joint><joint name="LElbowYaw">-0.618244490275</joint><joint name="LAnklePitch">0.0444441112703</joint><joint name="LWristYaw">-0.420357314355</joint><joint name="RShoulderRoll">-0.59515727493</joint><joint name="RWristYaw">0.400331406518</joint><joint name="HeadYaw">0.289724655831</joint><joint name="RHipPitch">0.101202044012</joint><joint name="HeadPitch">0.338593874887</joint><joint name="RElbowYaw">-0.460766922527</joint><joint name="RHand">0.3</joint><joint name="LElbowRoll">-0.202445975927</joint><joint name="LShoulderRoll">0.196309398277</joint><joint name="RHipYawPitch">-0.372720297751</joint><joint name="LHand">0.264</joint><joint name="LAnkleRoll">0.0629360492281</joint><joint name="LHipYawPitch">-0.372720297751</joint><joint name="RAnkleRoll">0.263890292243</joint><joint name="RAnklePitch">0.0920820005389</joint><joint name="LKneePitch">-0.0905480306593</joint><joint name="LHipRoll">-0.144154073305</joint><joint name="RHipRoll">-0.297554202856</joint><joint name="RShoulderPitch">0.995607363837</joint><joint name="RElbowRoll">1.45909525467</joint><joint name="RKneePitch">-0.0904640803223</joint></state><state><joint name="LShoulderPitch">1.747179301</joint><joint name="LHipPitch">0.185655908522</joint><joint name="LElbowYaw">-0.380474795618</joint><joint name="LAnklePitch">0.0444441112703</joint><joint name="LWristYaw">-0.395814494414</joint><joint name="RShoulderRoll">-0.59515727493</joint><joint name="RWristYaw">0.400331406518</joint><joint name="HeadYaw">-0.745255590602</joint><joint name="RHipPitch">0.101202044012</joint><joint name="HeadPitch">-0.476474885794</joint><joint name="RElbowYaw">-0.460766922527</joint><joint name="RHand">0.3</joint><joint name="LElbowRoll">-0.369652008926</joint><joint name="LShoulderRoll">0.242330239993</joint><joint name="RHipYawPitch">-0.372720297751</joint><joint name="LHand">0.2648</joint><joint name="LAnkleRoll">0.0629360492281</joint><joint name="LHipYawPitch">-0.372720297751</joint><joint name="RAnkleRoll">0.263890292243</joint><joint name="RAnklePitch">0.0920820005389</joint><joint name="LKneePitch">-0.0905480306593</joint><joint name="LHipRoll">-0.144154073305</joint><joint name="RHipRoll">-0.297554202856</joint><joint name="RShoulderPitch">0.995607363837</joint><joint name="RElbowRoll">1.45909525467</joint><joint name="RKneePitch">-0.0904640803223</joint></state><state><joint name="LShoulderPitch">1.747179301</joint><joint name="LHipPitch">0.185655908522</joint><joint name="LElbowYaw">-0.380474795618</joint><joint name="LAnklePitch">0.0444441112703</joint><joint name="LWristYaw">-0.395814494414</joint><joint name="RShoulderRoll">-0.328317376251</joint><joint name="RWristYaw">0.107338098064</joint><joint name="HeadYaw">-0.745255590602</joint><joint name="RHipPitch">0.101202044012</joint><joint name="HeadPitch">-0.476474885794</joint><joint name="RElbowYaw">-0.851411751696</joint><joint name="RHand">0.678</joint><joint name="LElbowRoll">-0.369652008926</joint><joint name="LShoulderRoll">0.242330239993</joint><joint name="RHipYawPitch">-0.372720297751</joint><joint name="LHand">0.2648</joint><joint name="LAnkleRoll">0.0629360492281</joint><joint name="LHipYawPitch">-0.372720297751</joint><joint name="RAnkleRoll">0.263890292243</joint><joint name="RAnklePitch">0.0920820005389</joint><joint name="LKneePitch">-0.0905480306593</joint><joint name="LHipRoll">-0.144154073305</joint><joint name="RHipRoll">-0.297554202856</joint><joint name="RShoulderPitch">-1.19187661954</joint><joint name="RElbowRoll">0.138101969591</joint><joint name="RKneePitch">-0.0904640803223</joint></state><state><joint name="LShoulderPitch">1.747179301</joint><joint name="LHipPitch">0.185655908522</joint><joint name="LElbowYaw">-0.380474795618</joint><joint name="LAnklePitch">0.0444441112703</joint><joint name="LWristYaw">-0.395814494414</joint><joint name="RShoulderRoll">-0.328317376251</joint><joint name="RWristYaw">0.107338098064</joint><joint name="HeadYaw">-0.745255590602</joint><joint name="RHipPitch">0.101202044012</joint><joint name="HeadPitch">-0.476474885794</joint><joint name="RElbowYaw">-0.851411751696</joint><joint name="RHand">0.678</joint><joint name="LElbowRoll">-0.369652008926</joint><joint name="LShoulderRoll">0.242330239993</joint><joint name="RHipYawPitch">-0.372720297751</joint><joint name="LHand">0.2648</joint><joint name="LAnkleRoll">0.0629360492281</joint><joint name="LHipYawPitch">-0.372720297751</joint><joint name="RAnkleRoll">0.263890292243</joint><joint name="RAnklePitch">0.0920820005389</joint><joint name="LKneePitch">-0.0905480306593</joint><joint name="LHipRoll">-0.144154073305</joint><joint name="RHipRoll">-0.297554202856</joint><joint name="RShoulderPitch">-1.19187661954</joint><joint name="RElbowRoll">0.138101969591</joint><joint name="RKneePitch">-0.0904640803223</joint></state><state><joint name="LShoulderPitch">1.747179301</joint><joint name="LHipPitch">0.147305963401</joint><joint name="LElbowYaw">-0.380474795618</joint><joint name="LAnklePitch">0.161028091046</joint><joint name="LWristYaw">-0.395814494414</joint><joint name="RShoulderRoll">-0.59515727493</joint><joint name="RWristYaw">0.107338098064</joint><joint name="HeadYaw">-0.745255590602</joint><joint name="RHipPitch">0.259204083201</joint><joint name="HeadPitch">-0.476474885794</joint><joint name="RElbowYaw">-0.0750491578358</joint><joint name="RHand">0.3</joint><joint name="LElbowRoll">-0.369652008926</joint><joint name="LShoulderRoll">0.242330239993</joint><joint name="RHipYawPitch">-0.372720297751</joint><joint name="LHand">0.2648</joint><joint name="LAnkleRoll">-0.248466817643</joint><joint name="LHipYawPitch">-0.357380598955</joint><joint name="RAnkleRoll">-0.0904640803223</joint><joint name="RAnklePitch">0.0828780067285</joint><joint name="LKneePitch">-0.0798098924364</joint><joint name="LHipRoll">0.329851520664</joint><joint name="RHipRoll">0.14116990935</joint><joint name="RShoulderPitch">-1.19187661954</joint><joint name="RElbowRoll">1.308996939</joint><joint name="RKneePitch">-0.0904640803223</joint></state><state><joint name="LShoulderPitch">1.85610529962</joint><joint name="LHipPitch">0.147305963401</joint><joint name="LElbowYaw">-0.618244490275</joint><joint name="LAnklePitch">0.161028091046</joint><joint name="LWristYaw">-0.420357314355</joint><joint name="RShoulderRoll">-0.59515727493</joint><joint name="RWristYaw">0.107338098064</joint><joint name="HeadYaw">0.289724655831</joint><joint name="RHipPitch">0.259204083201</joint><joint name="HeadPitch">0.338593874887</joint><joint name="RElbowYaw">-0.0750491578358</joint><joint name="RHand">0.3</joint><joint name="LElbowRoll">-0.202445975927</joint><joint name="LShoulderRoll">0.196309398277</joint><joint name="RHipYawPitch">-0.372720297751</joint><joint name="LHand">0.264</joint><joint name="LAnkleRoll">-0.248466817643</joint><joint name="LHipYawPitch">-0.357380598955</joint><joint name="RAnkleRoll">-0.0904640803223</joint><joint name="RAnklePitch">0.0828780067285</joint><joint name="LKneePitch">-0.0798098924364</joint><joint name="LHipRoll">0.329851520664</joint><joint name="RHipRoll">0.14116990935</joint><joint name="RShoulderPitch">-1.19187661954</joint><joint name="RElbowRoll">1.308996939</joint><joint name="RKneePitch">-0.0904640803223</joint></state><state><joint name="LShoulderPitch">1.85610529962</joint><joint name="LHipPitch">0.147305963401</joint><joint name="LElbowYaw">-0.618244490275</joint><joint name="LAnklePitch">0.161028091046</joint><joint name="LWristYaw">-0.420357314355</joint><joint name="RShoulderRoll">0.314159265359</joint><joint name="RWristYaw">0.400331406518</joint><joint name="HeadYaw">0.289724655831</joint><joint name="RHipPitch">0.259204083201</joint><joint name="HeadPitch">0.338593874887</joint><joint name="RElbowYaw">-0.00157596250138</joint><joint name="RHand">0.6784</joint><joint name="LElbowRoll">-0.202445975927</joint><joint name="LShoulderRoll">0.196309398277</joint><joint name="RHipYawPitch">-0.372720297751</joint><joint name="LHand">0.264</joint><joint name="LAnkleRoll">-0.248466817643</joint><joint name="LHipYawPitch">-0.357380598955</joint><joint name="RAnkleRoll">-0.0904640803223</joint><joint name="RAnklePitch">0.0828780067285</joint><joint name="LKneePitch">-0.0798098924364</joint><joint name="LHipRoll">0.329851520664</joint><joint name="RHipRoll">0.14116990935</joint><joint name="RShoulderPitch">0.995607363837</joint><joint name="RElbowRoll">0.257753714593</joint><joint name="RKneePitch">-0.0904640803223</joint></state><state><joint name="LShoulderPitch">1.85610529962</joint><joint name="LHipPitch">0.147305963401</joint><joint name="LElbowYaw">-0.618244490275</joint><joint name="LAnklePitch">0.161028091046</joint><joint name="LWristYaw">-0.420357314355</joint><joint name="RShoulderRoll">0.314159265359</joint><joint name="RWristYaw">0.400331406518</joint><joint name="HeadYaw">0.289724655831</joint><joint name="RHipPitch">0.259204083201</joint><joint name="HeadPitch">0.338593874887</joint><joint name="RElbowYaw">-0.00157596250138</joint><joint name="RHand">0.6784</joint><joint name="LElbowRoll">-0.202445975927</joint><joint name="LShoulderRoll">0.196309398277</joint><joint name="RHipYawPitch">-0.372720297751</joint><joint name="LHand">0.264</joint><joint name="LAnkleRoll">-0.248466817643</joint><joint name="LHipYawPitch">-0.357380598955</joint><joint name="RAnkleRoll">-0.0904640803223</joint><joint name="RAnklePitch">0.0828780067285</joint><joint name="LKneePitch">-0.0798098924364</joint><joint name="LHipRoll">0.329851520664</joint><joint name="RHipRoll">0.14116990935</joint><joint name="RShoulderPitch">0.995607363837</joint><joint name="RElbowRoll">0.257753714593</joint><joint name="RKneePitch">-0.0904640803223</joint></state><state><joint name="LShoulderPitch">1.85610529962</joint><joint name="LHipPitch">0.185655908522</joint><joint name="LElbowYaw">-0.618244490275</joint><joint name="LAnklePitch">0.0444441112703</joint><joint name="LWristYaw">-0.420357314355</joint><joint name="RShoulderRoll">-0.59515727493</joint><joint name="RWristYaw">0.400331406518</joint><joint name="HeadYaw">0.289724655831</joint><joint name="RHipPitch">0.101202044012</joint><joint name="HeadPitch">0.338593874887</joint><joint name="RElbowYaw">-0.460766922527</joint><joint name="RHand">0.3</joint><joint name="LElbowRoll">-0.202445975927</joint><joint name="LShoulderRoll">0.196309398277</joint><joint name="RHipYawPitch">-0.372720297751</joint><joint name="LHand">0.264</joint><joint name="LAnkleRoll">0.0629360492281</joint><joint name="LHipYawPitch">-0.372720297751</joint><joint name="RAnkleRoll">0.263890292243</joint><joint name="RAnklePitch">0.0920820005389</joint><joint name="LKneePitch">-0.0905480306593</joint><joint name="LHipRoll">-0.144154073305</joint><joint name="RHipRoll">-0.297554202856</joint><joint name="RShoulderPitch">0.995607363837</joint><joint name="RElbowRoll">1.45909525467</joint><joint name="RKneePitch">-0.0904640803223</joint></state><state><joint name="LShoulderPitch">1.747179301</joint><joint name="LHipPitch">0.185655908522</joint><joint name="LElbowYaw">-0.380474795618</joint><joint name="LAnklePitch">0.0444441112703</joint><joint name="LWristYaw">-0.395814494414</joint><joint name="RShoulderRoll">-0.59515727493</joint><joint name="RWristYaw">0.400331406518</joint><joint name="HeadYaw">-0.745255590602</joint><joint name="RHipPitch">0.101202044012</joint><joint name="HeadPitch">-0.476474885794</joint><joint name="RElbowYaw">-0.460766922527</joint><joint name="RHand">0.3</joint><joint name="LElbowRoll">-0.369652008926</joint><joint name="LShoulderRoll">0.242330239993</joint><joint name="RHipYawPitch">-0.372720297751</joint><joint name="LHand">0.2648</joint><joint name="LAnkleRoll">0.0629360492281</joint><joint name="LHipYawPitch">-0.372720297751</joint><joint name="RAnkleRoll">0.263890292243</joint><joint name="RAnklePitch">0.0920820005389</joint><joint name="LKneePitch">-0.0905480306593</joint><joint name="LHipRoll">-0.144154073305</joint><joint name="RHipRoll">-0.297554202856</joint><joint name="RShoulderPitch">0.995607363837</joint><joint name="RElbowRoll">1.45909525467</joint><joint name="RKneePitch">-0.0904640803223</joint></state><state><joint name="LShoulderPitch">1.747179301</joint><joint name="LHipPitch">0.185655908522</joint><joint name="LElbowYaw">-0.380474795618</joint><joint name="LAnklePitch">0.0444441112703</joint><joint name="LWristYaw">-0.395814494414</joint><joint name="RShoulderRoll">-0.328317376251</joint><joint name="RWristYaw">0.107338098064</joint><joint name="HeadYaw">-0.745255590602</joint><joint name="RHipPitch">0.101202044012</joint><joint name="HeadPitch">-0.476474885794</joint><joint name="RElbowYaw">-0.851411751696</joint><joint name="RHand">0.678</joint><joint name="LElbowRoll">-0.369652008926</joint><joint name="LShoulderRoll">0.242330239993</joint><joint name="RHipYawPitch">-0.372720297751</joint><joint name="LHand">0.2648</joint><joint name="LAnkleRoll">0.0629360492281</joint><joint name="LHipYawPitch">-0.372720297751</joint><joint name="RAnkleRoll">0.263890292243</joint><joint name="RAnklePitch">0.0920820005389</joint><joint name="LKneePitch">-0.0905480306593</joint><joint name="LHipRoll">-0.144154073305</joint><joint name="RHipRoll">-0.297554202856</joint><joint name="RShoulderPitch">-1.19187661954</joint><joint name="RElbowRoll">0.138101969591</joint><joint name="RKneePitch">-0.0904640803223</joint></state><state><joint name="LShoulderPitch">1.747179301</joint><joint name="LHipPitch">0.185655908522</joint><joint name="LElbowYaw">-0.380474795618</joint><joint name="LAnklePitch">0.0444441112703</joint><joint name="LWristYaw">-0.395814494414</joint><joint name="RShoulderRoll">-0.328317376251</joint><joint name="RWristYaw">0.107338098064</joint><joint name="HeadYaw">-0.745255590602</joint><joint name="RHipPitch">0.101202044012</joint><joint name="HeadPitch">-0.476474885794</joint><joint name="RElbowYaw">-0.851411751696</joint><joint name="RHand">0.678</joint><joint name="LElbowRoll">-0.369652008926</joint><joint name="LShoulderRoll">0.242330239993</joint><joint name="RHipYawPitch">-0.372720297751</joint><joint name="LHand">0.2648</joint><joint name="LAnkleRoll">0.0629360492281</joint><joint name="LHipYawPitch">-0.372720297751</joint><joint name="RAnkleRoll">0.263890292243</joint><joint name="RAnklePitch">0.0920820005389</joint><joint name="LKneePitch">-0.0905480306593</joint><joint name="LHipRoll">-0.144154073305</joint><joint name="RHipRoll">-0.297554202856</joint><joint name="RShoulderPitch">-1.19187661954</joint><joint name="RElbowRoll">0.138101969591</joint><joint name="RKneePitch">-0.0904640803223</joint></state><state><joint name="LShoulderPitch">1.747179301</joint><joint name="LHipPitch">0.147305963401</joint><joint name="LElbowYaw">-0.380474795618</joint><joint name="LAnklePitch">0.161028091046</joint><joint name="LWristYaw">-0.395814494414</joint><joint name="RShoulderRoll">-0.59515727493</joint><joint name="RWristYaw">0.107338098064</joint><joint name="HeadYaw">-0.745255590602</joint><joint name="RHipPitch">0.259204083201</joint><joint name="HeadPitch">-0.476474885794</joint><joint name="RElbowYaw">-0.0750491578358</joint><joint name="RHand">0.3</joint><joint name="LElbowRoll">-0.369652008926</joint><joint name="LShoulderRoll">0.242330239993</joint><joint name="RHipYawPitch">-0.372720297751</joint><joint name="LHand">0.2648</joint><joint name="LAnkleRoll">-0.248466817643</joint><joint name="LHipYawPitch">-0.357380598955</joint><joint name="RAnkleRoll">-0.0904640803223</joint><joint name="RAnklePitch">0.0828780067285</joint><joint name="LKneePitch">-0.0798098924364</joint><joint name="LHipRoll">0.329851520664</joint><joint name="RHipRoll">0.14116990935</joint><joint name="RShoulderPitch">-1.19187661954</joint><joint name="RElbowRoll">1.308996939</joint><joint name="RKneePitch">-0.0904640803223</joint></state><state><joint name="LShoulderPitch">1.85610529962</joint><joint name="LHipPitch">0.147305963401</joint><joint name="LElbowYaw">-0.618244490275</joint><joint name="LAnklePitch">0.161028091046</joint><joint name="LWristYaw">-0.420357314355</joint><joint name="RShoulderRoll">-0.59515727493</joint><joint name="RWristYaw">0.107338098064</joint><joint name="HeadYaw">0.289724655831</joint><joint name="RHipPitch">0.259204083201</joint><joint name="HeadPitch">0.338593874887</joint><joint name="RElbowYaw">-0.0750491578358</joint><joint name="RHand">0.3</joint><joint name="LElbowRoll">-0.202445975927</joint><joint name="LShoulderRoll">0.196309398277</joint><joint name="RHipYawPitch">-0.372720297751</joint><joint name="LHand">0.264</joint><joint name="LAnkleRoll">-0.248466817643</joint><joint name="LHipYawPitch">-0.357380598955</joint><joint name="RAnkleRoll">-0.0904640803223</joint><joint name="RAnklePitch">0.0828780067285</joint><joint name="LKneePitch">-0.0798098924364</joint><joint name="LHipRoll">0.329851520664</joint><joint name="RHipRoll">0.14116990935</joint><joint name="RShoulderPitch">-1.19187661954</joint><joint name="RElbowRoll">1.308996939</joint><joint name="RKneePitch">-0.0904640803223</joint></state><state><joint name="LShoulderPitch">1.85610529962</joint><joint name="LHipPitch">0.147305963401</joint><joint name="LElbowYaw">-0.618244490275</joint><joint name="LAnklePitch">0.161028091046</joint><joint name="LWristYaw">-0.420357314355</joint><joint name="RShoulderRoll">0.314159265359</joint><joint name="RWristYaw">0.400331406518</joint><joint name="HeadYaw">0.289724655831</joint><joint name="RHipPitch">0.259204083201</joint><joint name="HeadPitch">0.338593874887</joint><joint name="RElbowYaw">-0.00157596250138</joint><joint name="RHand">0.6784</joint><joint name="LElbowRoll">-0.202445975927</joint><joint name="LShoulderRoll">0.196309398277</joint><joint name="RHipYawPitch">-0.372720297751</joint><joint name="LHand">0.264</joint><joint name="LAnkleRoll">-0.248466817643</joint><joint name="LHipYawPitch">-0.357380598955</joint><joint name="RAnkleRoll">-0.0904640803223</joint><joint name="RAnklePitch">0.0828780067285</joint><joint name="LKneePitch">-0.0798098924364</joint><joint name="LHipRoll">0.329851520664</joint><joint name="RHipRoll">0.14116990935</joint><joint name="RShoulderPitch">0.995607363837</joint><joint name="RElbowRoll">0.257753714593</joint><joint name="RKneePitch">-0.0904640803223</joint></state><state><joint name="LShoulderPitch">1.21474915939</joint><joint name="LHipPitch">0.147305963401</joint><joint name="LElbowYaw">-1.65631746014</joint><joint name="LAnklePitch">0.161028091046</joint><joint name="LWristYaw">-0.420357314355</joint><joint name="RShoulderRoll">0.314159265359</joint><joint name="RWristYaw">0.400331406518</joint><joint name="HeadYaw">0.289724655831</joint><joint name="RHipPitch">0.259204083201</joint><joint name="HeadPitch">0.338593874887</joint><joint name="RElbowYaw">-0.00157596250138</joint><joint name="RHand">0.6784</joint><joint name="LElbowRoll">-1.54461638801</joint><joint name="LShoulderRoll">0.165806278939</joint><joint name="RHipYawPitch">-0.372720297751</joint><joint name="LHand">0.13</joint><joint name="LAnkleRoll">-0.248466817643</joint><joint name="LHipYawPitch">-0.357380598955</joint><joint name="RAnkleRoll">-0.0904640803223</joint><joint name="RAnklePitch">0.0828780067285</joint><joint name="LKneePitch">-0.0798098924364</joint><joint name="LHipRoll">0.329851520664</joint><joint name="RHipRoll">0.14116990935</joint><joint name="RShoulderPitch">0.995607363837</joint><joint name="RElbowRoll">0.257753714593</joint><joint name="RKneePitch">-0.0904640803223</joint></state><state><joint name="LShoulderPitch">1.21474915939</joint><joint name="LHipPitch">0.101202044012</joint><joint name="LElbowYaw">-1.65631746014</joint><joint name="LAnklePitch">0.0920820005389</joint><joint name="LWristYaw">-0.420357314355</joint><joint name="RShoulderRoll">-0.165806278939</joint><joint name="RWristYaw">0.400331406518</joint><joint name="HeadYaw">0.289724655831</joint><joint name="RHipPitch">0.185655908522</joint><joint name="HeadPitch">0.338593874887</joint><joint name="RElbowYaw">1.65631746014</joint><joint name="RHand">0.13</joint><joint name="LElbowRoll">-1.54461638801</joint><joint name="LShoulderRoll">0.165806278939</joint><joint name="RHipYawPitch">-0.372720297751</joint><joint name="LHand">0.13</joint><joint name="LAnkleRoll">-0.263890292243</joint><joint name="LHipYawPitch">-0.372720297751</joint><joint name="RAnkleRoll">-0.0629360492281</joint><joint name="RAnklePitch">0.0444441112703</joint><joint name="LKneePitch">-0.0904640803223</joint><joint name="LHipRoll">0.297554202856</joint><joint name="RHipRoll">0.144154073305</joint><joint name="RShoulderPitch">1.21474915939</joint><joint name="RElbowRoll">1.54461638801</joint><joint name="RKneePitch">-0.0905480306593</joint></state><state><joint name="LShoulderPitch">1.21474915939</joint><joint name="LHipPitch">0.101202044012</joint><joint name="LElbowYaw">-1.65631746014</joint><joint name="LAnklePitch">0.0920820005389</joint><joint name="LWristYaw">-0.107338098064</joint><joint name="RShoulderRoll">-0.242330239993</joint><joint name="RWristYaw">0.395814494414</joint><joint name="HeadYaw">0.745255590602</joint><joint name="RHipPitch">0.185655908522</joint><joint name="HeadPitch">-0.476474885794</joint><joint name="RElbowYaw">0.380474795618</joint><joint name="RHand">0.2648</joint><joint name="LElbowRoll">-1.54461638801</joint><joint name="LShoulderRoll">0.165806278939</joint><joint name="RHipYawPitch">-0.372720297751</joint><joint name="LHand">0.13</joint><joint name="LAnkleRoll">-0.263890292243</joint><joint name="LHipYawPitch">-0.372720297751</joint><joint name="RAnkleRoll">-0.0629360492281</joint><joint name="RAnklePitch">0.0444441112703</joint><joint name="LKneePitch">-0.0904640803223</joint><joint name="LHipRoll">0.297554202856</joint><joint name="RHipRoll">0.144154073305</joint><joint name="RShoulderPitch">1.747179301</joint><joint name="RElbowRoll">0.369652008926</joint><joint name="RKneePitch">-0.0905480306593</joint></state><state><joint name="LShoulderPitch">-1.19187661954</joint><joint name="LHipPitch">0.101202044012</joint><joint name="LElbowYaw">0.851411751696</joint><joint name="LAnklePitch">0.0920820005389</joint><joint name="LWristYaw">-0.107338098064</joint><joint name="RShoulderRoll">-0.242330239993</joint><joint name="RWristYaw">0.395814494414</joint><joint name="HeadYaw">0.745255590602</joint><joint name="RHipPitch">0.185655908522</joint><joint name="HeadPitch">-0.476474885794</joint><joint name="RElbowYaw">0.380474795618</joint><joint name="RHand">0.2648</joint><joint name="LElbowRoll">-0.138101969591</joint><joint name="LShoulderRoll">0.328317376251</joint><joint name="RHipYawPitch">-0.372720297751</joint><joint name="LHand">0.678</joint><joint name="LAnkleRoll">-0.263890292243</joint><joint name="LHipYawPitch">-0.372720297751</joint><joint name="RAnkleRoll">-0.0629360492281</joint><joint name="RAnklePitch">0.0444441112703</joint><joint name="LKneePitch">-0.0904640803223</joint><joint name="LHipRoll">0.297554202856</joint><joint name="RHipRoll">0.144154073305</joint><joint name="RShoulderPitch">1.747179301</joint><joint name="RElbowRoll">0.369652008926</joint><joint name="RKneePitch">-0.0905480306593</joint></state><state><joint name="LShoulderPitch">-1.19187661954</joint><joint name="LHipPitch">0.101202044012</joint><joint name="LElbowYaw">0.851411751696</joint><joint name="LAnklePitch">0.0920820005389</joint><joint name="LWristYaw">-0.107338098064</joint><joint name="RShoulderRoll">-0.242330239993</joint><joint name="RWristYaw">0.395814494414</joint><joint name="HeadYaw">0.745255590602</joint><joint name="RHipPitch">0.185655908522</joint><joint name="HeadPitch">-0.476474885794</joint><joint name="RElbowYaw">0.380474795618</joint><joint name="RHand">0.2648</joint><joint name="LElbowRoll">-0.138101969591</joint><joint name="LShoulderRoll">0.328317376251</joint><joint name="RHipYawPitch">-0.372720297751</joint><joint name="LHand">0.678</joint><joint name="LAnkleRoll">-0.263890292243</joint><joint name="LHipYawPitch">-0.372720297751</joint><joint name="RAnkleRoll">-0.0629360492281</joint><joint name="RAnklePitch">0.0444441112703</joint><joint name="LKneePitch">-0.0904640803223</joint><joint name="LHipRoll">0.297554202856</joint><joint name="RHipRoll">0.144154073305</joint><joint name="RShoulderPitch">1.747179301</joint><joint name="RElbowRoll">0.369652008926</joint><joint name="RKneePitch">-0.0905480306593</joint></state><state><joint name="LShoulderPitch">-1.19187661954</joint><joint name="LHipPitch">0.259204083201</joint><joint name="LElbowYaw">0.0750491578358</joint><joint name="LAnklePitch">0.0828780067285</joint><joint name="LWristYaw">-0.107338098064</joint><joint name="RShoulderRoll">-0.242330239993</joint><joint name="RWristYaw">0.395814494414</joint><joint name="HeadYaw">0.745255590602</joint><joint name="RHipPitch">0.147305963401</joint><joint name="HeadPitch">-0.476474885794</joint><joint name="RElbowYaw">0.380474795618</joint><joint name="RHand">0.2648</joint><joint name="LElbowRoll">-1.308996939</joint><joint name="LShoulderRoll">0.59515727493</joint><joint name="RHipYawPitch">-0.372720297751</joint><joint name="LHand">0.3</joint><joint name="LAnkleRoll">0.0904640803223</joint><joint name="LHipYawPitch">-0.357380598955</joint><joint name="RAnkleRoll">0.248466817643</joint><joint name="RAnklePitch">0.161028091046</joint><joint name="LKneePitch">-0.0904640803223</joint><joint name="LHipRoll">-0.14116990935</joint><joint name="RHipRoll">-0.329851520664</joint><joint name="RShoulderPitch">1.747179301</joint><joint name="RElbowRoll">0.369652008926</joint><joint name="RKneePitch">-0.0798098924364</joint></state><state><joint name="LShoulderPitch">-1.19187661954</joint><joint name="LHipPitch">0.259204083201</joint><joint name="LElbowYaw">0.0750491578358</joint><joint name="LAnklePitch">0.0828780067285</joint><joint name="LWristYaw">-0.107338098064</joint><joint name="RShoulderRoll">-0.196309398277</joint><joint name="RWristYaw">0.420357314355</joint><joint name="HeadYaw">-0.289724655831</joint><joint name="RHipPitch">0.147305963401</joint><joint name="HeadPitch">0.338593874887</joint><joint name="RElbowYaw">0.618244490275</joint><joint name="RHand">0.264</joint><joint name="LElbowRoll">-1.308996939</joint><joint name="LShoulderRoll">0.59515727493</joint><joint name="RHipYawPitch">-0.372720297751</joint><joint name="LHand">0.3</joint><joint name="LAnkleRoll">0.0904640803223</joint><joint name="LHipYawPitch">-0.357380598955</joint><joint name="RAnkleRoll">0.248466817643</joint><joint name="RAnklePitch">0.161028091046</joint><joint name="LKneePitch">-0.0904640803223</joint><joint name="LHipRoll">-0.14116990935</joint><joint name="RHipRoll">-0.329851520664</joint><joint name="RShoulderPitch">1.85610529962</joint><joint name="RElbowRoll">0.202445975927</joint><joint name="RKneePitch">-0.0798098924364</joint></state><state><joint name="LShoulderPitch">0.995607363837</joint><joint name="LHipPitch">0.259204083201</joint><joint name="LElbowYaw">0.00157596250138</joint><joint name="LAnklePitch">0.0828780067285</joint><joint name="LWristYaw">-0.400331406518</joint><joint name="RShoulderRoll">-0.196309398277</joint><joint name="RWristYaw">0.420357314355</joint><joint name="HeadYaw">-0.289724655831</joint><joint name="RHipPitch">0.147305963401</joint><joint name="HeadPitch">0.338593874887</joint><joint name="RElbowYaw">0.618244490275</joint><joint name="RHand">0.264</joint><joint name="LElbowRoll">-0.257753714593</joint><joint name="LShoulderRoll">-0.314159265359</joint><joint name="RHipYawPitch">-0.372720297751</joint><joint name="LHand">0.6784</joint><joint name="LAnkleRoll">0.0904640803223</joint><joint name="LHipYawPitch">-0.357380598955</joint><joint name="RAnkleRoll">0.248466817643</joint><joint name="RAnklePitch">0.161028091046</joint><joint name="LKneePitch">-0.0904640803223</joint><joint name="LHipRoll">-0.14116990935</joint><joint name="RHipRoll">-0.329851520664</joint><joint name="RShoulderPitch">1.85610529962</joint><joint name="RElbowRoll">0.202445975927</joint><joint name="RKneePitch">-0.0798098924364</joint></state><state><joint name="LShoulderPitch">0.995607363837</joint><joint name="LHipPitch">0.259204083201</joint><joint name="LElbowYaw">0.00157596250138</joint><joint name="LAnklePitch">0.0828780067285</joint><joint name="LWristYaw">-0.400331406518</joint><joint name="RShoulderRoll">-0.196309398277</joint><joint name="RWristYaw">0.420357314355</joint><joint name="HeadYaw">-0.289724655831</joint><joint name="RHipPitch">0.147305963401</joint><joint name="HeadPitch">0.338593874887</joint><joint name="RElbowYaw">0.618244490275</joint><joint name="RHand">0.264</joint><joint name="LElbowRoll">-0.257753714593</joint><joint name="LShoulderRoll">-0.314159265359</joint><joint name="RHipYawPitch">-0.372720297751</joint><joint name="LHand">0.6784</joint><joint name="LAnkleRoll">0.0904640803223</joint><joint name="LHipYawPitch">-0.357380598955</joint><joint name="RAnkleRoll">0.248466817643</joint><joint name="RAnklePitch">0.161028091046</joint><joint name="LKneePitch">-0.0904640803223</joint><joint name="LHipRoll">-0.14116990935</joint><joint name="RHipRoll">-0.329851520664</joint><joint name="RShoulderPitch">1.85610529962</joint><joint name="RElbowRoll">0.202445975927</joint><joint name="RKneePitch">-0.0798098924364</joint></state><state><joint name="LShoulderPitch">0.995607363837</joint><joint name="LHipPitch">0.101202044012</joint><joint name="LElbowYaw">0.460766922527</joint><joint name="LAnklePitch">0.0920820005389</joint><joint name="LWristYaw">-0.400331406518</joint><joint name="RShoulderRoll">-0.196309398277</joint><joint name="RWristYaw">0.420357314355</joint><joint name="HeadYaw">-0.289724655831</joint><joint name="RHipPitch">0.185655908522</joint><joint name="HeadPitch">0.338593874887</joint><joint name="RElbowYaw">0.618244490275</joint><joint name="RHand">0.264</joint><joint name="LElbowRoll">-1.45909525467</joint><joint name="LShoulderRoll">0.59515727493</joint><joint name="RHipYawPitch">-0.372720297751</joint><joint name="LHand">0.3</joint><joint name="LAnkleRoll">-0.263890292243</joint><joint name="LHipYawPitch">-0.372720297751</joint><joint name="RAnkleRoll">-0.0629360492281</joint><joint name="RAnklePitch">0.0444441112703</joint><joint name="LKneePitch">-0.0904640803223</joint><joint name="LHipRoll">0.297554202856</joint><joint name="RHipRoll">0.144154073305</joint><joint name="RShoulderPitch">1.85610529962</joint><joint name="RElbowRoll">0.202445975927</joint><joint name="RKneePitch">-0.0905480306593</joint></state><state><joint name="LShoulderPitch">0.995607363837</joint><joint name="LHipPitch">0.101202044012</joint><joint name="LElbowYaw">0.460766922527</joint><joint name="LAnklePitch">0.0920820005389</joint><joint name="LWristYaw">-0.400331406518</joint><joint name="RShoulderRoll">-0.242330239993</joint><joint name="RWristYaw">0.395814494414</joint><joint name="HeadYaw">0.745255590602</joint><joint name="RHipPitch">0.185655908522</joint><joint name="HeadPitch">-0.476474885794</joint><joint name="RElbowYaw">0.380474795618</joint><joint name="RHand">0.2648</joint><joint name="LElbowRoll">-1.45909525467</joint><joint name="LShoulderRoll">0.59515727493</joint><joint name="RHipYawPitch">-0.372720297751</joint><joint name="LHand">0.3</joint><joint name="LAnkleRoll">-0.263890292243</joint><joint name="LHipYawPitch">-0.372720297751</joint><joint name="RAnkleRoll">-0.0629360492281</joint><joint name="RAnklePitch">0.0444441112703</joint><joint name="LKneePitch">-0.0904640803223</joint><joint name="LHipRoll">0.297554202856</joint><joint name="RHipRoll">0.144154073305</joint><joint name="RShoulderPitch">1.747179301</joint><joint name="RElbowRoll">0.369652008926</joint><joint name="RKneePitch">-0.0905480306593</joint></state><state><joint name="LShoulderPitch">-1.19187661954</joint><joint name="LHipPitch">0.101202044012</joint><joint name="LElbowYaw">0.851411751696</joint><joint name="LAnklePitch">0.0920820005389</joint><joint name="LWristYaw">-0.107338098064</joint><joint name="RShoulderRoll">-0.242330239993</joint><joint name="RWristYaw">0.395814494414</joint><joint name="HeadYaw">0.745255590602</joint><joint name="RHipPitch">0.185655908522</joint><joint name="HeadPitch">-0.476474885794</joint><joint name="RElbowYaw">0.380474795618</joint><joint name="RHand">0.2648</joint><joint name="LElbowRoll">-0.138101969591</joint><joint name="LShoulderRoll">0.328317376251</joint><joint name="RHipYawPitch">-0.372720297751</joint><joint name="LHand">0.678</joint><joint name="LAnkleRoll">-0.263890292243</joint><joint name="LHipYawPitch">-0.372720297751</joint><joint name="RAnkleRoll">-0.0629360492281</joint><joint name="RAnklePitch">0.0444441112703</joint><joint name="LKneePitch">-0.0904640803223</joint><joint name="LHipRoll">0.297554202856</joint><joint name="RHipRoll">0.144154073305</joint><joint name="RShoulderPitch">1.747179301</joint><joint name="RElbowRoll">0.369652008926</joint><joint name="RKneePitch">-0.0905480306593</joint></state><state><joint name="LShoulderPitch">-1.19187661954</joint><joint name="LHipPitch">0.101202044012</joint><joint name="LElbowYaw">0.851411751696</joint><joint name="LAnklePitch">0.0920820005389</joint><joint name="LWristYaw">-0.107338098064</joint><joint name="RShoulderRoll">-0.242330239993</joint><joint name="RWristYaw">0.395814494414</joint><joint name="HeadYaw">0.745255590602</joint><joint name="RHipPitch">0.185655908522</joint><joint name="HeadPitch">-0.476474885794</joint><joint name="RElbowYaw">0.380474795618</joint><joint name="RHand">0.2648</joint><joint name="LElbowRoll">-0.138101969591</joint><joint name="LShoulderRoll">0.328317376251</joint><joint name="RHipYawPitch">-0.372720297751</joint><joint name="LHand">0.678</joint><joint name="LAnkleRoll">-0.263890292243</joint><joint name="LHipYawPitch">-0.372720297751</joint><joint name="RAnkleRoll">-0.0629360492281</joint><joint name="RAnklePitch">0.0444441112703</joint><joint name="LKneePitch">-0.0904640803223</joint><joint name="LHipRoll">0.297554202856</joint><joint name="RHipRoll">0.144154073305</joint><joint name="RShoulderPitch">1.747179301</joint><joint name="RElbowRoll">0.369652008926</joint><joint name="RKneePitch">-0.0905480306593</joint></state><state><joint name="LShoulderPitch">-1.19187661954</joint><joint name="LHipPitch">0.259204083201</joint><joint name="LElbowYaw">0.0750491578358</joint><joint name="LAnklePitch">0.0828780067285</joint><joint name="LWristYaw">-0.107338098064</joint><joint name="RShoulderRoll">-0.242330239993</joint><joint name="RWristYaw">0.395814494414</joint><joint name="HeadYaw">0.745255590602</joint><joint name="RHipPitch">0.147305963401</joint><joint name="HeadPitch">-0.476474885794</joint><joint name="RElbowYaw">0.380474795618</joint><joint name="RHand">0.2648</joint><joint name="LElbowRoll">-1.308996939</joint><joint name="LShoulderRoll">0.59515727493</joint><joint name="RHipYawPitch">-0.372720297751</joint><joint name="LHand">0.3</joint><joint name="LAnkleRoll">0.0904640803223</joint><joint name="LHipYawPitch">-0.357380598955</joint><joint name="RAnkleRoll">0.248466817643</joint><joint name="RAnklePitch">0.161028091046</joint><joint name="LKneePitch">-0.0904640803223</joint><joint name="LHipRoll">-0.14116990935</joint><joint name="RHipRoll">-0.329851520664</joint><joint name="RShoulderPitch">1.747179301</joint><joint name="RElbowRoll">0.369652008926</joint><joint name="RKneePitch">-0.0798098924364</joint></state><state><joint name="LShoulderPitch">-1.19187661954</joint><joint name="LHipPitch">0.259204083201</joint><joint name="LElbowYaw">0.0750491578358</joint><joint name="LAnklePitch">0.0828780067285</joint><joint name="LWristYaw">-0.107338098064</joint><joint name="RShoulderRoll">-0.196309398277</joint><joint name="RWristYaw">0.420357314355</joint><joint name="HeadYaw">-0.289724655831</joint><joint name="RHipPitch">0.147305963401</joint><joint name="HeadPitch">0.338593874887</joint><joint name="RElbowYaw">0.618244490275</joint><joint name="RHand">0.264</joint><joint name="LElbowRoll">-1.308996939</joint><joint name="LShoulderRoll">0.59515727493</joint><joint name="RHipYawPitch">-0.372720297751</joint><joint name="LHand">0.3</joint><joint name="LAnkleRoll">0.0904640803223</joint><joint name="LHipYawPitch">-0.357380598955</joint><joint name="RAnkleRoll">0.248466817643</joint><joint name="RAnklePitch">0.161028091046</joint><joint name="LKneePitch">-0.0904640803223</joint><joint name="LHipRoll">-0.14116990935</joint><joint name="RHipRoll">-0.329851520664</joint><joint name="RShoulderPitch">1.85610529962</joint><joint name="RElbowRoll">0.202445975927</joint><joint name="RKneePitch">-0.0798098924364</joint></state><state><joint name="LShoulderPitch">0.995607363837</joint><joint name="LHipPitch">0.259204083201</joint><joint name="LElbowYaw">0.00157596250138</joint><joint name="LAnklePitch">0.0828780067285</joint><joint name="LWristYaw">-0.400331406518</joint><joint name="RShoulderRoll">-0.196309398277</joint><joint name="RWristYaw">0.420357314355</joint><joint name="HeadYaw">-0.289724655831</joint><joint name="RHipPitch">0.147305963401</joint><joint name="HeadPitch">0.338593874887</joint><joint name="RElbowYaw">0.618244490275</joint><joint name="RHand">0.264</joint><joint name="LElbowRoll">-0.257753714593</joint><joint name="LShoulderRoll">-0.314159265359</joint><joint name="RHipYawPitch">-0.372720297751</joint><joint name="LHand">0.6784</joint><joint name="LAnkleRoll">0.0904640803223</joint><joint name="LHipYawPitch">-0.357380598955</joint><joint name="RAnkleRoll">0.248466817643</joint><joint name="RAnklePitch">0.161028091046</joint><joint name="LKneePitch">-0.0904640803223</joint><joint name="LHipRoll">-0.14116990935</joint><joint name="RHipRoll">-0.329851520664</joint><joint name="RShoulderPitch">1.85610529962</joint><joint name="RElbowRoll">0.202445975927</joint><joint name="RKneePitch">-0.0798098924364</joint></state><state><joint name="LShoulderPitch">0.995607363837</joint><joint name="LHipPitch">0.259204083201</joint><joint name="LElbowYaw">0.00157596250138</joint><joint name="LAnklePitch">0.0828780067285</joint><joint name="LWristYaw">-0.400331406518</joint><joint name="RShoulderRoll">-0.196309398277</joint><joint name="RWristYaw">0.420357314355</joint><joint name="HeadYaw">-0.289724655831</joint><joint name="RHipPitch">0.147305963401</joint><joint name="HeadPitch">0.338593874887</joint><joint name="RElbowYaw">0.618244490275</joint><joint name="RHand">0.264</joint><joint name="LElbowRoll">-0.257753714593</joint><joint name="LShoulderRoll">-0.314159265359</joint><joint name="RHipYawPitch">-0.372720297751</joint><joint name="LHand">0.6784</joint><joint name="LAnkleRoll">0.0904640803223</joint><joint name="LHipYawPitch">-0.357380598955</joint><joint name="RAnkleRoll">0.248466817643</joint><joint name="RAnklePitch">0.161028091046</joint><joint name="LKneePitch">-0.0904640803223</joint><joint name="LHipRoll">-0.14116990935</joint><joint name="RHipRoll">-0.329851520664</joint><joint name="RShoulderPitch">1.85610529962</joint><joint name="RElbowRoll">0.202445975927</joint><joint name="RKneePitch">-0.0798098924364</joint></state><state><joint name="LShoulderPitch">0.995607363837</joint><joint name="LHipPitch">0.101202044012</joint><joint name="LElbowYaw">0.460766922527</joint><joint name="LAnklePitch">0.0920820005389</joint><joint name="LWristYaw">-0.400331406518</joint><joint name="RShoulderRoll">-0.196309398277</joint><joint name="RWristYaw">0.420357314355</joint><joint name="HeadYaw">-0.289724655831</joint><joint name="RHipPitch">0.185655908522</joint><joint name="HeadPitch">0.338593874887</joint><joint name="RElbowYaw">0.618244490275</joint><joint name="RHand">0.264</joint><joint name="LElbowRoll">-1.45909525467</joint><joint name="LShoulderRoll">0.59515727493</joint><joint name="RHipYawPitch">-0.372720297751</joint><joint name="LHand">0.3</joint><joint name="LAnkleRoll">-0.263890292243</joint><joint name="LHipYawPitch">-0.372720297751</joint><joint name="RAnkleRoll">-0.0629360492281</joint><joint name="RAnklePitch">0.0444441112703</joint><joint name="LKneePitch">-0.0904640803223</joint><joint name="LHipRoll">0.297554202856</joint><joint name="RHipRoll">0.144154073305</joint><joint name="RShoulderPitch">1.85610529962</joint><joint name="RElbowRoll">0.202445975927</joint><joint name="RKneePitch">-0.0905480306593</joint></state><state><joint name="LShoulderPitch">0.995607363837</joint><joint name="LHipPitch">0.101202044012</joint><joint name="LElbowYaw">0.460766922527</joint><joint name="LAnklePitch">0.0920820005389</joint><joint name="LWristYaw">-0.400331406518</joint><joint name="RShoulderRoll">-0.242330239993</joint><joint name="RWristYaw">0.395814494414</joint><joint name="HeadYaw">0.745255590602</joint><joint name="RHipPitch">0.185655908522</joint><joint name="HeadPitch">-0.476474885794</joint><joint name="RElbowYaw">0.380474795618</joint><joint name="RHand">0.2648</joint><joint name="LElbowRoll">-1.45909525467</joint><joint name="LShoulderRoll">0.59515727493</joint><joint name="RHipYawPitch">-0.372720297751</joint><joint name="LHand">0.3</joint><joint name="LAnkleRoll">-0.263890292243</joint><joint name="LHipYawPitch">-0.372720297751</joint><joint name="RAnkleRoll">-0.0629360492281</joint><joint name="RAnklePitch">0.0444441112703</joint><joint name="LKneePitch">-0.0904640803223</joint><joint name="LHipRoll">0.297554202856</joint><joint name="RHipRoll">0.144154073305</joint><joint name="RShoulderPitch">1.747179301</joint><joint name="RElbowRoll">0.369652008926</joint><joint name="RKneePitch">-0.0905480306593</joint></state><state><joint name="LShoulderPitch">-1.19187661954</joint><joint name="LHipPitch">0.101202044012</joint><joint name="LElbowYaw">0.851411751696</joint><joint name="LAnklePitch">0.0920820005389</joint><joint name="LWristYaw">-0.107338098064</joint><joint name="RShoulderRoll">-0.242330239993</joint><joint name="RWristYaw">0.395814494414</joint><joint name="HeadYaw">0.745255590602</joint><joint name="RHipPitch">0.185655908522</joint><joint name="HeadPitch">-0.476474885794</joint><joint name="RElbowYaw">0.380474795618</joint><joint name="RHand">0.2648</joint><joint name="LElbowRoll">-0.138101969591</joint><joint name="LShoulderRoll">0.328317376251</joint><joint name="RHipYawPitch">-0.372720297751</joint><joint name="LHand">0.678</joint><joint name="LAnkleRoll">-0.263890292243</joint><joint name="LHipYawPitch">-0.372720297751</joint><joint name="RAnkleRoll">-0.0629360492281</joint><joint name="RAnklePitch">0.0444441112703</joint><joint name="LKneePitch">-0.0904640803223</joint><joint name="LHipRoll">0.297554202856</joint><joint name="RHipRoll">0.144154073305</joint><joint name="RShoulderPitch">1.747179301</joint><joint name="RElbowRoll">0.369652008926</joint><joint name="RKneePitch">-0.0905480306593</joint></state><state><joint name="LShoulderPitch">-1.19187661954</joint><joint name="LHipPitch">0.101202044012</joint><joint name="LElbowYaw">0.851411751696</joint><joint name="LAnklePitch">0.0920820005389</joint><joint name="LWristYaw">-0.107338098064</joint><joint name="RShoulderRoll">-0.242330239993</joint><joint name="RWristYaw">0.395814494414</joint><joint name="HeadYaw">0.745255590602</joint><joint name="RHipPitch">0.185655908522</joint><joint name="HeadPitch">-0.476474885794</joint><joint name="RElbowYaw">0.380474795618</joint><joint name="RHand">0.2648</joint><joint name="LElbowRoll">-0.138101969591</joint><joint name="LShoulderRoll">0.328317376251</joint><joint name="RHipYawPitch">-0.372720297751</joint><joint name="LHand">0.678</joint><joint name="LAnkleRoll">-0.263890292243</joint><joint name="LHipYawPitch">-0.372720297751</joint><joint name="RAnkleRoll">-0.0629360492281</joint><joint name="RAnklePitch">0.0444441112703</joint><joint name="LKneePitch">-0.0904640803223</joint><joint name="LHipRoll">0.297554202856</joint><joint name="RHipRoll">0.144154073305</joint><joint name="RShoulderPitch">1.747179301</joint><joint name="RElbowRoll">0.369652008926</joint><joint name="RKneePitch">-0.0905480306593</joint></state><state><joint name="LShoulderPitch">-1.19187661954</joint><joint name="LHipPitch">0.259204083201</joint><joint name="LElbowYaw">0.0750491578358</joint><joint name="LAnklePitch">0.0828780067285</joint><joint name="LWristYaw">-0.107338098064</joint><joint name="RShoulderRoll">-0.242330239993</joint><joint name="RWristYaw">0.395814494414</joint><joint name="HeadYaw">0.745255590602</joint><joint name="RHipPitch">0.147305963401</joint><joint name="HeadPitch">-0.476474885794</joint><joint name="RElbowYaw">0.380474795618</joint><joint name="RHand">0.2648</joint><joint name="LElbowRoll">-1.308996939</joint><joint name="LShoulderRoll">0.59515727493</joint><joint name="RHipYawPitch">-0.372720297751</joint><joint name="LHand">0.3</joint><joint name="LAnkleRoll">0.0904640803223</joint><joint name="LHipYawPitch">-0.357380598955</joint><joint name="RAnkleRoll">0.248466817643</joint><joint name="RAnklePitch">0.161028091046</joint><joint name="LKneePitch">-0.0904640803223</joint><joint name="LHipRoll">-0.14116990935</joint><joint name="RHipRoll">-0.329851520664</joint><joint name="RShoulderPitch">1.747179301</joint><joint name="RElbowRoll">0.369652008926</joint><joint name="RKneePitch">-0.0798098924364</joint></state><state><joint name="LShoulderPitch">-1.19187661954</joint><joint name="LHipPitch">0.259204083201</joint><joint name="LElbowYaw">0.0750491578358</joint><joint name="LAnklePitch">0.0828780067285</joint><joint name="LWristYaw">-0.107338098064</joint><joint name="RShoulderRoll">-0.196309398277</joint><joint name="RWristYaw">0.420357314355</joint><joint name="HeadYaw">-0.289724655831</joint><joint name="RHipPitch">0.147305963401</joint><joint name="HeadPitch">0.338593874887</joint><joint name="RElbowYaw">0.618244490275</joint><joint name="RHand">0.264</joint><joint name="LElbowRoll">-1.308996939</joint><joint name="LShoulderRoll">0.59515727493</joint><joint name="RHipYawPitch">-0.372720297751</joint><joint name="LHand">0.3</joint><joint name="LAnkleRoll">0.0904640803223</joint><joint name="LHipYawPitch">-0.357380598955</joint><joint name="RAnkleRoll">0.248466817643</joint><joint name="RAnklePitch">0.161028091046</joint><joint name="LKneePitch">-0.0904640803223</joint><joint name="LHipRoll">-0.14116990935</joint><joint name="RHipRoll">-0.329851520664</joint><joint name="RShoulderPitch">1.85610529962</joint><joint name="RElbowRoll">0.202445975927</joint><joint name="RKneePitch">-0.0798098924364</joint></state><state><joint name="LShoulderPitch">0.995607363837</joint><joint name="LHipPitch">0.259204083201</joint><joint name="LElbowYaw">0.00157596250138</joint><joint name="LAnklePitch">0.0828780067285</joint><joint name="LWristYaw">-0.400331406518</joint><joint name="RShoulderRoll">-0.196309398277</joint><joint name="RWristYaw">0.420357314355</joint><joint name="HeadYaw">-0.289724655831</joint><joint name="RHipPitch">0.147305963401</joint><joint name="HeadPitch">0.338593874887</joint><joint name="RElbowYaw">0.618244490275</joint><joint name="RHand">0.264</joint><joint name="LElbowRoll">-0.257753714593</joint><joint name="LShoulderRoll">-0.314159265359</joint><joint name="RHipYawPitch">-0.372720297751</joint><joint name="LHand">0.6784</joint><joint name="LAnkleRoll">0.0904640803223</joint><joint name="LHipYawPitch">-0.357380598955</joint><joint name="RAnkleRoll">0.248466817643</joint><joint name="RAnklePitch">0.161028091046</joint><joint name="LKneePitch">-0.0904640803223</joint><joint name="LHipRoll">-0.14116990935</joint><joint name="RHipRoll">-0.329851520664</joint><joint name="RShoulderPitch">1.85610529962</joint><joint name="RElbowRoll">0.202445975927</joint><joint name="RKneePitch">-0.0798098924364</joint></state><state><joint name="LShoulderPitch">0.995607363837</joint><joint name="LHipPitch">0.259204083201</joint><joint name="LElbowYaw">0.00157596250138</joint><joint name="LAnklePitch">0.0828780067285</joint><joint name="LWristYaw">-0.400331406518</joint><joint name="RShoulderRoll">-0.196309398277</joint><joint name="RWristYaw">0.420357314355</joint><joint name="HeadYaw">-0.289724655831</joint><joint name="RHipPitch">0.147305963401</joint><joint name="HeadPitch">0.338593874887</joint><joint name="RElbowYaw">0.618244490275</joint><joint name="RHand">0.264</joint><joint name="LElbowRoll">-0.257753714593</joint><joint name="LShoulderRoll">-0.314159265359</joint><joint name="RHipYawPitch">-0.372720297751</joint><joint name="LHand">0.6784</joint><joint name="LAnkleRoll">0.0904640803223</joint><joint name="LHipYawPitch">-0.357380598955</joint><joint name="RAnkleRoll">0.248466817643</joint><joint name="RAnklePitch">0.161028091046</joint><joint name="LKneePitch">-0.0904640803223</joint><joint name="LHipRoll">-0.14116990935</joint><joint name="RHipRoll">-0.329851520664</joint><joint name="RShoulderPitch">1.85610529962</joint><joint name="RElbowRoll">0.202445975927</joint><joint name="RKneePitch">-0.0798098924364</joint></state><state><joint name="LShoulderPitch">0.995607363837</joint><joint name="LHipPitch">0.101202044012</joint><joint name="LElbowYaw">0.460766922527</joint><joint name="LAnklePitch">0.0920820005389</joint><joint name="LWristYaw">-0.400331406518</joint><joint name="RShoulderRoll">-0.196309398277</joint><joint name="RWristYaw">0.420357314355</joint><joint name="HeadYaw">-0.289724655831</joint><joint name="RHipPitch">0.185655908522</joint><joint name="HeadPitch">0.338593874887</joint><joint name="RElbowYaw">0.618244490275</joint><joint name="RHand">0.264</joint><joint name="LElbowRoll">-1.45909525467</joint><joint name="LShoulderRoll">0.59515727493</joint><joint name="RHipYawPitch">-0.372720297751</joint><joint name="LHand">0.3</joint><joint name="LAnkleRoll">-0.263890292243</joint><joint name="LHipYawPitch">-0.372720297751</joint><joint name="RAnkleRoll">-0.0629360492281</joint><joint name="RAnklePitch">0.0444441112703</joint><joint name="LKneePitch">-0.0904640803223</joint><joint name="LHipRoll">0.297554202856</joint><joint name="RHipRoll">0.144154073305</joint><joint name="RShoulderPitch">1.85610529962</joint><joint name="RElbowRoll">0.202445975927</joint><joint name="RKneePitch">-0.0905480306593</joint></state><state><joint name="LShoulderPitch">0.995607363837</joint><joint name="LHipPitch">0.101202044012</joint><joint name="LElbowYaw">0.460766922527</joint><joint name="LAnklePitch">0.0920820005389</joint><joint name="LWristYaw">-0.400331406518</joint><joint name="RShoulderRoll">-0.242330239993</joint><joint name="RWristYaw">0.395814494414</joint><joint name="HeadYaw">0.745255590602</joint><joint name="RHipPitch">0.185655908522</joint><joint name="HeadPitch">-0.476474885794</joint><joint name="RElbowYaw">0.380474795618</joint><joint name="RHand">0.2648</joint><joint name="LElbowRoll">-1.45909525467</joint><joint name="LShoulderRoll">0.59515727493</joint><joint name="RHipYawPitch">-0.372720297751</joint><joint name="LHand">0.3</joint><joint name="LAnkleRoll">-0.263890292243</joint><joint name="LHipYawPitch">-0.372720297751</joint><joint name="RAnkleRoll">-0.0629360492281</joint><joint name="RAnklePitch">0.0444441112703</joint><joint name="LKneePitch">-0.0904640803223</joint><joint name="LHipRoll">0.297554202856</joint><joint name="RHipRoll">0.144154073305</joint><joint name="RShoulderPitch">1.747179301</joint><joint name="RElbowRoll">0.369652008926</joint><joint name="RKneePitch">-0.0905480306593</joint></state><state><joint name="LShoulderPitch">-1.19187661954</joint><joint name="LHipPitch">0.101202044012</joint><joint name="LElbowYaw">0.851411751696</joint><joint name="LAnklePitch">0.0920820005389</joint><joint name="LWristYaw">-0.107338098064</joint><joint name="RShoulderRoll">-0.242330239993</joint><joint name="RWristYaw">0.395814494414</joint><joint name="HeadYaw">0.745255590602</joint><joint name="RHipPitch">0.185655908522</joint><joint name="HeadPitch">-0.476474885794</joint><joint name="RElbowYaw">0.380474795618</joint><joint name="RHand">0.2648</joint><joint name="LElbowRoll">-0.138101969591</joint><joint name="LShoulderRoll">0.328317376251</joint><joint name="RHipYawPitch">-0.372720297751</joint><joint name="LHand">0.678</joint><joint name="LAnkleRoll">-0.263890292243</joint><joint name="LHipYawPitch">-0.372720297751</joint><joint name="RAnkleRoll">-0.0629360492281</joint><joint name="RAnklePitch">0.0444441112703</joint><joint name="LKneePitch">-0.0904640803223</joint><joint name="LHipRoll">0.297554202856</joint><joint name="RHipRoll">0.144154073305</joint><joint name="RShoulderPitch">1.747179301</joint><joint name="RElbowRoll">0.369652008926</joint><joint name="RKneePitch">-0.0905480306593</joint></state><state><joint name="LShoulderPitch">-1.19187661954</joint><joint name="LHipPitch">0.101202044012</joint><joint name="LElbowYaw">0.851411751696</joint><joint name="LAnklePitch">0.0920820005389</joint><joint name="LWristYaw">-0.107338098064</joint><joint name="RShoulderRoll">-0.242330239993</joint><joint name="RWristYaw">0.395814494414</joint><joint name="HeadYaw">0.745255590602</joint><joint name="RHipPitch">0.185655908522</joint><joint name="HeadPitch">-0.476474885794</joint><joint name="RElbowYaw">0.380474795618</joint><joint name="RHand">0.2648</joint><joint name="LElbowRoll">-0.138101969591</joint><joint name="LShoulderRoll">0.328317376251</joint><joint name="RHipYawPitch">-0.372720297751</joint><joint name="LHand">0.678</joint><joint name="LAnkleRoll">-0.263890292243</joint><joint name="LHipYawPitch">-0.372720297751</joint><joint name="RAnkleRoll">-0.0629360492281</joint><joint name="RAnklePitch">0.0444441112703</joint><joint name="LKneePitch">-0.0904640803223</joint><joint name="LHipRoll">0.297554202856</joint><joint name="RHipRoll">0.144154073305</joint><joint name="RShoulderPitch">1.747179301</joint><joint name="RElbowRoll">0.369652008926</joint><joint name="RKneePitch">-0.0905480306593</joint></state><state><joint name="LShoulderPitch">-1.19187661954</joint><joint name="LHipPitch">0.259204083201</joint><joint name="LElbowYaw">0.0750491578358</joint><joint name="LAnklePitch">0.0828780067285</joint><joint name="LWristYaw">-0.107338098064</joint><joint name="RShoulderRoll">-0.242330239993</joint><joint name="RWristYaw">0.395814494414</joint><joint name="HeadYaw">0.745255590602</joint><joint name="RHipPitch">0.147305963401</joint><joint name="HeadPitch">-0.476474885794</joint><joint name="RElbowYaw">0.380474795618</joint><joint name="RHand">0.2648</joint><joint name="LElbowRoll">-1.308996939</joint><joint name="LShoulderRoll">0.59515727493</joint><joint name="RHipYawPitch">-0.372720297751</joint><joint name="LHand">0.3</joint><joint name="LAnkleRoll">0.0904640803223</joint><joint name="LHipYawPitch">-0.357380598955</joint><joint name="RAnkleRoll">0.248466817643</joint><joint name="RAnklePitch">0.161028091046</joint><joint name="LKneePitch">-0.0904640803223</joint><joint name="LHipRoll">-0.14116990935</joint><joint name="RHipRoll">-0.329851520664</joint><joint name="RShoulderPitch">1.747179301</joint><joint name="RElbowRoll">0.369652008926</joint><joint name="RKneePitch">-0.0798098924364</joint></state><state><joint name="LShoulderPitch">-1.19187661954</joint><joint name="LHipPitch">0.259204083201</joint><joint name="LElbowYaw">0.0750491578358</joint><joint name="LAnklePitch">0.0828780067285</joint><joint name="LWristYaw">-0.107338098064</joint><joint name="RShoulderRoll">-0.196309398277</joint><joint name="RWristYaw">0.420357314355</joint><joint name="HeadYaw">-0.289724655831</joint><joint name="RHipPitch">0.147305963401</joint><joint name="HeadPitch">0.338593874887</joint><joint name="RElbowYaw">0.618244490275</joint><joint name="RHand">0.264</joint><joint name="LElbowRoll">-1.308996939</joint><joint name="LShoulderRoll">0.59515727493</joint><joint name="RHipYawPitch">-0.372720297751</joint><joint name="LHand">0.3</joint><joint name="LAnkleRoll">0.0904640803223</joint><joint name="LHipYawPitch">-0.357380598955</joint><joint name="RAnkleRoll">0.248466817643</joint><joint name="RAnklePitch">0.161028091046</joint><joint name="LKneePitch">-0.0904640803223</joint><joint name="LHipRoll">-0.14116990935</joint><joint name="RHipRoll">-0.329851520664</joint><joint name="RShoulderPitch">1.85610529962</joint><joint name="RElbowRoll">0.202445975927</joint><joint name="RKneePitch">-0.0798098924364</joint></state><state><joint name="LShoulderPitch">0.995607363837</joint><joint name="LHipPitch">0.259204083201</joint><joint name="LElbowYaw">0.00157596250138</joint><joint name="LAnklePitch">0.0828780067285</joint><joint name="LWristYaw">-0.400331406518</joint><joint name="RShoulderRoll">-0.196309398277</joint><joint name="RWristYaw">0.420357314355</joint><joint name="HeadYaw">-0.289724655831</joint><joint name="RHipPitch">0.147305963401</joint><joint name="HeadPitch">0.338593874887</joint><joint name="RElbowYaw">0.618244490275</joint><joint name="RHand">0.264</joint><joint name="LElbowRoll">-0.257753714593</joint><joint name="LShoulderRoll">-0.314159265359</joint><joint name="RHipYawPitch">-0.372720297751</joint><joint name="LHand">0.6784</joint><joint name="LAnkleRoll">0.0904640803223</joint><joint name="LHipYawPitch">-0.357380598955</joint><joint name="RAnkleRoll">0.248466817643</joint><joint name="RAnklePitch">0.161028091046</joint><joint name="LKneePitch">-0.0904640803223</joint><joint name="LHipRoll">-0.14116990935</joint><joint name="RHipRoll">-0.329851520664</joint><joint name="RShoulderPitch">1.85610529962</joint><joint name="RElbowRoll">0.202445975927</joint><joint name="RKneePitch">-0.0798098924364</joint></state><state><joint name="LShoulderPitch">0.995607363837</joint><joint name="LHipPitch">0.259204083201</joint><joint name="LElbowYaw">0.00157596250138</joint><joint name="LAnklePitch">0.0828780067285</joint><joint name="LWristYaw">-0.400331406518</joint><joint name="RShoulderRoll">-0.196309398277</joint><joint name="RWristYaw">0.420357314355</joint><joint name="HeadYaw">-0.289724655831</joint><joint name="RHipPitch">0.147305963401</joint><joint name="HeadPitch">0.338593874887</joint><joint name="RElbowYaw">0.618244490275</joint><joint name="RHand">0.264</joint><joint name="LElbowRoll">-0.257753714593</joint><joint name="LShoulderRoll">-0.314159265359</joint><joint name="RHipYawPitch">-0.170232084857</joint><joint name="LHand">0.6784</joint><joint name="LAnkleRoll">0.0904640803223</joint><joint name="LHipYawPitch">-0.357380598955</joint><joint name="RAnkleRoll">0.248466817643</joint><joint name="RAnklePitch">0.161028091046</joint><joint name="LKneePitch">-0.0904640803223</joint><joint name="LHipRoll">-0.14116990935</joint><joint name="RHipRoll">-0.329851520664</joint><joint name="RShoulderPitch">1.85610529962</joint><joint name="RElbowRoll">0.202445975927</joint><joint name="RKneePitch">-0.0798098924364</joint></state><state><joint name="LShoulderPitch">1.06465084372</joint><joint name="LHipPitch">0.139636114003</joint><joint name="LElbowYaw">-0.68242373753</joint><joint name="LAnklePitch">0.0873961405631</joint><joint name="LWristYaw">-0.400331406518</joint><joint name="RShoulderRoll">-0.455530934771</joint><joint name="RWristYaw">0.420357314355</joint><joint name="HeadYaw">-0.289724655831</joint><joint name="RHipPitch">0.131881965203</joint><joint name="HeadPitch">0.338593874887</joint><joint name="RElbowYaw">1.57952297305</joint><joint name="RHand">0.24</joint><joint name="LElbowRoll">-1.45909525467</joint><joint name="LShoulderRoll">0.59515727493</joint><joint name="RHipYawPitch">-0.170232084857</joint><joint name="LHand">0.3</joint><joint name="LAnkleRoll">-0.121144001513</joint><joint name="LHipYawPitch">-0.170232084857</joint><joint name="RAnkleRoll">0.11969398197</joint><joint name="RAnklePitch">0.0936159704185</joint><joint name="LKneePitch">-0.0782759225568</joint><joint name="LHipRoll">0.102819964229</joint><joint name="RHipRoll">-0.0966001343735</joint><joint name="RShoulderPitch">1.1850785621</joint><joint name="RElbowRoll">0.822050077689</joint><joint name="RKneePitch">-0.0919980502019</joint></state><state><joint name="LShoulderPitch">1.06465084372</joint><joint name="LHipPitch">0.139636114003</joint><joint name="LElbowYaw">-0.68242373753</joint><joint name="LAnklePitch">0.0873961405631</joint><joint name="LWristYaw">0.0827938818586</joint><joint name="RShoulderRoll">-0.455530934771</joint><joint name="RWristYaw">0.10887189341</joint><joint name="HeadYaw">0.00916194882871</joint><joint name="RHipPitch">0.131881965203</joint><joint name="HeadPitch">-0.171850005073</joint><joint name="RElbowYaw">1.03323491718</joint><joint name="RHand">0.24</joint><joint name="LElbowRoll">-1.45909525467</joint><joint name="LShoulderRoll">0.59515727493</joint><joint name="RHipYawPitch">-0.170232084857</joint><joint name="LHand">0.3</joint><joint name="LAnkleRoll">-0.121144001513</joint><joint name="LHipYawPitch">-0.170232084857</joint><joint name="RAnkleRoll">0.11969398197</joint><joint name="RAnklePitch">0.0936159704185</joint><joint name="LKneePitch">-0.0782759225568</joint><joint name="LHipRoll">0.102819964229</joint><joint name="RHipRoll">-0.0966001343735</joint><joint name="RShoulderPitch">1.1850785621</joint><joint name="RElbowRoll">0.886627260013</joint><joint name="RKneePitch">-0.0919980502019</joint></state><state><joint name="LShoulderPitch">1.06465084372</joint><joint name="LHipPitch">0.139636114003</joint><joint name="LElbowYaw">-1.21036838297</joint><joint name="LAnklePitch">0.0873961405631</joint><joint name="LWristYaw">0.0827938818586</joint><joint name="RShoulderRoll">-0.164179981142</joint><joint name="RWristYaw">0.10887189341</joint><joint name="HeadYaw">0.00916194882871</joint><joint name="RHipPitch">0.131881965203</joint><joint name="HeadPitch">-0.171850005073</joint><joint name="RElbowYaw">1.21028460716</joint><joint name="RHand">0.2976</joint><joint name="LElbowRoll">-0.424875971788</joint><joint name="LShoulderRoll">0.153358067115</joint><joint name="RHipYawPitch">-0.170232084857</joint><joint name="LHand">0.2968</joint><joint name="LAnkleRoll">-0.121144001513</joint><joint name="LHipYawPitch">-0.170232084857</joint><joint name="RAnkleRoll">0.11969398197</joint><joint name="RAnklePitch">0.0936159704185</joint><joint name="LKneePitch">-0.0782759225568</joint><joint name="LHipRoll">0.102819964229</joint><joint name="RHipRoll">-0.0966001343735</joint><joint name="RShoulderPitch">1.47268264289</joint><joint name="RElbowRoll">0.42956218083</joint><joint name="RKneePitch">-0.0919980502019</joint></state><state><joint name="LShoulderPitch">1.47106472268</joint><joint name="LHipPitch">0.139636114003</joint><joint name="LElbowYaw">-1.21036838297</joint><joint name="LAnklePitch">0.0873961405631</joint><joint name="LWristYaw">0.0827938818586</joint><joint name="RShoulderRoll">-0.164179981142</joint><joint name="RWristYaw">0.10887189341</joint><joint name="HeadYaw">0.00916194882871</joint><joint name="RHipPitch">0.131881965203</joint><joint name="HeadPitch">-0.171850005073</joint><joint name="RElbowYaw">1.21028460716</joint><joint name="RHand">0.2976</joint><joint name="LElbowRoll">-0.424875971788</joint><joint name="LShoulderRoll">0.153358067115</joint><joint name="RHipYawPitch">-0.170232084857</joint><joint name="LHand">0.2968</joint><joint name="LAnkleRoll">-0.121144001513</joint><joint name="LHipYawPitch">-0.170232084857</joint><joint name="RAnkleRoll">0.11969398197</joint><joint name="RAnklePitch">0.0936159704185</joint><joint name="LKneePitch">-0.0782759225568</joint><joint name="LHipRoll">0.102819964229</joint><joint name="RHipRoll">-0.0966001343735</joint><joint name="RShoulderPitch">1.47268264289</joint><joint name="RElbowRoll">0.42956218083</joint><joint name="RKneePitch">-0.0919980502019</joint></state><state name="pivot"><joint name="LShoulderPitch">1.47106472268</joint><joint name="LHipPitch">0.139636114003</joint><joint name="LElbowYaw">-1.21036838297</joint><joint name="LAnklePitch">0.0873961405631</joint><joint name="LWristYaw">0.0827938818586</joint><joint name="RShoulderRoll">-0.164179981142</joint><joint name="RWristYaw">0.10887189341</joint><joint name="HeadYaw">0.00916194882871</joint><joint name="RHipPitch">0.131881965203</joint><joint name="HeadPitch">-0.171850005073</joint><joint name="RElbowYaw">1.21028460716</joint><joint name="RHand">0.2976</joint><joint name="LElbowRoll">-0.424875971788</joint><joint name="LShoulderRoll">0.153358067115</joint><joint name="RHipYawPitch">-0.170232084857</joint><joint name="LHand">0.2968</joint><joint name="LAnkleRoll">-0.121144001513</joint><joint name="LHipYawPitch">-0.170232084857</joint><joint name="RAnkleRoll">0.11969398197</joint><joint name="RAnklePitch">0.0936159704185</joint><joint name="LKneePitch">-0.0782759225568</joint><joint name="LHipRoll">0.102819964229</joint><joint name="RHipRoll">-0.0966001343735</joint><joint name="RShoulderPitch">1.47268264289</joint><joint name="RElbowRoll">0.42956218083</joint><joint name="RKneePitch">-0.0919980502019</joint></state></actuators><speed>adjusted_norm</speed></robot>