<robot name="nao"><emotion name="neutral" /><repeat>0</repeat><actuators><state><joint name="LShoulderPitch">1.54776321666</joint><joint name="LHipPitch">0.0261198994536</joint><joint name="LElbowYaw">-1.07691003638</joint><joint name="LAnklePitch">0.138018019254</joint><joint name="LWristYaw">0.095065989961</joint><joint name="RShoulderRoll">-0.0614019048156</joint><joint name="RWristYaw">-0.12217304764</joint><joint name="HeadYaw">-0.0859459464877</joint><joint name="RHipPitch">0.00456003918998</joint><joint name="HeadPitch">-0.214801161701</joint><joint name="RElbowYaw">1.40049931569</joint><joint name="RHand">0.745455</joint><joint name="LElbowRoll">-0.731675183692</joint><joint name="LShoulderRoll">0.116542091874</joint><joint name="LHand">0.230571</joint><joint name="LAnkleRoll">-0.0965999598406</joint><joint name="LHipYawPitch">-0.214717385897</joint><joint name="RAnkleRoll">0.0644700191077</joint><joint name="RAnklePitch">0.145771993522</joint><joint name="LKneePitch">-0.0923279174305</joint><joint name="LHipRoll">0.0736740129181</joint><joint name="RHipRoll">-0.0505799907886</joint><joint name="RShoulderPitch">0.744032114796</joint><joint name="RElbowRoll">1.5524494257</joint><joint name="RKneePitch">-0.0923279174305</joint></state><state><joint name="LShoulderPitch">1.54776321666</joint><joint name="LHipPitch">0.211734618206</joint><joint name="LElbowYaw">-1.07691003638</joint><joint name="LAnklePitch">0.0674540085299</joint><joint name="LWristYaw">0.116542091874</joint><joint name="RShoulderRoll">-0.0614019048156</joint><joint name="RWristYaw">-0.12217304764</joint><joint name="HeadYaw">-0.0859459464877</joint><joint name="RHipPitch">0.193242854781</joint><joint name="HeadPitch">-0.214801161701</joint><joint name="RElbowYaw">1.40049931569</joint><joint name="RHand">0.745455</joint><joint name="LElbowRoll">-0.731675183692</joint><joint name="LShoulderRoll">0.116542091874</joint><joint name="LHand">0.232025</joint><joint name="LAnkleRoll">-0.110406037823</joint><joint name="LHipYawPitch">-0.142620103425</joint><joint name="RAnkleRoll">0.0660039889873</joint><joint name="RAnklePitch">0.0767419526773</joint><joint name="LKneePitch">-0.0920820005389</joint><joint name="LHipRoll">0.12122795185</joint><joint name="RHipRoll">-0.0735900625811</joint><joint name="RShoulderPitch">0.744032114796</joint><joint name="RElbowRoll">1.5524494257</joint><joint name="RKneePitch">-0.0766580023402</joint></state><state><joint name="LShoulderPitch">1.54776321666</joint><joint name="LHipPitch">0.0261198994536</joint><joint name="LElbowYaw">-1.07691003638</joint><joint name="LAnklePitch">0.138018019254</joint><joint name="LWristYaw">0.095065989961</joint><joint name="RShoulderRoll">-0.60290304615</joint><joint name="RWristYaw">-0.12217304764</joint><joint name="HeadYaw">-0.0859459464877</joint><joint name="RHipPitch">0.00456003918998</joint><joint name="HeadPitch">-0.214801161701</joint><joint name="RElbowYaw">0.179435555068</joint><joint name="RHand">0.745455</joint><joint name="LElbowRoll">-0.731675183692</joint><joint name="LShoulderRoll">0.116542091874</joint><joint name="LHand">0.230571</joint><joint name="LAnkleRoll">-0.0965999598406</joint><joint name="LHipYawPitch">-0.214717385897</joint><joint name="RAnkleRoll">0.0644700191077</joint><joint name="RAnklePitch">0.145771993522</joint><joint name="LKneePitch">-0.0923279174305</joint><joint name="LHipRoll">0.0736740129181</joint><joint name="RHipRoll">-0.0505799907886</joint><joint name="RShoulderPitch">-0.808375423</joint><joint name="RElbowRoll">0.994073219424</joint><joint name="RKneePitch">-0.0923279174305</joint></state><state><joint name="LShoulderPitch">1.69809540645</joint><joint name="LHipPitch">0.0261198994536</joint><joint name="LElbowYaw">-1.54171216014</joint><joint name="LAnklePitch">0.138018019254</joint><joint name="LWristYaw">0.095065989961</joint><joint name="RShoulderRoll">-0.60290304615</joint><joint name="RWristYaw">-0.12217304764</joint><joint name="HeadYaw">-0.0798098924364</joint><joint name="RHipPitch">0.00456003918998</joint><joint name="HeadPitch">0.217785674722</joint><joint name="RElbowYaw">0.179435555068</joint><joint name="RHand">0.745455</joint><joint name="LElbowRoll">-0.52151834313</joint><joint name="LShoulderRoll">0.171766054736</joint><joint name="LHand">0.230571</joint><joint name="LAnkleRoll">-0.0965999598406</joint><joint name="LHipYawPitch">-0.214717385897</joint><joint name="RAnkleRoll">0.0644700191077</joint><joint name="RAnklePitch">0.145771993522</joint><joint name="LKneePitch">-0.0923279174305</joint><joint name="LHipRoll">0.0736740129181</joint><joint name="RHipRoll">-0.0505799907886</joint><joint name="RShoulderPitch">-0.808375423</joint><joint name="RElbowRoll">0.994073219424</joint><joint name="RKneePitch">-0.0923279174305</joint></state><state><joint name="LShoulderPitch">1.69809540645</joint><joint name="LHipPitch">0.0261198994536</joint><joint name="LElbowYaw">-1.54171216014</joint><joint name="LAnklePitch">0.138018019254</joint><joint name="LWristYaw">0.095065989961</joint><joint name="RShoulderRoll">-1.28553447786</joint><joint name="RWristYaw">-0.11969398197</joint><joint name="HeadYaw">-0.0798098924364</joint><joint name="RHipPitch">0.00456003918998</joint><joint name="HeadPitch">0.217785674722</joint><joint name="RElbowYaw">0.547595307484</joint><joint name="RHand">0.514873</joint><joint name="LElbowRoll">-0.52151834313</joint><joint name="LShoulderRoll">0.171766054736</joint><joint name="LHand">0.230571</joint><joint name="LAnkleRoll">-0.0965999598406</joint><joint name="LHipYawPitch">-0.214717385897</joint><joint name="RAnkleRoll">0.0644700191077</joint><joint name="RAnklePitch">0.145771993522</joint><joint name="LKneePitch">-0.0923279174305</joint><joint name="LHipRoll">0.0736740129181</joint><joint name="RHipRoll">-0.0505799907886</joint><joint name="RShoulderPitch">-1.13051607903</joint><joint name="RElbowRoll">1.51103276255</joint><joint name="RKneePitch">-0.0923279174305</joint></state><state><joint name="LShoulderPitch">1.69042642971</joint><joint name="LHipPitch">0.205598040556</joint><joint name="LElbowYaw">-1.71505477079</joint><joint name="LAnklePitch">0.0475120510295</joint><joint name="LWristYaw">0.0965999598406</joint><joint name="RShoulderRoll">-1.28553447786</joint><joint name="RWristYaw">-0.11969398197</joint><joint name="HeadYaw">-0.0675379588669</joint><joint name="RHipPitch">0.213183241485</joint><joint name="HeadPitch">-0.312977677455</joint><joint name="RElbowYaw">0.547595307484</joint><joint name="RHand">0.514873</joint><joint name="LElbowRoll">-0.519984198717</joint><joint name="LShoulderRoll">0.17483486716</joint><joint name="LHand">0.230935</joint><joint name="LAnkleRoll">-0.148755982944</joint><joint name="LHipYawPitch">-0.223922252372</joint><joint name="RAnkleRoll">0.0736740129181</joint><joint name="RAnklePitch">0.0567999951769</joint><joint name="LKneePitch">-0.0874799163672</joint><joint name="LHipRoll">0.154975987332</joint><joint name="RHipRoll">-0.0643860687707</joint><joint name="RShoulderPitch">-1.13051607903</joint><joint name="RElbowRoll">1.51103276255</joint><joint name="RKneePitch">-0.0923279174305</joint></state><state><joint name="LShoulderPitch">1.69042642971</joint><joint name="LHipPitch">0.205598040556</joint><joint name="LElbowYaw">-1.71505477079</joint><joint name="LAnklePitch">0.0475120510295</joint><joint name="LWristYaw">0.0965999598406</joint><joint name="RShoulderRoll">-0.546146684205</joint><joint name="RWristYaw">-0.11969398197</joint><joint name="HeadYaw">-0.0675379588669</joint><joint name="RHipPitch">0.213183241485</joint><joint name="HeadPitch">-0.312977677455</joint><joint name="RElbowYaw">0.187106277131</joint><joint name="RHand">0.514873</joint><joint name="LElbowRoll">-0.519984198717</joint><joint name="LShoulderRoll">0.17483486716</joint><joint name="LHand">0.230935</joint><joint name="LAnkleRoll">-0.148755982944</joint><joint name="LHipYawPitch">-0.223922252372</joint><joint name="RAnkleRoll">0.0736740129181</joint><joint name="RAnklePitch">0.0567999951769</joint><joint name="LKneePitch">-0.0874799163672</joint><joint name="LHipRoll">0.154975987332</joint><joint name="RHipRoll">-0.0643860687707</joint><joint name="RShoulderPitch">-0.777696025408</joint><joint name="RElbowRoll">0.879024605791</joint><joint name="RKneePitch">-0.0923279174305</joint></state><state><joint name="LShoulderPitch">1.57997850399</joint><joint name="LHipPitch">0.205598040556</joint><joint name="LElbowYaw">-1.79329089984</joint><joint name="LAnklePitch">0.0475120510295</joint><joint name="LWristYaw">0.0965999598406</joint><joint name="RShoulderRoll">-0.546146684205</joint><joint name="RWristYaw">-0.11969398197</joint><joint name="HeadYaw">-0.0675379588669</joint><joint name="RHipPitch">0.213183241485</joint><joint name="HeadPitch">-0.312977677455</joint><joint name="RElbowYaw">0.187106277131</joint><joint name="RHand">0.514873</joint><joint name="LElbowRoll">-0.631966268855</joint><joint name="LShoulderRoll">0.119610031633</joint><joint name="LHand">0.230935</joint><joint name="LAnkleRoll">-0.148755982944</joint><joint name="LHipYawPitch">-0.223922252372</joint><joint name="RAnkleRoll">0.0736740129181</joint><joint name="RAnklePitch">0.0567999951769</joint><joint name="LKneePitch">-0.0874799163672</joint><joint name="LHipRoll">0.154975987332</joint><joint name="RHipRoll">-0.0643860687707</joint><joint name="RShoulderPitch">-0.777696025408</joint><joint name="RElbowRoll">0.879024605791</joint><joint name="RKneePitch">-0.0923279174305</joint></state><state><joint name="LShoulderPitch">1.57997850399</joint><joint name="LHipPitch">0.204063896143</joint><joint name="LElbowYaw">-1.79329089984</joint><joint name="LAnklePitch">0.0413759969783</joint><joint name="LWristYaw">0.0965999598406</joint><joint name="RShoulderRoll">-0.546146684205</joint><joint name="RWristYaw">-0.11969398197</joint><joint name="HeadYaw">-0.0966839101776</joint><joint name="RHipPitch">0.213183241485</joint><joint name="HeadPitch">0.205514264752</joint><joint name="RElbowYaw">0.187106277131</joint><joint name="RHand">0.514873</joint><joint name="LElbowRoll">-0.631966268855</joint><joint name="LShoulderRoll">0.119610031633</joint><joint name="LHand">0.230935</joint><joint name="LAnkleRoll">-0.150289952823</joint><joint name="LHipYawPitch">-0.233125373518</joint><joint name="RAnkleRoll">0.0782759225568</joint><joint name="RAnklePitch">0.0552660252973</joint><joint name="LKneePitch">-0.0905480306593</joint><joint name="LHipRoll">0.153442017452</joint><joint name="RHipRoll">-0.0643860687707</joint><joint name="RShoulderPitch">-0.777696025408</joint><joint name="RElbowRoll">0.879024605791</joint><joint name="RKneePitch">-0.0923279174305</joint></state><state><joint name="LShoulderPitch">1.57997850399</joint><joint name="LHipPitch">0.204063896143</joint><joint name="LElbowYaw">-1.79329089984</joint><joint name="LAnklePitch">0.0413759969783</joint><joint name="LWristYaw">0.095065989961</joint><joint name="RShoulderRoll">-1.30547660989</joint><joint name="RWristYaw">-0.11969398197</joint><joint name="HeadYaw">-0.0966839101776</joint><joint name="RHipPitch">0.213183241485</joint><joint name="HeadPitch">0.205514264752</joint><joint name="RElbowYaw">0.556800173959</joint><joint name="RHand">0.514873</joint><joint name="LElbowRoll">-0.631966268855</joint><joint name="LShoulderRoll">0.119610031633</joint><joint name="LHand">0.230935</joint><joint name="LAnkleRoll">-0.150289952823</joint><joint name="LHipYawPitch">-0.233125373518</joint><joint name="RAnkleRoll">0.0782759225568</joint><joint name="RAnklePitch">0.0552660252973</joint><joint name="LKneePitch">-0.0905480306593</joint><joint name="LHipRoll">0.153442017452</joint><joint name="RHipRoll">-0.0643860687707</joint><joint name="RShoulderPitch">-0.780764314233</joint><joint name="RElbowRoll">1.56206968053</joint><joint name="RKneePitch">-0.0923279174305</joint></state><state><joint name="LShoulderPitch">1.67508673092</joint><joint name="LHipPitch">0.204063896143</joint><joint name="LElbowYaw">-1.81936611886</joint><joint name="LAnklePitch">0.0413759969783</joint><joint name="LWristYaw">0.095065989961</joint><joint name="RShoulderRoll">-1.30547660989</joint><joint name="RWristYaw">-0.11969398197</joint><joint name="HeadYaw">-0.0552660252973</joint><joint name="RHipPitch">0.213183241485</joint><joint name="HeadPitch">-0.30990938863</joint><joint name="RElbowYaw">0.556800173959</joint><joint name="RHand">0.514873</joint><joint name="LElbowRoll">-0.547595307484</joint><joint name="LShoulderRoll">0.122677971392</joint><joint name="LHand">0.230935</joint><joint name="LAnkleRoll">-0.150289952823</joint><joint name="LHipYawPitch">-0.233125373518</joint><joint name="RAnkleRoll">0.0782759225568</joint><joint name="RAnklePitch">0.0552660252973</joint><joint name="LKneePitch">-0.0905480306593</joint><joint name="LHipRoll">0.153442017452</joint><joint name="RHipRoll">-0.0643860687707</joint><joint name="RShoulderPitch">-0.780764314233</joint><joint name="RElbowRoll">1.56206968053</joint><joint name="RKneePitch">-0.0923279174305</joint></state><state><joint name="LShoulderPitch">1.67508673092</joint><joint name="LHipPitch">0.204063896143</joint><joint name="LElbowYaw">-1.81936611886</joint><joint name="LAnklePitch">0.0413759969783</joint><joint name="LWristYaw">0.095065989961</joint><joint name="RShoulderRoll">-0.527738696584</joint><joint name="RWristYaw">-0.11969398197</joint><joint name="HeadYaw">-0.0552660252973</joint><joint name="RHipPitch">0.213183241485</joint><joint name="HeadPitch">-0.30990938863</joint><joint name="RElbowYaw">0.323632912539</joint><joint name="RHand">0.514873</joint><joint name="LElbowRoll">-0.547595307484</joint><joint name="LShoulderRoll">0.122677971392</joint><joint name="LHand">0.230935</joint><joint name="LAnkleRoll">-0.150289952823</joint><joint name="LHipYawPitch">-0.233125373518</joint><joint name="RAnkleRoll">0.0782759225568</joint><joint name="RAnklePitch">0.0552660252973</joint><joint name="LKneePitch">-0.0905480306593</joint><joint name="LHipRoll">0.153442017452</joint><joint name="RHipRoll">-0.0643860687707</joint><joint name="RShoulderPitch">-0.848259687067</joint><joint name="RElbowRoll">1.04009406114</joint><joint name="RKneePitch">-0.0923279174305</joint></state><state><joint name="LShoulderPitch">1.60758961276</joint><joint name="LHipPitch">0.204063896143</joint><joint name="LElbowYaw">-1.66443149584</joint><joint name="LAnklePitch">0.0413759969783</joint><joint name="LWristYaw">0.095065989961</joint><joint name="RShoulderRoll">-0.527738696584</joint><joint name="RWristYaw">-0.13043194566</joint><joint name="HeadYaw">-0.0552660252973</joint><joint name="RHipPitch">0.213183241485</joint><joint name="HeadPitch">-0.30990938863</joint><joint name="RElbowYaw">0.323632912539</joint><joint name="RHand">0.781818</joint><joint name="LElbowRoll">-0.555266029546</joint><joint name="LShoulderRoll">0.111940007702</joint><joint name="LHand">0.230935</joint><joint name="LAnkleRoll">-0.150289952823</joint><joint name="LHipYawPitch">-0.233125373518</joint><joint name="RAnkleRoll">0.0782759225568</joint><joint name="RAnklePitch">0.0552660252973</joint><joint name="LKneePitch">-0.0905480306593</joint><joint name="LHipRoll">0.153442017452</joint><joint name="RHipRoll">-0.0643860687707</joint><joint name="RShoulderPitch">-0.848259687067</joint><joint name="RElbowRoll">1.04009406114</joint><joint name="RKneePitch">-0.0923279174305</joint></state><state><joint name="LShoulderPitch">1.60758961276</joint><joint name="LHipPitch">0.0982178800572</joint><joint name="LElbowYaw">-1.66443149584</joint><joint name="LAnklePitch">0.127280055564</joint><joint name="LWristYaw">0.095065989961</joint><joint name="RShoulderRoll">-0.527738696584</joint><joint name="RWristYaw">-0.13043194566</joint><joint name="HeadYaw">-0.0307219836253</joint><joint name="RHipPitch">0.0797261166323</joint><joint name="HeadPitch">0.185572132718</joint><joint name="RElbowYaw">0.323632912539</joint><joint name="RHand">0.781818</joint><joint name="LElbowRoll">-0.555266029546</joint><joint name="LShoulderRoll">0.111940007702</joint><joint name="LHand">0.230935</joint><joint name="LAnkleRoll">-0.134950079495</joint><joint name="LHipYawPitch">-0.256135794376</joint><joint name="RAnkleRoll">0.0874799163672</joint><joint name="RAnklePitch">0.14116990935</joint><joint name="LKneePitch">-0.0923279174305</joint><joint name="LHipRoll">0.124295891609</joint><joint name="RHipRoll">-0.0766580023402</joint><joint name="RShoulderPitch">-0.848259687067</joint><joint name="RElbowRoll">1.04009406114</joint><joint name="RKneePitch">-0.0923279174305</joint></state><state><joint name="LShoulderPitch">1.60758961276</joint><joint name="LHipPitch">0.0982178800572</joint><joint name="LElbowYaw">-1.66443149584</joint><joint name="LAnklePitch">0.127280055564</joint><joint name="LWristYaw">0.0889301104427</joint><joint name="RShoulderRoll">-1.40365138032</joint><joint name="RWristYaw">-0.13043194566</joint><joint name="HeadYaw">-0.0307219836253</joint><joint name="RHipPitch">0.0797261166323</joint><joint name="HeadPitch">0.185572132718</joint><joint name="RElbowYaw">0.546062908401</joint><joint name="RHand">0.781818</joint><joint name="LElbowRoll">-0.555266029546</joint><joint name="LShoulderRoll">0.111940007702</joint><joint name="LHand">0.224389</joint><joint name="LAnkleRoll">-0.134950079495</joint><joint name="LHipYawPitch">-0.256135794376</joint><joint name="RAnkleRoll">0.0874799163672</joint><joint name="RAnklePitch">0.14116990935</joint><joint name="LKneePitch">-0.0923279174305</joint><joint name="LHipRoll">0.124295891609</joint><joint name="RHipRoll">-0.0766580023402</joint><joint name="RShoulderPitch">-0.858998697954</joint><joint name="RElbowRoll">1.56206968053</joint><joint name="RKneePitch">-0.0923279174305</joint></state><state><joint name="LShoulderPitch">1.84381818168</joint><joint name="LHipPitch">0.0982178800572</joint><joint name="LElbowYaw">-1.76875157056</joint><joint name="LAnklePitch">0.127280055564</joint><joint name="LWristYaw">0.0889301104427</joint><joint name="RShoulderRoll">-1.40365138032</joint><joint name="RWristYaw">-0.13043194566</joint><joint name="HeadYaw">-0.0215179898149</joint><joint name="RHipPitch">0.0797261166323</joint><joint name="HeadPitch">-0.185655908522</joint><joint name="RElbowYaw">0.546062908401</joint><joint name="RHand">0.781818</joint><joint name="LElbowRoll">-0.99398944362</joint><joint name="LShoulderRoll">0.128814025443</joint><joint name="LHand">0.224389</joint><joint name="LAnkleRoll">-0.134950079495</joint><joint name="LHipYawPitch">-0.256135794376</joint><joint name="RAnkleRoll">0.0874799163672</joint><joint name="RAnklePitch">0.14116990935</joint><joint name="LKneePitch">-0.0923279174305</joint><joint name="LHipRoll">0.124295891609</joint><joint name="RHipRoll">-0.0766580023402</joint><joint name="RShoulderPitch">-0.858998697954</joint><joint name="RElbowRoll">1.56206968053</joint><joint name="RKneePitch">-0.0923279174305</joint></state><state><joint name="LShoulderPitch">1.84381818168</joint><joint name="LHipPitch">0.0982178800572</joint><joint name="LElbowYaw">-1.76875157056</joint><joint name="LAnklePitch">0.127280055564</joint><joint name="LWristYaw">0.0889301104427</joint><joint name="RShoulderRoll">-0.230142605826</joint><joint name="RWristYaw">-0.13043194566</joint><joint name="HeadYaw">-0.0215179898149</joint><joint name="RHipPitch">0.0797261166323</joint><joint name="HeadPitch">-0.185655908522</joint><joint name="RElbowYaw">0.203980120339</joint><joint name="RHand">0.781818</joint><joint name="LElbowRoll">-0.99398944362</joint><joint name="LShoulderRoll">0.128814025443</joint><joint name="LHand">0.224389</joint><joint name="LAnkleRoll">-0.134950079495</joint><joint name="LHipYawPitch">-0.256135794376</joint><joint name="RAnkleRoll">0.0874799163672</joint><joint name="RAnklePitch">0.14116990935</joint><joint name="LKneePitch">-0.0923279174305</joint><joint name="LHipRoll">0.124295891609</joint><joint name="RHipRoll">-0.0766580023402</joint><joint name="RShoulderPitch">-1.12898193462</joint><joint name="RElbowRoll">0.579894370621</joint><joint name="RKneePitch">-0.0923279174305</joint></state><state><joint name="LShoulderPitch">0.493905489034</joint><joint name="LHipPitch">0.0982178800572</joint><joint name="LElbowYaw">-1.21650321529</joint><joint name="LAnklePitch">0.127280055564</joint><joint name="LWristYaw">0.0889301104427</joint><joint name="RShoulderRoll">-0.230142605826</joint><joint name="RWristYaw">-0.138101969591</joint><joint name="HeadYaw">-0.0215179898149</joint><joint name="RHipPitch">0.0797261166323</joint><joint name="HeadPitch">-0.185655908522</joint><joint name="RElbowYaw">0.203980120339</joint><joint name="RHand">0.787273</joint><joint name="LElbowRoll">-1.54623081757</joint><joint name="LShoulderRoll">0.421807682963</joint><joint name="LHand">0.224389</joint><joint name="LAnkleRoll">-0.134950079495</joint><joint name="LHipYawPitch">-0.256135794376</joint><joint name="RAnkleRoll">0.0874799163672</joint><joint name="RAnklePitch">0.14116990935</joint><joint name="LKneePitch">-0.0923279174305</joint><joint name="LHipRoll">0.124295891609</joint><joint name="RHipRoll">-0.0766580023402</joint><joint name="RShoulderPitch">-1.12898193462</joint><joint name="RElbowRoll">0.579894370621</joint><joint name="RKneePitch">-0.0923279174305</joint></state><state><joint name="LShoulderPitch">0.493905489034</joint><joint name="LHipPitch">-0.161028091046</joint><joint name="LElbowYaw">-1.21650321529</joint><joint name="LAnklePitch">0.0475120510295</joint><joint name="LWristYaw">0.0889301104427</joint><joint name="RShoulderRoll">-0.230142605826</joint><joint name="RWristYaw">-0.138101969591</joint><joint name="HeadYaw">-0.0583339650565</joint><joint name="RHipPitch">-0.13963593947</joint><joint name="HeadPitch">0.315962190476</joint><joint name="RElbowYaw">0.203980120339</joint><joint name="RHand">0.787273</joint><joint name="LElbowRoll">-1.54623081757</joint><joint name="LShoulderRoll">0.421807682963</joint><joint name="LHand">0.224389</joint><joint name="LAnkleRoll">-0.136484049374</joint><joint name="LHipYawPitch">-0.355846454543</joint><joint name="RAnkleRoll">0.0660039889873</joint><joint name="RAnklePitch">0.0460620314869</joint><joint name="LKneePitch">0.154892036995</joint><joint name="LHipRoll">0.105887903988</joint><joint name="RHipRoll">-0.0168320425727</joint><joint name="RShoulderPitch">-1.12898193462</joint><joint name="RElbowRoll">0.579894370621</joint><joint name="RKneePitch">0.13043194566</joint></state><state><joint name="LShoulderPitch">0.493905489034</joint><joint name="LHipPitch">-0.161028091046</joint><joint name="LElbowYaw">-1.21650321529</joint><joint name="LAnklePitch">0.0475120510295</joint><joint name="LWristYaw">0.575958653158</joint><joint name="RShoulderRoll">-1.01554949587</joint><joint name="RWristYaw">-0.138101969591</joint><joint name="HeadYaw">-0.0583339650565</joint><joint name="RHipPitch">-0.13963593947</joint><joint name="HeadPitch">0.315962190476</joint><joint name="RElbowYaw">0.447886392647</joint><joint name="RHand">0.787273</joint><joint name="LElbowRoll">-1.54623081757</joint><joint name="LShoulderRoll">0.421807682963</joint><joint name="LHand">0.618182</joint><joint name="LAnkleRoll">-0.136484049374</joint><joint name="LHipYawPitch">-0.355846454543</joint><joint name="RAnkleRoll">0.0660039889873</joint><joint name="RAnklePitch">0.0460620314869</joint><joint name="LKneePitch">0.154892036995</joint><joint name="LHipRoll">0.105887903988</joint><joint name="RHipRoll">-0.0168320425727</joint><joint name="RShoulderPitch">-1.13511851227</joint><joint name="RElbowRoll">1.37604027155</joint><joint name="RKneePitch">0.13043194566</joint></state><state><joint name="LShoulderPitch">-0.909704003383</joint><joint name="LHipPitch">-0.161028091046</joint><joint name="LElbowYaw">-0.869819739316</joint><joint name="LAnklePitch">0.0475120510295</joint><joint name="LWristYaw">0.575958653158</joint><joint name="RShoulderRoll">-1.01554949587</joint><joint name="RWristYaw">-0.138101969591</joint><joint name="HeadYaw">-0.0199840199353</joint><joint name="RHipPitch">-0.13963593947</joint><joint name="HeadPitch">-0.242414015797</joint><joint name="RElbowYaw">0.447886392647</joint><joint name="RHand">0.787273</joint><joint name="LElbowRoll">-1.3544802193</joint><joint name="LShoulderRoll">0.595150293613</joint><joint name="LHand">0.618182</joint><joint name="LAnkleRoll">-0.136484049374</joint><joint name="LHipYawPitch">-0.355846454543</joint><joint name="RAnkleRoll">0.0660039889873</joint><joint name="RAnklePitch">0.0460620314869</joint><joint name="LKneePitch">0.154892036995</joint><joint name="LHipRoll">0.105887903988</joint><joint name="RHipRoll">-0.0168320425727</joint><joint name="RShoulderPitch">-1.13511851227</joint><joint name="RElbowRoll">1.37604027155</joint><joint name="RKneePitch">0.13043194566</joint></state><state><joint name="LShoulderPitch">-0.909704003383</joint><joint name="LHipPitch">-0.161028091046</joint><joint name="LElbowYaw">-0.869819739316</joint><joint name="LAnklePitch">0.0475120510295</joint><joint name="LWristYaw">0.575958653158</joint><joint name="RShoulderRoll">-0.386609627939</joint><joint name="RWristYaw">-0.13963593947</joint><joint name="HeadYaw">-0.0199840199353</joint><joint name="RHipPitch">-0.13963593947</joint><joint name="HeadPitch">-0.242414015797</joint><joint name="RElbowYaw">0.262272372026</joint><joint name="RHand">0.7</joint><joint name="LElbowRoll">-1.3544802193</joint><joint name="LShoulderRoll">0.595150293613</joint><joint name="LHand">0.618182</joint><joint name="LAnkleRoll">-0.136484049374</joint><joint name="LHipYawPitch">-0.355846454543</joint><joint name="RAnkleRoll">0.0660039889873</joint><joint name="RAnklePitch">0.0460620314869</joint><joint name="LKneePitch">0.154892036995</joint><joint name="LHipRoll">0.105887903988</joint><joint name="RHipRoll">-0.0168320425727</joint><joint name="RShoulderPitch">-0.880473229071</joint><joint name="RElbowRoll">0.607505479388</joint><joint name="RKneePitch">0.13043194566</joint></state><state><joint name="LShoulderPitch">-0.719487549525</joint><joint name="LHipPitch">0.0215179898149</joint><joint name="LElbowYaw">-0.589097491767</joint><joint name="LAnklePitch">0.0168320425727</joint><joint name="LWristYaw">0.314159265359</joint><joint name="RShoulderRoll">-0.386609627939</joint><joint name="RWristYaw">-0.13963593947</joint><joint name="HeadYaw">-0.0445278870744</joint><joint name="RHipPitch">-0.00771196419274</joint><joint name="HeadPitch">0.219319819135</joint><joint name="RElbowYaw">0.262272372026</joint><joint name="RHand">0.7</joint><joint name="LElbowRoll">-0.699461641688</joint><joint name="LShoulderRoll">0.423341827376</joint><joint name="LHand">0.743636</joint><joint name="LAnkleRoll">-0.147222013064</joint><joint name="LHipYawPitch">-0.305224924918</joint><joint name="RAnkleRoll">0.0920820005389</joint><joint name="RAnklePitch">0.0261198994536</joint><joint name="LKneePitch">0.110406037823</joint><joint name="LHipRoll">0.14116990935</joint><joint name="RHipRoll">-0.0781919722198</joint><joint name="RShoulderPitch">-0.880473229071</joint><joint name="RElbowRoll">0.607505479388</joint><joint name="RKneePitch">0.113557927919</joint></state><state><joint name="LShoulderPitch">-0.719487549525</joint><joint name="LHipPitch">0.0215179898149</joint><joint name="LElbowYaw">-0.589097491767</joint><joint name="LAnklePitch">0.0168320425727</joint><joint name="LWristYaw">0.314159265359</joint><joint name="RShoulderRoll">-1.34842741746</joint><joint name="RWristYaw">-0.13963593947</joint><joint name="HeadYaw">-0.0445278870744</joint><joint name="RHipPitch">-0.00771196419274</joint><joint name="HeadPitch">0.219319819135</joint><joint name="RElbowYaw">0.671850532921</joint><joint name="RHand">0.7</joint><joint name="LElbowRoll">-0.699461641688</joint><joint name="LShoulderRoll">0.423341827376</joint><joint name="LHand">0.743636</joint><joint name="LAnkleRoll">-0.147222013064</joint><joint name="LHipYawPitch">-0.305224924918</joint><joint name="RAnkleRoll">0.0920820005389</joint><joint name="RAnklePitch">0.0261198994536</joint><joint name="LKneePitch">0.110406037823</joint><joint name="LHipRoll">0.14116990935</joint><joint name="RHipRoll">-0.0781919722198</joint><joint name="RShoulderPitch">-1.01086328683</joint><joint name="RElbowRoll">1.45734119877</joint><joint name="RKneePitch">0.113557927919</joint></state><state><joint name="LShoulderPitch">-0.411154193209</joint><joint name="LHipPitch">0.0215179898149</joint><joint name="LElbowYaw">-1.397516548</joint><joint name="LAnklePitch">0.0168320425727</joint><joint name="LWristYaw">0.314159265359</joint><joint name="RShoulderRoll">-1.34842741746</joint><joint name="RWristYaw">-0.145771993522</joint><joint name="HeadYaw">-0.0445278870744</joint><joint name="RHipPitch">-0.00771196419274</joint><joint name="HeadPitch">0.219319819135</joint><joint name="RElbowYaw">0.671850532921</joint><joint name="RHand">0.818182</joint><joint name="LElbowRoll">-1.54623081757</joint><joint name="LShoulderRoll">1.12437950138</joint><joint name="LHand">0.743636</joint><joint name="LAnkleRoll">-0.147222013064</joint><joint name="LHipYawPitch">-0.305224924918</joint><joint name="RAnkleRoll">0.0920820005389</joint><joint name="RAnklePitch">0.0261198994536</joint><joint name="LKneePitch">0.110406037823</joint><joint name="LHipRoll">0.14116990935</joint><joint name="RHipRoll">-0.0781919722198</joint><joint name="RShoulderPitch">-1.01086328683</joint><joint name="RElbowRoll">1.45734119877</joint><joint name="RKneePitch">0.113557927919</joint></state><state><joint name="LShoulderPitch">-0.411154193209</joint><joint name="LHipPitch">-0.28834933638</joint><joint name="LElbowYaw">-1.397516548</joint><joint name="LAnklePitch">0.0168320425727</joint><joint name="LWristYaw">0.314159265359</joint><joint name="RShoulderRoll">-1.34842741746</joint><joint name="RWristYaw">-0.145771993522</joint><joint name="HeadYaw">-0.0567999951769</joint><joint name="RHipPitch">-0.233209149322</joint><joint name="HeadPitch">-0.348259508284</joint><joint name="RElbowYaw">0.671850532921</joint><joint name="RHand">0.818182</joint><joint name="LElbowRoll">-1.54623081757</joint><joint name="LShoulderRoll">1.12437950138</joint><joint name="LHand">0.743636</joint><joint name="LAnkleRoll">-0.148755982944</joint><joint name="LHipYawPitch">-0.355846454543</joint><joint name="RAnkleRoll">0.102819964229</joint><joint name="RAnklePitch">0.0123139610979</joint><joint name="LKneePitch">0.332836033685</joint><joint name="LHipRoll">0.138101969591</joint><joint name="RHipRoll">-0.0459780811499</joint><joint name="RShoulderPitch">-1.01086328683</joint><joint name="RElbowRoll">1.45734119877</joint><joint name="RKneePitch">0.274627557801</joint></state><state><joint name="LShoulderPitch">-0.411154193209</joint><joint name="LHipPitch">-0.28834933638</joint><joint name="LElbowYaw">-1.397516548</joint><joint name="LAnklePitch">0.0168320425727</joint><joint name="LWristYaw">0.319030479301</joint><joint name="RShoulderRoll">-0.326783231839</joint><joint name="RWristYaw">-0.145771993522</joint><joint name="HeadYaw">-0.0567999951769</joint><joint name="RHipPitch">-0.233209149322</joint><joint name="HeadPitch">-0.348259508284</joint><joint name="RElbowYaw">0.357380598955</joint><joint name="RHand">0.818182</joint><joint name="LElbowRoll">-1.54623081757</joint><joint name="LShoulderRoll">1.12437950138</joint><joint name="LHand">0.715296</joint><joint name="LAnkleRoll">-0.148755982944</joint><joint name="LHipYawPitch">-0.355846454543</joint><joint name="RAnkleRoll">0.102819964229</joint><joint name="RAnklePitch">0.0123139610979</joint><joint name="LKneePitch">0.332836033685</joint><joint name="LHipRoll">0.138101969591</joint><joint name="RHipRoll">-0.0459780811499</joint><joint name="RShoulderPitch">-0.970980768091</joint><joint name="RElbowRoll">0.605971334975</joint><joint name="RKneePitch">0.274627557801</joint></state><state><joint name="LShoulderPitch">-0.95572309977</joint><joint name="LHipPitch">-0.28834933638</joint><joint name="LElbowYaw">-0.490922721342</joint><joint name="LAnklePitch">0.0168320425727</joint><joint name="LWristYaw">0.319030479301</joint><joint name="RShoulderRoll">-0.326783231839</joint><joint name="RWristYaw">-0.145771993522</joint><joint name="HeadYaw">-0.0690719287465</joint><joint name="RHipPitch">-0.233209149322</joint><joint name="HeadPitch">0.236193662343</joint><joint name="RElbowYaw">0.357380598955</joint><joint name="RHand">0.818182</joint><joint name="LElbowRoll">-0.506178644334</joint><joint name="LShoulderRoll">0.193242854781</joint><joint name="LHand">0.715296</joint><joint name="LAnkleRoll">-0.148755982944</joint><joint name="LHipYawPitch">-0.355846454543</joint><joint name="RAnkleRoll">0.102819964229</joint><joint name="RAnklePitch">0.0123139610979</joint><joint name="LKneePitch">0.332836033685</joint><joint name="LHipRoll">0.138101969591</joint><joint name="RHipRoll">-0.0459780811499</joint><joint name="RShoulderPitch">-0.970980768091</joint><joint name="RElbowRoll">0.605971334975</joint><joint name="RKneePitch">0.274627557801</joint></state><state><joint name="LShoulderPitch">-0.95572309977</joint><joint name="LHipPitch">-0.28834933638</joint><joint name="LElbowYaw">-0.490922721342</joint><joint name="LAnklePitch">0.0168320425727</joint><joint name="LWristYaw">0.319030479301</joint><joint name="RShoulderRoll">-0.900499136908</joint><joint name="RWristYaw">-0.145771993522</joint><joint name="HeadYaw">-0.0690719287465</joint><joint name="RHipPitch">-0.233209149322</joint><joint name="HeadPitch">0.236193662343</joint><joint name="RElbowYaw">1.6290658892</joint><joint name="RHand">0.818182</joint><joint name="LElbowRoll">-0.506178644334</joint><joint name="LShoulderRoll">0.193242854781</joint><joint name="LHand">0.715296</joint><joint name="LAnkleRoll">-0.148755982944</joint><joint name="LHipYawPitch">-0.355846454543</joint><joint name="RAnkleRoll">0.102819964229</joint><joint name="RAnklePitch">0.0123139610979</joint><joint name="LKneePitch">0.332836033685</joint><joint name="LHipRoll">0.138101969591</joint><joint name="RHipRoll">-0.0459780811499</joint><joint name="RShoulderPitch">0.158043927091</joint><joint name="RElbowRoll">1.54938113687</joint><joint name="RKneePitch">0.274627557801</joint></state><state><joint name="LShoulderPitch">0.349709876893</joint><joint name="LHipPitch">-0.28834933638</joint><joint name="LElbowYaw">-1.19656282858</joint><joint name="LAnklePitch">0.0168320425727</joint><joint name="LWristYaw">0.319030479301</joint><joint name="RShoulderRoll">-0.900499136908</joint><joint name="RWristYaw">-0.225540172589</joint><joint name="HeadYaw">-0.0690719287465</joint><joint name="RHipPitch">-0.233209149322</joint><joint name="HeadPitch">0.236193662343</joint><joint name="RElbowYaw">1.6290658892</joint><joint name="RHand">0.514873</joint><joint name="LElbowRoll">-1.54776321666</joint><joint name="LShoulderRoll">0.46169194703</joint><joint name="LHand">0.715296</joint><joint name="LAnkleRoll">-0.148755982944</joint><joint name="LHipYawPitch">-0.355846454543</joint><joint name="RAnkleRoll">0.102819964229</joint><joint name="RAnklePitch">0.0123139610979</joint><joint name="LKneePitch">0.332836033685</joint><joint name="LHipRoll">0.138101969591</joint><joint name="RHipRoll">-0.0459780811499</joint><joint name="RShoulderPitch">0.158043927091</joint><joint name="RElbowRoll">1.54938113687</joint><joint name="RKneePitch">0.274627557801</joint></state><state><joint name="LShoulderPitch">0.349709876893</joint><joint name="LHipPitch">-0.805308879504</joint><joint name="LElbowYaw">-1.19656282858</joint><joint name="LAnklePitch">-0.242414015797</joint><joint name="LWristYaw">0.319030479301</joint><joint name="RShoulderRoll">-0.900499136908</joint><joint name="RWristYaw">-0.225540172589</joint><joint name="HeadYaw">-0.102819964229</joint><joint name="RHipPitch">-0.799256077658</joint><joint name="HeadPitch">-0.320648399518</joint><joint name="RElbowYaw">1.6290658892</joint><joint name="RHand">0.514873</joint><joint name="LElbowRoll">-1.54776321666</joint><joint name="LShoulderRoll">0.46169194703</joint><joint name="LHand">0.715296</joint><joint name="LAnkleRoll">-0.162562060926</joint><joint name="LHipYawPitch">-0.463226091443</joint><joint name="RAnkleRoll">0.0905480306593</joint><joint name="RAnklePitch">-0.223922252372</joint><joint name="LKneePitch">0.998591876858</joint><joint name="LHipRoll">0.0905480306593</joint><joint name="RHipRoll">0.00924586425915</joint><joint name="RShoulderPitch">0.158043927091</joint><joint name="RElbowRoll">1.54938113687</joint><joint name="RKneePitch">0.960325533008</joint></state><state><joint name="LShoulderPitch">0.349709876893</joint><joint name="LHipPitch">-0.805308879504</joint><joint name="LElbowYaw">-1.19656282858</joint><joint name="LAnklePitch">-0.242414015797</joint><joint name="LWristYaw">0.28221450406</joint><joint name="RShoulderRoll">-0.205598040556</joint><joint name="RWristYaw">-0.225540172589</joint><joint name="HeadYaw">-0.102819964229</joint><joint name="RHipPitch">-0.799256077658</joint><joint name="HeadPitch">-0.320648399518</joint><joint name="RElbowYaw">0.0935320200815</joint><joint name="RHand">0.514873</joint><joint name="LElbowRoll">-1.54776321666</joint><joint name="LShoulderRoll">0.46169194703</joint><joint name="LHand">0.688387</joint><joint name="LAnkleRoll">-0.162562060926</joint><joint name="LHipYawPitch">-0.463226091443</joint><joint name="RAnkleRoll">0.0905480306593</joint><joint name="RAnklePitch">-0.223922252372</joint><joint name="LKneePitch">0.998591876858</joint><joint name="LHipRoll">0.0905480306593</joint><joint name="RHipRoll">0.00924586425915</joint><joint name="RShoulderPitch">0.320648399518</joint><joint name="RElbowRoll">0.676536741963</joint><joint name="RKneePitch">0.960325533008</joint></state><state><joint name="LShoulderPitch">1.41123832658</joint><joint name="LHipPitch">-0.805308879504</joint><joint name="LElbowYaw">-1.16127925242</joint><joint name="LAnklePitch">-0.242414015797</joint><joint name="LWristYaw">0.28221450406</joint><joint name="RShoulderRoll">-0.205598040556</joint><joint name="RWristYaw">-0.225540172589</joint><joint name="HeadYaw">-0.194860774997</joint><joint name="RHipPitch">-0.799256077658</joint><joint name="HeadPitch">0.259876034963</joint><joint name="RElbowYaw">0.0935320200815</joint><joint name="RHand">0.514873</joint><joint name="LElbowRoll">-1.02160229772</joint><joint name="LShoulderRoll">0.368117864514</joint><joint name="LHand">0.688387</joint><joint name="LAnkleRoll">-0.162562060926</joint><joint name="LHipYawPitch">-0.463226091443</joint><joint name="RAnkleRoll">0.0905480306593</joint><joint name="RAnklePitch">-0.223922252372</joint><joint name="LKneePitch">0.998591876858</joint><joint name="LHipRoll">0.0905480306593</joint><joint name="RHipRoll">0.00924586425915</joint><joint name="RShoulderPitch">0.320648399518</joint><joint name="RElbowRoll">0.676536741963</joint><joint name="RKneePitch">0.960325533008</joint></state><state><joint name="LShoulderPitch">1.41123832658</joint><joint name="LHipPitch">-0.805308879504</joint><joint name="LElbowYaw">-1.16127925242</joint><joint name="LAnklePitch">-0.242414015797</joint><joint name="LWristYaw">0.28221450406</joint><joint name="RShoulderRoll">-0.362066807997</joint><joint name="RWristYaw">0.662645666446</joint><joint name="HeadYaw">-0.194860774997</joint><joint name="RHipPitch">-0.799256077658</joint><joint name="HeadPitch">0.259876034963</joint><joint name="RElbowYaw">0.450954681472</joint><joint name="RHand">0.6944</joint><joint name="LElbowRoll">-1.02160229772</joint><joint name="LShoulderRoll">0.368117864514</joint><joint name="LHand">0.688387</joint><joint name="LAnkleRoll">-0.162562060926</joint><joint name="LHipYawPitch">-0.463226091443</joint><joint name="RAnkleRoll">0.0905480306593</joint><joint name="RAnklePitch">-0.223922252372</joint><joint name="LKneePitch">0.998591876858</joint><joint name="LHipRoll">0.0905480306593</joint><joint name="RHipRoll">0.00924586425915</joint><joint name="RShoulderPitch">1.0508313267</joint><joint name="RElbowRoll">0.892830160175</joint><joint name="RKneePitch">0.960325533008</joint></state><state><joint name="LShoulderPitch">1.41123832658</joint><joint name="LHipPitch">-0.805308879504</joint><joint name="LElbowYaw">-1.16127925242</joint><joint name="LAnklePitch">-0.242414015797</joint><joint name="LWristYaw">0.28221450406</joint><joint name="RShoulderRoll">-0.362066807997</joint><joint name="RWristYaw">0.662645666446</joint><joint name="HeadYaw">-0.165713951022</joint><joint name="RHipPitch">-0.799256077658</joint><joint name="HeadPitch">-0.392432046323</joint><joint name="RElbowYaw">0.450954681472</joint><joint name="RHand">0.6944</joint><joint name="LElbowRoll">-1.02160229772</joint><joint name="LShoulderRoll">0.368117864514</joint><joint name="LHand">0.688387</joint><joint name="LAnkleRoll">-0.162562060926</joint><joint name="LHipYawPitch">-0.463226091443</joint><joint name="RAnkleRoll">0.0905480306593</joint><joint name="RAnklePitch">-0.223922252372</joint><joint name="LKneePitch">0.998591876858</joint><joint name="LHipRoll">0.0905480306593</joint><joint name="RHipRoll">0.00924586425915</joint><joint name="RShoulderPitch">1.0508313267</joint><joint name="RElbowRoll">0.892830160175</joint><joint name="RKneePitch">0.960325533008</joint></state><state><joint name="LShoulderPitch">1.33914052051</joint><joint name="LHipPitch">-0.805308879504</joint><joint name="LElbowYaw">-0.940383400975</joint><joint name="LAnklePitch">-0.242414015797</joint><joint name="LWristYaw">-0.276161702214</joint><joint name="RShoulderRoll">-0.362066807997</joint><joint name="RWristYaw">0.662645666446</joint><joint name="HeadYaw">-0.165713951022</joint><joint name="RHipPitch">-0.799256077658</joint><joint name="HeadPitch">-0.392432046323</joint><joint name="RElbowYaw">0.450954681472</joint><joint name="RHand">0.6944</joint><joint name="LElbowRoll">-1.15199235547</joint><joint name="LShoulderRoll">0.412604561818</joint><joint name="LHand">0.6992</joint><joint name="LAnkleRoll">-0.162562060926</joint><joint name="LHipYawPitch">-0.463226091443</joint><joint name="RAnkleRoll">0.0905480306593</joint><joint name="RAnklePitch">-0.223922252372</joint><joint name="LKneePitch">0.998591876858</joint><joint name="LHipRoll">0.0905480306593</joint><joint name="RHipRoll">0.00924586425915</joint><joint name="RShoulderPitch">1.0508313267</joint><joint name="RElbowRoll">0.892830160175</joint><joint name="RKneePitch">0.960325533008</joint></state><state><joint name="LShoulderPitch">1.33914052051</joint><joint name="LHipPitch">-0.805308879504</joint><joint name="LElbowYaw">-0.940383400975</joint><joint name="LAnklePitch">-0.242414015797</joint><joint name="LWristYaw">-0.276161702214</joint><joint name="RShoulderRoll">-0.362066807997</joint><joint name="RWristYaw">0.662645666446</joint><joint name="HeadYaw">-0.0752079827977</joint><joint name="RHipPitch">-0.799256077658</joint><joint name="HeadPitch">0.230730781784</joint><joint name="RElbowYaw">0.450954681472</joint><joint name="RHand">0.6944</joint><joint name="LElbowRoll">-1.15199235547</joint><joint name="LShoulderRoll">0.412604561818</joint><joint name="LHand">0.6992</joint><joint name="LAnkleRoll">-0.162562060926</joint><joint name="LHipYawPitch">-0.463226091443</joint><joint name="RAnkleRoll">0.0905480306593</joint><joint name="RAnklePitch">-0.223922252372</joint><joint name="LKneePitch">0.998591876858</joint><joint name="LHipRoll">0.0905480306593</joint><joint name="RHipRoll">0.00924586425915</joint><joint name="RShoulderPitch">1.0508313267</joint><joint name="RElbowRoll">0.892830160175</joint><joint name="RKneePitch">0.960325533008</joint></state><state><joint name="LShoulderPitch">1.33914052051</joint><joint name="LHipPitch">-0.805308879504</joint><joint name="LElbowYaw">-0.940383400975</joint><joint name="LAnklePitch">-0.242414015797</joint><joint name="LWristYaw">-0.276161702214</joint><joint name="RShoulderRoll">-0.362066807997</joint><joint name="RWristYaw">0.662645666446</joint><joint name="HeadYaw">-0.0752079827977</joint><joint name="RHipPitch">-0.799256077658</joint><joint name="HeadPitch">0.230730781784</joint><joint name="RElbowYaw">0.450954681472</joint><joint name="RHand">0.6944</joint><joint name="LElbowRoll">-1.15199235547</joint><joint name="LShoulderRoll">0.412604561818</joint><joint name="LHand">0.6992</joint><joint name="LAnkleRoll">-0.162562060926</joint><joint name="LHipYawPitch">-0.463226091443</joint><joint name="RAnkleRoll">0.0905480306593</joint><joint name="RAnklePitch">-0.223922252372</joint><joint name="LKneePitch">0.998591876858</joint><joint name="LHipRoll">0.0905480306593</joint><joint name="RHipRoll">0.00924586425915</joint><joint name="RShoulderPitch">1.0508313267</joint><joint name="RElbowRoll">0.892830160175</joint><joint name="RKneePitch">0.960325533008</joint></state><state><joint name="LShoulderPitch">1.33914052051</joint><joint name="LHipPitch">-0.805308879504</joint><joint name="LElbowYaw">-0.940383400975</joint><joint name="LAnklePitch">-0.242414015797</joint><joint name="LWristYaw">-0.276161702214</joint><joint name="RShoulderRoll">-0.415756626447</joint><joint name="RWristYaw">0.529187319863</joint><joint name="HeadYaw">-0.0123139610979</joint><joint name="RHipPitch">-0.799256077658</joint><joint name="HeadPitch">-0.363768504018</joint><joint name="RElbowYaw">0.466294380268</joint><joint name="RHand">0.7988</joint><joint name="LElbowRoll">-1.15199235547</joint><joint name="LShoulderRoll">0.412604561818</joint><joint name="LHand">0.6992</joint><joint name="LAnkleRoll">-0.162562060926</joint><joint name="LHipYawPitch">-0.463226091443</joint><joint name="RAnkleRoll">0.0905480306593</joint><joint name="RAnklePitch">-0.223922252372</joint><joint name="LKneePitch">0.998591876858</joint><joint name="LHipRoll">0.0905480306593</joint><joint name="RHipRoll">0.00924586425915</joint><joint name="RShoulderPitch">1.16281339684</joint><joint name="RElbowRoll">1.00174394149</joint><joint name="RKneePitch">0.960325533008</joint></state><state><joint name="LShoulderPitch">1.43884943534</joint><joint name="LHipPitch">-0.805308879504</joint><joint name="LElbowYaw">-0.934248568654</joint><joint name="LAnklePitch">-0.242414015797</joint><joint name="LWristYaw">-0.188724197347</joint><joint name="RShoulderRoll">-0.415756626447</joint><joint name="RWristYaw">0.529187319863</joint><joint name="HeadYaw">-4.19617294752e-05</joint><joint name="RHipPitch">-0.799256077658</joint><joint name="HeadPitch">0.145099692694</joint><joint name="RElbowYaw">0.466294380268</joint><joint name="RHand">0.7988</joint><joint name="LElbowRoll">-1.2026138851</joint><joint name="LShoulderRoll">0.415672850643</joint><joint name="LHand">0.6992</joint><joint name="LAnkleRoll">-0.162562060926</joint><joint name="LHipYawPitch">-0.463226091443</joint><joint name="RAnkleRoll">0.0905480306593</joint><joint name="RAnklePitch">-0.223922252372</joint><joint name="LKneePitch">0.998591876858</joint><joint name="LHipRoll">0.0905480306593</joint><joint name="RHipRoll">0.00924586425915</joint><joint name="RShoulderPitch">1.16281339684</joint><joint name="RElbowRoll">1.00174394149</joint><joint name="RKneePitch">0.960325533008</joint></state><state><joint name="LShoulderPitch">1.43884943534</joint><joint name="LHipPitch">-0.805308879504</joint><joint name="LElbowYaw">-0.934248568654</joint><joint name="LAnklePitch">-0.242414015797</joint><joint name="LWristYaw">-0.188724197347</joint><joint name="RShoulderRoll">-0.351327797109</joint><joint name="RWristYaw">0.529187319863</joint><joint name="HeadYaw">-4.19617294752e-05</joint><joint name="RHipPitch">-0.799256077658</joint><joint name="HeadPitch">0.145099692694</joint><joint name="RElbowYaw">0.513847621067</joint><joint name="RHand">0.7988</joint><joint name="LElbowRoll">-1.2026138851</joint><joint name="LShoulderRoll">0.415672850643</joint><joint name="LHand">0.6992</joint><joint name="LAnkleRoll">-0.162562060926</joint><joint name="LHipYawPitch">-0.463226091443</joint><joint name="RAnkleRoll">0.0905480306593</joint><joint name="RAnklePitch">-0.223922252372</joint><joint name="LKneePitch">0.998591876858</joint><joint name="LHipRoll">0.0905480306593</joint><joint name="RHipRoll">0.00924586425915</joint><joint name="RShoulderPitch">1.22877637059</joint><joint name="RElbowRoll">0.797721933246</joint><joint name="RKneePitch">0.960325533008</joint></state><state><joint name="LShoulderPitch">1.43884943534</joint><joint name="LHipPitch">-0.805308879504</joint><joint name="LElbowYaw">-0.934248568654</joint><joint name="LAnklePitch">-0.242414015797</joint><joint name="LWristYaw">-0.188724197347</joint><joint name="RShoulderRoll">-0.351327797109</joint><joint name="RWristYaw">0.529187319863</joint><joint name="HeadYaw">-0.0322559535049</joint><joint name="RHipPitch">-0.799256077658</joint><joint name="HeadPitch">-0.310897244987</joint><joint name="RElbowYaw">0.513847621067</joint><joint name="RHand">0.7988</joint><joint name="LElbowRoll">-1.2026138851</joint><joint name="LShoulderRoll">0.415672850643</joint><joint name="LHand">0.6992</joint><joint name="LAnkleRoll">-0.162562060926</joint><joint name="LHipYawPitch">-0.463226091443</joint><joint name="RAnkleRoll">0.0905480306593</joint><joint name="RAnklePitch">-0.223922252372</joint><joint name="LKneePitch">0.998591876858</joint><joint name="LHipRoll">0.0905480306593</joint><joint name="RHipRoll">0.00924586425915</joint><joint name="RShoulderPitch">1.22877637059</joint><joint name="RElbowRoll">0.797721933246</joint><joint name="RKneePitch">0.960325533008</joint></state><state><joint name="LShoulderPitch">1.52015210789</joint><joint name="LHipPitch">-0.805308879504</joint><joint name="LElbowYaw">-0.903567425733</joint><joint name="LAnklePitch">-0.242414015797</joint><joint name="LWristYaw">-0.188724197347</joint><joint name="RShoulderRoll">-0.351327797109</joint><joint name="RWristYaw">0.529187319863</joint><joint name="HeadYaw">-0.0322559535049</joint><joint name="RHipPitch">-0.799256077658</joint><joint name="HeadPitch">-0.310897244987</joint><joint name="RElbowYaw">0.513847621067</joint><joint name="RHand">0.7988</joint><joint name="LElbowRoll">-0.937231336345</joint><joint name="LShoulderRoll">0.363515431276</joint><joint name="LHand">0.6992</joint><joint name="LAnkleRoll">-0.162562060926</joint><joint name="LHipYawPitch">-0.463226091443</joint><joint name="RAnkleRoll">0.0905480306593</joint><joint name="RAnklePitch">-0.223922252372</joint><joint name="LKneePitch">0.998591876858</joint><joint name="LHipRoll">0.0905480306593</joint><joint name="RHipRoll">0.00924586425915</joint><joint name="RShoulderPitch">1.22877637059</joint><joint name="RElbowRoll">0.797721933246</joint><joint name="RKneePitch">0.960325533008</joint></state><state><joint name="LShoulderPitch">1.52015210789</joint><joint name="LHipPitch">-0.805308879504</joint><joint name="LElbowYaw">-0.903567425733</joint><joint name="LAnklePitch">-0.242414015797</joint><joint name="LWristYaw">-0.188724197347</joint><joint name="RShoulderRoll">-0.351327797109</joint><joint name="RWristYaw">0.0873961405631</joint><joint name="HeadYaw">-0.0429939171949</joint><joint name="RHipPitch">-0.799256077658</joint><joint name="HeadPitch">0.113427202758</joint><joint name="RElbowYaw">0.513847621067</joint><joint name="RHand">0.5424</joint><joint name="LElbowRoll">-0.937231336345</joint><joint name="LShoulderRoll">0.363515431276</joint><joint name="LHand">0.6992</joint><joint name="LAnkleRoll">-0.162562060926</joint><joint name="LHipYawPitch">-0.463226091443</joint><joint name="RAnkleRoll">0.0905480306593</joint><joint name="RAnklePitch">-0.223922252372</joint><joint name="LKneePitch">0.998591876858</joint><joint name="LHipRoll">0.0905480306593</joint><joint name="RHipRoll">0.00924586425915</joint><joint name="RShoulderPitch">1.22877637059</joint><joint name="RElbowRoll">0.797721933246</joint><joint name="RKneePitch">0.960325533008</joint></state><state><joint name="LShoulderPitch">1.52015210789</joint><joint name="LHipPitch">-0.805308879504</joint><joint name="LElbowYaw">-0.903567425733</joint><joint name="LAnklePitch">-0.242414015797</joint><joint name="LWristYaw">0.0429101413908</joint><joint name="RShoulderRoll">-0.351327797109</joint><joint name="RWristYaw">0.0873961405631</joint><joint name="HeadYaw">-0.0429939171949</joint><joint name="RHipPitch">-0.799256077658</joint><joint name="HeadPitch">0.113427202758</joint><joint name="RElbowYaw">0.513847621067</joint><joint name="RHand">0.5424</joint><joint name="LElbowRoll">-0.937231336345</joint><joint name="LShoulderRoll">0.363515431276</joint><joint name="LHand">0.684</joint><joint name="LAnkleRoll">-0.162562060926</joint><joint name="LHipYawPitch">-0.463226091443</joint><joint name="RAnkleRoll">0.0905480306593</joint><joint name="RAnklePitch">-0.223922252372</joint><joint name="LKneePitch">0.998591876858</joint><joint name="LHipRoll">0.0905480306593</joint><joint name="RHipRoll">0.00924586425915</joint><joint name="RShoulderPitch">1.22877637059</joint><joint name="RElbowRoll">0.797721933246</joint><joint name="RKneePitch">0.960325533008</joint></state><state><joint name="LShoulderPitch">1.52015210789</joint><joint name="LHipPitch">-0.805308879504</joint><joint name="LElbowYaw">-0.903567425733</joint><joint name="LAnklePitch">-0.242414015797</joint><joint name="LWristYaw">0.0429101413908</joint><joint name="RShoulderRoll">-0.371269929143</joint><joint name="RWristYaw">0.0873961405631</joint><joint name="HeadYaw">-0.0552660252973</joint><joint name="RHipPitch">-0.799256077658</joint><joint name="HeadPitch">-0.138206863879</joint><joint name="RElbowYaw">0.639635245588</joint><joint name="RHand">0.5424</joint><joint name="LElbowRoll">-0.937231336345</joint><joint name="LShoulderRoll">0.363515431276</joint><joint name="LHand">0.684</joint><joint name="LAnkleRoll">-0.162562060926</joint><joint name="LHipYawPitch">-0.463226091443</joint><joint name="RAnkleRoll">0.0905480306593</joint><joint name="RAnklePitch">-0.223922252372</joint><joint name="LKneePitch">0.998591876858</joint><joint name="LHipRoll">0.0905480306593</joint><joint name="RHipRoll">0.00924586425915</joint><joint name="RShoulderPitch">1.23797949173</joint><joint name="RElbowRoll">1.13520228807</joint><joint name="RKneePitch">0.960325533008</joint></state><state><joint name="LShoulderPitch">1.37288820692</joint><joint name="LHipPitch">-0.805308879504</joint><joint name="LElbowYaw">-0.791585355596</joint><joint name="LAnklePitch">-0.242414015797</joint><joint name="LWristYaw">0.0429101413908</joint><joint name="RShoulderRoll">-0.371269929143</joint><joint name="RWristYaw">0.0873961405631</joint><joint name="HeadYaw">-0.0552660252973</joint><joint name="RHipPitch">-0.799256077658</joint><joint name="HeadPitch">-0.138206863879</joint><joint name="RElbowYaw">0.639635245588</joint><joint name="RHand">0.5424</joint><joint name="LElbowRoll">-1.25783784796</joint><joint name="LShoulderRoll">0.412604561818</joint><joint name="LHand">0.684</joint><joint name="LAnkleRoll">-0.162562060926</joint><joint name="LHipYawPitch">-0.463226091443</joint><joint name="RAnkleRoll">0.0905480306593</joint><joint name="RAnklePitch">-0.223922252372</joint><joint name="LKneePitch">0.998591876858</joint><joint name="LHipRoll">0.0905480306593</joint><joint name="RHipRoll">0.00924586425915</joint><joint name="RShoulderPitch">1.23797949173</joint><joint name="RElbowRoll">1.13520228807</joint><joint name="RKneePitch">0.960325533008</joint></state><state><joint name="LShoulderPitch">1.37288820692</joint><joint name="LHipPitch">-0.805308879504</joint><joint name="LElbowYaw">-0.791585355596</joint><joint name="LAnklePitch">-0.242414015797</joint><joint name="LWristYaw">0.0429101413908</joint><joint name="RShoulderRoll">-0.371269929143</joint><joint name="RWristYaw">0.0873961405631</joint><joint name="HeadYaw">-0.0552660252973</joint><joint name="RHipPitch">-0.799256077658</joint><joint name="HeadPitch">-0.138206863879</joint><joint name="RElbowYaw">0.639635245588</joint><joint name="RHand">0.5424</joint><joint name="LElbowRoll">-1.25783784796</joint><joint name="LShoulderRoll">0.412604561818</joint><joint name="LHand">0.684</joint><joint name="LAnkleRoll">-0.162562060926</joint><joint name="LHipYawPitch">-0.463226091443</joint><joint name="RAnkleRoll">0.0905480306593</joint><joint name="RAnklePitch">-0.223922252372</joint><joint name="LKneePitch">0.998591876858</joint><joint name="LHipRoll">0.0905480306593</joint><joint name="RHipRoll">0.00924586425915</joint><joint name="RShoulderPitch">1.23797949173</joint><joint name="RElbowRoll">1.13520228807</joint><joint name="RKneePitch">0.960325533008</joint></state><state><joint name="LShoulderPitch">1.37288820692</joint><joint name="LHipPitch">-0.805308879504</joint><joint name="LElbowYaw">-0.791585355596</joint><joint name="LAnklePitch">-0.242414015797</joint><joint name="LWristYaw">0.0429101413908</joint><joint name="RShoulderRoll">-0.371269929143</joint><joint name="RWristYaw">0.0873961405631</joint><joint name="HeadYaw">0.0321720031679</joint><joint name="RHipPitch">-0.799256077658</joint><joint name="HeadPitch">0.201243444072</joint><joint name="RElbowYaw">0.639635245588</joint><joint name="RHand">0.5424</joint><joint name="LElbowRoll">-1.25783784796</joint><joint name="LShoulderRoll">0.412604561818</joint><joint name="LHand">0.684</joint><joint name="LAnkleRoll">-0.162562060926</joint><joint name="LHipYawPitch">-0.463226091443</joint><joint name="RAnkleRoll">0.0905480306593</joint><joint name="RAnklePitch">-0.223922252372</joint><joint name="LKneePitch">0.998591876858</joint><joint name="LHipRoll">0.0905480306593</joint><joint name="RHipRoll">0.00924586425915</joint><joint name="RShoulderPitch">1.23797949173</joint><joint name="RElbowRoll">1.13520228807</joint><joint name="RKneePitch">0.960325533008</joint></state><state><joint name="LShoulderPitch">1.37288820692</joint><joint name="LHipPitch">-0.805308879504</joint><joint name="LElbowYaw">-0.791585355596</joint><joint name="LAnklePitch">-0.242414015797</joint><joint name="LWristYaw">0.0429101413908</joint><joint name="RShoulderRoll">-0.371269929143</joint><joint name="RWristYaw">0.0873961405631</joint><joint name="HeadYaw">0.0321720031679</joint><joint name="RHipPitch">-0.799256077658</joint><joint name="HeadPitch">0.201243444072</joint><joint name="RElbowYaw">0.639635245588</joint><joint name="RHand">0.5424</joint><joint name="LElbowRoll">-1.25783784796</joint><joint name="LShoulderRoll">0.412604561818</joint><joint name="LHand">0.684</joint><joint name="LAnkleRoll">-0.162562060926</joint><joint name="LHipYawPitch">-0.463226091443</joint><joint name="RAnkleRoll">0.0905480306593</joint><joint name="RAnklePitch">-0.223922252372</joint><joint name="LKneePitch">0.998591876858</joint><joint name="LHipRoll">0.0905480306593</joint><joint name="RHipRoll">0.00924586425915</joint><joint name="RShoulderPitch">1.23797949173</joint><joint name="RElbowRoll">1.13520228807</joint><joint name="RKneePitch">0.960325533008</joint></state><state><joint name="LShoulderPitch">1.37288820692</joint><joint name="LHipPitch">-0.805308879504</joint><joint name="LElbowYaw">-0.791585355596</joint><joint name="LAnklePitch">-0.242414015797</joint><joint name="LWristYaw">0.0429101413908</joint><joint name="RShoulderRoll">-0.122761921729</joint><joint name="RWristYaw">0.161028091046</joint><joint name="HeadYaw">0.0321720031679</joint><joint name="RHipPitch">-0.799256077658</joint><joint name="HeadPitch">0.153801206213</joint><joint name="RElbowYaw">1.17346863192</joint><joint name="RHand">0.410207</joint><joint name="LElbowRoll">-1.25783784796</joint><joint name="LShoulderRoll">0.412604561818</joint><joint name="LHand">0.684</joint><joint name="LAnkleRoll">-0.162562060926</joint><joint name="LHipYawPitch">-0.463226091443</joint><joint name="RAnkleRoll">0.0905480306593</joint><joint name="RAnklePitch">-0.223922252372</joint><joint name="LKneePitch">0.998591876858</joint><joint name="LHipRoll">0.0905480306593</joint><joint name="RHipRoll">0.00924586425915</joint><joint name="RShoulderPitch">1.48341990845</joint><joint name="RElbowRoll">0.440299446388</joint><joint name="RKneePitch">0.960325533008</joint></state><state><joint name="LShoulderPitch">1.5968523472</joint><joint name="LHipPitch">0.211734618206</joint><joint name="LElbowYaw">-1.21650321529</joint><joint name="LAnklePitch">0.0674540085299</joint><joint name="LWristYaw">0.116542091874</joint><joint name="RShoulderRoll">-0.122761921729</joint><joint name="RWristYaw">0.161028091046</joint><joint name="HeadYaw">0.0321720031679</joint><joint name="RHipPitch">0.193242854781</joint><joint name="HeadPitch">0.153801206213</joint><joint name="RElbowYaw">1.17346863192</joint><joint name="RHand">0.410207</joint><joint name="LElbowRoll">-0.590547860376</joint><joint name="LShoulderRoll">0.17483486716</joint><joint name="LHand">0.232025</joint><joint name="LAnkleRoll">-0.110406037823</joint><joint name="LHipYawPitch">-0.142620103425</joint><joint name="RAnkleRoll">0.0660039889873</joint><joint name="RAnklePitch">0.0767419526773</joint><joint name="LKneePitch">-0.0920820005389</joint><joint name="LHipRoll">0.12122795185</joint><joint name="RHipRoll">-0.0735900625811</joint><joint name="RShoulderPitch">1.48341990845</joint><joint name="RElbowRoll">0.440299446388</joint><joint name="RKneePitch">-0.0766580023402</joint></state><state><joint name="LShoulderPitch">1.5968523472</joint><joint name="LHipPitch">0.211734618206</joint><joint name="LElbowYaw">-1.21650321529</joint><joint name="LAnklePitch">0.0674540085299</joint><joint name="LWristYaw">0.116542091874</joint><joint name="RShoulderRoll">-0.122761921729</joint><joint name="RWristYaw">0.161028091046</joint><joint name="HeadYaw">-0.00157596250138</joint><joint name="RHipPitch">0.193242854781</joint><joint name="HeadPitch">-0.17798518646</joint><joint name="RElbowYaw">1.17346863192</joint><joint name="RHand">0.410207</joint><joint name="LElbowRoll">-0.590547860376</joint><joint name="LShoulderRoll">0.17483486716</joint><joint name="LHand">0.232025</joint><joint name="LAnkleRoll">-0.110406037823</joint><joint name="LHipYawPitch">-0.142620103425</joint><joint name="RAnkleRoll">0.0660039889873</joint><joint name="RAnklePitch">0.0767419526773</joint><joint name="LKneePitch">-0.0920820005389</joint><joint name="LHipRoll">0.12122795185</joint><joint name="RHipRoll">-0.0735900625811</joint><joint name="RShoulderPitch">1.48341990845</joint><joint name="RElbowRoll">0.440299446388</joint><joint name="RKneePitch">-0.0766580023402</joint></state><state><joint name="LShoulderPitch">1.5968523472</joint><joint name="LHipPitch">0.211734618206</joint><joint name="LElbowYaw">-1.21650321529</joint><joint name="LAnklePitch">0.0674540085299</joint><joint name="LWristYaw">0.116542091874</joint><joint name="RShoulderRoll">-0.122761921729</joint><joint name="RWristYaw">0.161028091046</joint><joint name="HeadYaw">-0.00157596250138</joint><joint name="RHipPitch">0.193242854781</joint><joint name="HeadPitch">-0.17798518646</joint><joint name="RElbowYaw">1.17346863192</joint><joint name="RHand">0.410207</joint><joint name="LElbowRoll">-0.590547860376</joint><joint name="LShoulderRoll">0.17483486716</joint><joint name="LHand">0.232025</joint><joint name="LAnkleRoll">-0.110406037823</joint><joint name="LHipYawPitch">-0.142620103425</joint><joint name="RAnkleRoll">0.0660039889873</joint><joint name="RAnklePitch">0.0767419526773</joint><joint name="LKneePitch">-0.0920820005389</joint><joint name="LHipRoll">0.12122795185</joint><joint name="RHipRoll">-0.0735900625811</joint><joint name="RShoulderPitch">1.48341990845</joint><joint name="RElbowRoll">0.440299446388</joint><joint name="RKneePitch">-0.0766580023402</joint></state><state name="pivot"><joint name="LShoulderPitch">1.5968523472</joint><joint name="LHipPitch">0.211734618206</joint><joint name="LElbowYaw">-1.21650321529</joint><joint name="LAnklePitch">0.0674540085299</joint><joint name="LWristYaw">0.116542091874</joint><joint name="RShoulderRoll">-0.122761921729</joint><joint name="RWristYaw">0.161028091046</joint><joint name="HeadYaw">-0.00157596250138</joint><joint name="RHipPitch">0.193242854781</joint><joint name="HeadPitch">-0.17798518646</joint><joint name="RElbowYaw">1.17346863192</joint><joint name="RHand">0.410207</joint><joint name="LElbowRoll">-0.590547860376</joint><joint name="LShoulderRoll">0.17483486716</joint><joint name="LHand">0.232025</joint><joint name="LAnkleRoll">-0.110406037823</joint><joint name="LHipYawPitch">-0.142620103425</joint><joint name="RAnkleRoll">0.0660039889873</joint><joint name="RAnklePitch">0.0767419526773</joint><joint name="LKneePitch">-0.0920820005389</joint><joint name="LHipRoll">0.12122795185</joint><joint name="RHipRoll">-0.0735900625811</joint><joint name="RShoulderPitch">1.48341990845</joint><joint name="RElbowRoll">0.440299446388</joint><joint name="RKneePitch">-0.0766580023402</joint></state></actuators><speed>adjusted_norm</speed></robot>