<robot name="nao"><emotion name="neutral" /><repeat>0</repeat><actuators><state><joint name="LShoulderPitch">1.57079632679</joint><joint name="LHipPitch">0.0</joint><joint name="LElbowYaw">-1.57079632679</joint><joint name="LAnklePitch">1.00402683215e-07</joint><joint name="LWristYaw">-1.53588974176</joint><joint name="RShoulderRoll">-0.174532925199</joint><joint name="RWristYaw">1.53588974176</joint><joint name="HeadYaw">0.0</joint><joint name="RHipPitch">0.0</joint><joint name="HeadPitch">0.0</joint><joint name="RElbowYaw">1.57079632679</joint><joint name="RHand">0.0</joint><joint name="LElbowRoll">0.0</joint><joint name="LShoulderRoll">0.174532925199</joint><joint name="RHipYawPitch">-0.108210413624</joint><joint name="LHand">0.0</joint><joint name="LAnkleRoll">0.0523598775598</joint><joint name="LHipYawPitch">-0.108210413624</joint><joint name="RAnkleRoll">-0.0523598775598</joint><joint name="RAnklePitch">1.00402857748e-07</joint><joint name="LKneePitch">0.0</joint><joint name="LHipRoll">-0.0523598775598</joint><joint name="RHipRoll">0.0523598775598</joint><joint name="RShoulderPitch">1.57079632679</joint><joint name="RElbowRoll">0.0</joint><joint name="RKneePitch">0.0</joint></state><state><joint name="LShoulderPitch">1.91986217719</joint><joint name="LHipPitch">0.0</joint><joint name="LElbowYaw">-1.57079632679</joint><joint name="LAnklePitch">0.0</joint><joint name="LWristYaw">-1.53588974176</joint><joint name="RShoulderRoll">-0.174532925199</joint><joint name="RWristYaw">1.53588974176</joint><joint name="HeadYaw">8.42936432848e-08</joint><joint name="RHipPitch">0.0</joint><joint name="HeadPitch">8.95233478555e-08</joint><joint name="RElbowYaw">1.57079632679</joint><joint name="RHand">0.0</joint><joint name="LElbowRoll">-0.698131700798</joint><joint name="LShoulderRoll">0.349065850399</joint><joint name="RHipYawPitch">-0.120427718388</joint><joint name="LHand">0.0</joint><joint name="LAnkleRoll">0.12217304764</joint><joint name="LHipYawPitch">-0.120427718388</joint><joint name="RAnkleRoll">0.1308996939</joint><joint name="RAnklePitch">0.0</joint><joint name="LKneePitch">0.0</joint><joint name="LHipRoll">-0.12217304764</joint><joint name="RHipRoll">-0.12217304764</joint><joint name="RShoulderPitch">1.91986217719</joint><joint name="RElbowRoll">0.698131700798</joint><joint name="RKneePitch">0.0</joint></state><state><joint name="LShoulderPitch">2.09439510239</joint><joint name="LHipPitch">-0.346264596949</joint><joint name="LElbowYaw">-1.57079632679</joint><joint name="LAnklePitch">-0.386609627939</joint><joint name="LWristYaw">-1.53588974176</joint><joint name="RShoulderRoll">-0.349065850399</joint><joint name="RWristYaw">1.53588974176</joint><joint name="HeadYaw">8.42938178177e-08</joint><joint name="RHipPitch">0.00235115048865</joint><joint name="HeadPitch">-4.76837914279e-07</joint><joint name="RElbowYaw">1.57079632679</joint><joint name="RHand">0.0</joint><joint name="LElbowRoll">-1.0471975512</joint><joint name="LShoulderRoll">0.174532925199</joint><joint name="RHipYawPitch">-0.131881965203</joint><joint name="LHand">0.0</joint><joint name="LAnkleRoll">0.171574243051</joint><joint name="LHipYawPitch">-0.121144001513</joint><joint name="RAnkleRoll">0.395011642958</joint><joint name="RAnklePitch">0.00464395462041</joint><joint name="LKneePitch">0.747016627817</joint><joint name="LHipRoll">-0.199377687102</joint><joint name="RHipRoll">-0.43455556782</joint><joint name="RShoulderPitch">2.09439510239</joint><joint name="RElbowRoll">1.0471975512</joint><joint name="RKneePitch">0.00310996728754</joint></state><state><joint name="LShoulderPitch">1.57079632679</joint><joint name="LHipPitch">-0.000667878163544</joint><joint name="LElbowYaw">-1.57079632679</joint><joint name="LAnklePitch">-0.00994622998139</joint><joint name="LWristYaw">-1.53588974176</joint><joint name="RShoulderRoll">-0.174532925199</joint><joint name="RWristYaw">1.53588974176</joint><joint name="HeadYaw">8.42938178177e-08</joint><joint name="RHipPitch">0.00374617470648</joint><joint name="HeadPitch">8.89454693401e-08</joint><joint name="RElbowYaw">1.57079632679</joint><joint name="RHand">0.0</joint><joint name="LElbowRoll">0.0</joint><joint name="LShoulderRoll">0.174532925199</joint><joint name="RHipYawPitch">-0.123034891224</joint><joint name="LHand">0.0</joint><joint name="LAnkleRoll">-0.121144001513</joint><joint name="LHipYawPitch">-0.123034891224</joint><joint name="RAnkleRoll">0.116626042211</joint><joint name="RAnklePitch">-0.00609404397614</joint><joint name="LKneePitch">0.00166020081773</joint><joint name="LHipRoll">0.104071888901</joint><joint name="RHipRoll">-0.105561178352</joint><joint name="RShoulderPitch">1.57079632679</joint><joint name="RElbowRoll">2.57423847364e-07</joint><joint name="RKneePitch">-0.00717126119047</joint></state><state><joint name="LShoulderPitch">0.0</joint><joint name="LHipPitch">0.0</joint><joint name="LElbowYaw">-1.57079632679</joint><joint name="LAnklePitch">0.0</joint><joint name="LWristYaw">-1.53588974176</joint><joint name="RShoulderRoll">-0.174514773775</joint><joint name="RWristYaw">1.53588974176</joint><joint name="HeadYaw">-4.76837914279e-07</joint><joint name="RHipPitch">0.0</joint><joint name="HeadPitch">1.04975620388e-07</joint><joint name="RElbowYaw">1.57079632679</joint><joint name="RHand">0.0</joint><joint name="LElbowRoll">0.0</joint><joint name="LShoulderRoll">0.174532925199</joint><joint name="RHipYawPitch">-0.143116998664</joint><joint name="LHand">0.0</joint><joint name="LAnkleRoll">-0.10471975512</joint><joint name="LHipYawPitch">-0.143116998664</joint><joint name="RAnkleRoll">0.10471975512</joint><joint name="RAnklePitch">0.0</joint><joint name="LKneePitch">-9.93409994309e-08</joint><joint name="LHipRoll">0.10471975512</joint><joint name="RHipRoll">-0.10471975512</joint><joint name="RShoulderPitch">0.0</joint><joint name="RElbowRoll">0.0</joint><joint name="RKneePitch">0.0</joint></state><state><joint name="LShoulderPitch">0.366519142919</joint><joint name="LHipPitch">-0.698131700798</joint><joint name="LElbowYaw">-0.383972435439</joint><joint name="LAnklePitch">-0.64751715249</joint><joint name="LWristYaw">-1.53588974176</joint><joint name="RShoulderRoll">-0.0698131700798</joint><joint name="RWristYaw">1.53588974176</joint><joint name="HeadYaw">0.314159265359</joint><joint name="RHipPitch">-0.698131700798</joint><joint name="HeadPitch">0.331612557879</joint><joint name="RElbowYaw">0.191986217719</joint><joint name="RHand">0.0</joint><joint name="LElbowRoll">-1.65806278939</joint><joint name="LShoulderRoll">0.698131700798</joint><joint name="RHipYawPitch">-0.167551608191</joint><joint name="LHand">0.0</joint><joint name="LAnkleRoll">0.174532925199</joint><joint name="LHipYawPitch">-0.167551608191</joint><joint name="RAnkleRoll">0.294960643587</joint><joint name="RAnklePitch">-0.698131700798</joint><joint name="LKneePitch">1.3962634016</joint><joint name="LHipRoll">-0.174532925199</joint><joint name="RHipRoll">-0.349065850399</joint><joint name="RShoulderPitch">0.174532925199</joint><joint name="RElbowRoll">1.23918376892</joint><joint name="RKneePitch">1.3962634016</joint></state><state><joint name="LShoulderPitch">0.349065850399</joint><joint name="LHipPitch">-0.610865238198</joint><joint name="LElbowYaw">0.0</joint><joint name="LAnklePitch">-0.610865238198</joint><joint name="LWristYaw">-1.53588974176</joint><joint name="RShoulderRoll">-0.837758040957</joint><joint name="RWristYaw">1.53588974176</joint><joint name="HeadYaw">-0.296705972839</joint><joint name="RHipPitch">-0.174532925199</joint><joint name="HeadPitch">0.314159265359</joint><joint name="RElbowYaw">0.349065850399</joint><joint name="RHand">0.0</joint><joint name="LElbowRoll">-0.959931088597</joint><joint name="LShoulderRoll">0.0</joint><joint name="RHipYawPitch">-0.167551608191</joint><joint name="LHand">0.0</joint><joint name="LAnkleRoll">-0.261799387799</joint><joint name="LHipYawPitch">-0.0994837673637</joint><joint name="RAnkleRoll">0.62133721371</joint><joint name="RAnklePitch">-0.174532925199</joint><joint name="LKneePitch">1.2217304764</joint><joint name="LHipRoll">0.174532925199</joint><joint name="RHipRoll">-0.785398163397</joint><joint name="RShoulderPitch">0.610865238198</joint><joint name="RElbowRoll">1.64060949687</joint><joint name="RKneePitch">0.349065850399</joint></state><state><joint name="LShoulderPitch">0.191986217719</joint><joint name="LHipPitch">-1.0471975512</joint><joint name="LElbowYaw">0.0</joint><joint name="LAnklePitch">-1.0471975512</joint><joint name="LWristYaw">-1.53588974176</joint><joint name="RShoulderRoll">-1.51843644924</joint><joint name="RWristYaw">1.53588974176</joint><joint name="HeadYaw">-1.18682389136</joint><joint name="RHipPitch">-0.10471975512</joint><joint name="HeadPitch">9.19018825601e-08</joint><joint name="RElbowYaw">1.57079632679</joint><joint name="RHand">0.0</joint><joint name="LElbowRoll">-1.4835298642</joint><joint name="LShoulderRoll">0.0872664625997</joint><joint name="RHipYawPitch">-0.167551608191</joint><joint name="LHand">0.0</joint><joint name="LAnkleRoll">0.0628318530718</joint><joint name="LHipYawPitch">0.0</joint><joint name="RAnkleRoll">0.785398163397</joint><joint name="RAnklePitch">0.0</joint><joint name="LKneePitch">2.09439510239</joint><joint name="LHipRoll">0.420624349731</joint><joint name="RHipRoll">-0.541052068118</joint><joint name="RShoulderPitch">1.0471975512</joint><joint name="RElbowRoll">0.0698131700798</joint><joint name="RKneePitch">0.12217304764</joint></state><state><joint name="LShoulderPitch">-0.802851455917</joint><joint name="LHipPitch">-1.0471975512</joint><joint name="LElbowYaw">0.0</joint><joint name="LAnklePitch">-1.0471975512</joint><joint name="LWristYaw">-1.53588974176</joint><joint name="RShoulderRoll">-0.401425727959</joint><joint name="RWristYaw">1.53588974176</joint><joint name="HeadYaw">-0.279252680319</joint><joint name="RHipPitch">-0.12217304764</joint><joint name="HeadPitch">-0.331612557879</joint><joint name="RElbowYaw">0.418879020479</joint><joint name="RHand">0.0</joint><joint name="LElbowRoll">-1.01229096616</joint><joint name="LShoulderRoll">0.174532925199</joint><joint name="RHipYawPitch">-0.167551608191</joint><joint name="LHand">0.0</joint><joint name="LAnkleRoll">0.0733038285838</joint><joint name="LHipYawPitch">0.0</joint><joint name="RAnkleRoll">0.74351026135</joint><joint name="RAnklePitch">0.0</joint><joint name="LKneePitch">2.09439510239</joint><joint name="LHipRoll">0.528834763354</joint><joint name="RHipRoll">-0.221656815003</joint><joint name="RShoulderPitch">-0.471238898038</joint><joint name="RElbowRoll">1.11701072128</joint><joint name="RKneePitch">0.12217304764</joint></state><state><joint name="LShoulderPitch">-0.174532925199</joint><joint name="LHipPitch">-1.0471975512</joint><joint name="LElbowYaw">0.0</joint><joint name="LAnklePitch">-1.0471975512</joint><joint name="LWristYaw">-1.53588974176</joint><joint name="RShoulderRoll">0.0</joint><joint name="RWristYaw">1.53588974176</joint><joint name="HeadYaw">0.209439510239</joint><joint name="RHipPitch">-0.872664625997</joint><joint name="HeadPitch">0.13962634016</joint><joint name="RElbowYaw">0.418879020479</joint><joint name="RHand">0.0</joint><joint name="LElbowRoll">-1.01229096616</joint><joint name="LShoulderRoll">0.401425727959</joint><joint name="RHipYawPitch">0.00310996728754</joint><joint name="LHand">0.0</joint><joint name="LAnkleRoll">0.00872664625997</joint><joint name="LHipYawPitch">0.0</joint><joint name="RAnkleRoll">0.436332312999</joint><joint name="RAnklePitch">1.00402857748e-07</joint><joint name="LKneePitch">2.09439510239</joint><joint name="LHipRoll">0.500909495322</joint><joint name="RHipRoll">-0.446804288511</joint><joint name="RShoulderPitch">0.0698131700798</joint><joint name="RElbowRoll">0.855211333477</joint><joint name="RKneePitch">1.74532925199</joint></state><state><joint name="LShoulderPitch">-0.296705972839</joint><joint name="LHipPitch">-1.0471975512</joint><joint name="LElbowYaw">0.0</joint><joint name="LAnklePitch">-1.0471975512</joint><joint name="LWristYaw">-1.53588974176</joint><joint name="RShoulderRoll">0.0</joint><joint name="RWristYaw">1.53588974176</joint><joint name="HeadYaw">1.57079632679</joint><joint name="RHipPitch">0.0</joint><joint name="HeadPitch">-0.0872664625997</joint><joint name="RElbowYaw">0.0872664625997</joint><joint name="RHand">0.0</joint><joint name="LElbowRoll">0.0</joint><joint name="LShoulderRoll">1.15191730632</joint><joint name="RHipYawPitch">0.00310996728754</joint><joint name="LHand">0.0</joint><joint name="LAnkleRoll">0.0314159265359</joint><joint name="LHipYawPitch">0.0</joint><joint name="RAnkleRoll">0.0</joint><joint name="RAnklePitch">0.523598775598</joint><joint name="LKneePitch">2.09439510239</joint><joint name="LHipRoll">0.565486677646</joint><joint name="RHipRoll">-0.698131700798</joint><joint name="RShoulderPitch">-0.0698131700798</joint><joint name="RElbowRoll">1.25663706144</joint><joint name="RKneePitch">0.0</joint></state><state><joint name="LShoulderPitch">-0.174532925199</joint><joint name="LHipPitch">-1.0471975512</joint><joint name="LElbowYaw">0.0</joint><joint name="LAnklePitch">-1.0471975512</joint><joint name="LWristYaw">-1.53588974176</joint><joint name="RShoulderRoll">0.0</joint><joint name="RWristYaw">1.53588974176</joint><joint name="HeadYaw">0.209439510239</joint><joint name="RHipPitch">-0.872664625997</joint><joint name="HeadPitch">0.13962634016</joint><joint name="RElbowYaw">0.418879020479</joint><joint name="RHand">0.0</joint><joint name="LElbowRoll">-1.01229096616</joint><joint name="LShoulderRoll">0.401425727959</joint><joint name="RHipYawPitch">0.00310996728754</joint><joint name="LHand">0.0</joint><joint name="LAnkleRoll">0.00872664625997</joint><joint name="LHipYawPitch">0.0</joint><joint name="RAnkleRoll">0.436332312999</joint><joint name="RAnklePitch">1.00402857748e-07</joint><joint name="LKneePitch">2.09439510239</joint><joint name="LHipRoll">0.500909495322</joint><joint name="RHipRoll">-0.446804288511</joint><joint name="RShoulderPitch">0.0698131700798</joint><joint name="RElbowRoll">0.855211333477</joint><joint name="RKneePitch">1.74532925199</joint></state><state><joint name="LShoulderPitch">0.523598775598</joint><joint name="LHipPitch">-1.04158980831</joint><joint name="LElbowYaw">0.0</joint><joint name="LAnklePitch">-1.04158980831</joint><joint name="LWristYaw">-1.53588974176</joint><joint name="RShoulderRoll">0.0</joint><joint name="RWristYaw">1.53588974176</joint><joint name="HeadYaw">0.13962634016</joint><joint name="RHipPitch">-0.791585355596</joint><joint name="HeadPitch">0.383972435439</joint><joint name="RElbowYaw">-0.191986217719</joint><joint name="RHand">0.0</joint><joint name="LElbowRoll">-1.01229096616</joint><joint name="LShoulderRoll">0.401425727959</joint><joint name="RHipYawPitch">0.00310996728754</joint><joint name="LHand">0.0</joint><joint name="LAnkleRoll">0.121688718772</joint><joint name="LHipYawPitch">-0.00988797089096</joint><joint name="RAnkleRoll">0.171621192408</joint><joint name="RAnklePitch">-0.800706446267</joint><joint name="LKneePitch">2.10987617286</joint><joint name="LHipRoll">0.348767399097</joint><joint name="RHipRoll">0.265424436656</joint><joint name="RShoulderPitch">0.331612557879</joint><joint name="RElbowRoll">0.855211333477</joint><joint name="RKneePitch">1.57085741332</joint></state><state><joint name="LShoulderPitch">0.471238898038</joint><joint name="LHipPitch">-0.872664625997</joint><joint name="LElbowYaw">0.209439510239</joint><joint name="LAnklePitch">-0.872664625997</joint><joint name="LWristYaw">0.101042695452</joint><joint name="RShoulderRoll">-0.174532925199</joint><joint name="RWristYaw">0.108782532552</joint><joint name="HeadYaw">0.0</joint><joint name="RHipPitch">-0.872664625997</joint><joint name="HeadPitch">0.558505360638</joint><joint name="RElbowYaw">-0.209439510239</joint><joint name="RHand">0.301984</joint><joint name="LElbowRoll">-0.890117918517</joint><joint name="LShoulderRoll">0.174532925199</joint><joint name="RHipYawPitch">0.00310996728754</joint><joint name="LHand">0.291787</joint><joint name="LAnkleRoll">0.0</joint><joint name="LHipYawPitch">0.0</joint><joint name="RAnkleRoll">0.0</joint><joint name="RAnklePitch">-0.872664625997</joint><joint name="LKneePitch">1.74532925199</joint><joint name="LHipRoll">0.0</joint><joint name="RHipRoll">0.0</joint><joint name="RShoulderPitch">0.471238898038</joint><joint name="RElbowRoll">0.890117918517</joint><joint name="RKneePitch">1.74532925199</joint></state><state><joint name="LShoulderPitch">0.331612557879</joint><joint name="LHipPitch">-0.741764932098</joint><joint name="LElbowYaw">0.191986217719</joint><joint name="LAnklePitch">-0.741764932098</joint><joint name="LWristYaw">0.101042695452</joint><joint name="RShoulderRoll">-0.401425727959</joint><joint name="RWristYaw">0.108782532552</joint><joint name="HeadYaw">-0.13962634016</joint><joint name="RHipPitch">-1.0471975512</joint><joint name="HeadPitch">0.383972435439</joint><joint name="RElbowYaw">0.0</joint><joint name="RHand">0.301984</joint><joint name="LElbowRoll">-0.855211333477</joint><joint name="LShoulderRoll">0.0</joint><joint name="RHipYawPitch">0.00310996728754</joint><joint name="LHand">0.291787</joint><joint name="LAnkleRoll">-0.240855436775</joint><joint name="LHipYawPitch">0.0</joint><joint name="RAnkleRoll">-0.174532925199</joint><joint name="RAnklePitch">-1.0471975512</joint><joint name="LKneePitch">1.4835298642</joint><joint name="LHipRoll">-0.261799387799</joint><joint name="RHipRoll">-0.349065850399</joint><joint name="RShoulderPitch">0.523598775598</joint><joint name="RElbowRoll">1.01229096616</joint><joint name="RKneePitch">2.09439510239</joint></state><state><joint name="LShoulderPitch">-0.471238898038</joint><joint name="LHipPitch">-0.12217304764</joint><joint name="LElbowYaw">-0.418879020479</joint><joint name="LAnklePitch">0.0</joint><joint name="LWristYaw">0.101042695452</joint><joint name="RShoulderRoll">-0.174532925199</joint><joint name="RWristYaw">0.108782532552</joint><joint name="HeadYaw">0.279252680319</joint><joint name="RHipPitch">-1.0471975512</joint><joint name="HeadPitch">-0.331612557879</joint><joint name="RElbowYaw">0.0</joint><joint name="RHand">0.301984</joint><joint name="LElbowRoll">-1.11701072128</joint><joint name="LShoulderRoll">0.401425727959</joint><joint name="RHipYawPitch">0.00310996728754</joint><joint name="LHand">0.291787</joint><joint name="LAnkleRoll">-0.556760031386</joint><joint name="LHipYawPitch">0.0</joint><joint name="RAnkleRoll">-0.0421551119563</joint><joint name="RAnklePitch">-1.0471975512</joint><joint name="LKneePitch">0.12217304764</joint><joint name="LHipRoll">0.251327412287</joint><joint name="RHipRoll">-0.539306738866</joint><joint name="RShoulderPitch">-0.802851455917</joint><joint name="RElbowRoll">1.01229096616</joint><joint name="RKneePitch">2.09439510239</joint></state><state><joint name="LShoulderPitch">-0.471238898038</joint><joint name="LHipPitch">-0.12217304764</joint><joint name="LElbowYaw">-0.418879020479</joint><joint name="LAnklePitch">0.0</joint><joint name="LWristYaw">0.101042695452</joint><joint name="RShoulderRoll">-0.174532925199</joint><joint name="RWristYaw">0.108782532552</joint><joint name="HeadYaw">0.279252680319</joint><joint name="RHipPitch">-1.0471975512</joint><joint name="HeadPitch">-0.331612557879</joint><joint name="RElbowYaw">0.0</joint><joint name="RHand">0.301984</joint><joint name="LElbowRoll">-1.11701072128</joint><joint name="LShoulderRoll">0.401425727959</joint><joint name="RHipYawPitch">0.00310996728754</joint><joint name="LHand">0.291787</joint><joint name="LAnkleRoll">-0.424115008235</joint><joint name="LHipYawPitch">0.0</joint><joint name="RAnkleRoll">-0.0421551119563</joint><joint name="RAnklePitch">-1.0471975512</joint><joint name="LKneePitch">0.12217304764</joint><joint name="LHipRoll">0.261799387799</joint><joint name="RHipRoll">-0.539306738866</joint><joint name="RShoulderPitch">-0.802851455917</joint><joint name="RElbowRoll">1.01229096616</joint><joint name="RKneePitch">2.09439510239</joint></state><state><joint name="LShoulderPitch">0.0698131700798</joint><joint name="LHipPitch">-0.872664625997</joint><joint name="LElbowYaw">-0.418879020479</joint><joint name="LAnklePitch">1.00402683215e-07</joint><joint name="LWristYaw">0.101042695452</joint><joint name="RShoulderRoll">-0.401425727959</joint><joint name="RWristYaw">0.108782532552</joint><joint name="HeadYaw">-0.209439510239</joint><joint name="RHipPitch">-1.0471975512</joint><joint name="HeadPitch">0.13962634016</joint><joint name="RElbowYaw">0.0</joint><joint name="RHand">0.301984</joint><joint name="LElbowRoll">-0.855211333477</joint><joint name="LShoulderRoll">0.0</joint><joint name="RHipYawPitch">0.00310996728754</joint><joint name="LHand">0.291787</joint><joint name="LAnkleRoll">-0.349065850399</joint><joint name="LHipYawPitch">0.0</joint><joint name="RAnkleRoll">-0.0556318463085</joint><joint name="RAnklePitch">-1.0471975512</joint><joint name="LKneePitch">1.74532925199</joint><joint name="LHipRoll">0.13962634016</joint><joint name="RHipRoll">-0.511381470834</joint><joint name="RShoulderPitch">-0.174532925199</joint><joint name="RElbowRoll">1.01229096616</joint><joint name="RKneePitch">2.09439510239</joint></state><state><joint name="LShoulderPitch">-0.0698131700798</joint><joint name="LHipPitch">0.0</joint><joint name="LElbowYaw">-0.0872664625997</joint><joint name="LAnklePitch">0.523598775598</joint><joint name="LWristYaw">0.101042695452</joint><joint name="RShoulderRoll">-1.15191730632</joint><joint name="RWristYaw">0.108782532552</joint><joint name="HeadYaw">-1.57079632679</joint><joint name="RHipPitch">-1.0471975512</joint><joint name="HeadPitch">-0.0872664625997</joint><joint name="RElbowYaw">0.0</joint><joint name="RHand">0.301984</joint><joint name="LElbowRoll">-1.25663706144</joint><joint name="LShoulderRoll">0.0</joint><joint name="RHipYawPitch">0.00310996728754</joint><joint name="LHand">0.291787</joint><joint name="LAnkleRoll">0.0</joint><joint name="LHipYawPitch">0.0</joint><joint name="RAnkleRoll">-0.0125362113249</joint><joint name="RAnklePitch">-1.0471975512</joint><joint name="LKneePitch">0.0</joint><joint name="LHipRoll">0.698131700798</joint><joint name="RHipRoll">-0.596902604182</joint><joint name="RShoulderPitch">-0.296705972839</joint><joint name="RElbowRoll">0.0349065850399</joint><joint name="RKneePitch">2.09439510239</joint></state><state><joint name="LShoulderPitch">0.0698131700798</joint><joint name="LHipPitch">-0.872664625997</joint><joint name="LElbowYaw">-0.418879020479</joint><joint name="LAnklePitch">1.00402683215e-07</joint><joint name="LWristYaw">0.101042695452</joint><joint name="RShoulderRoll">-0.401425727959</joint><joint name="RWristYaw">0.108782532552</joint><joint name="HeadYaw">-0.209439510239</joint><joint name="RHipPitch">-1.0471975512</joint><joint name="HeadPitch">0.13962634016</joint><joint name="RElbowYaw">0.0</joint><joint name="RHand">0.301984</joint><joint name="LElbowRoll">-0.855211333477</joint><joint name="LShoulderRoll">0.0</joint><joint name="RHipYawPitch">-0.17000972991</joint><joint name="LHand">0.291787</joint><joint name="LAnkleRoll">-0.349065850399</joint><joint name="LHipYawPitch">0.0</joint><joint name="RAnkleRoll">-0.00975598909292</joint><joint name="RAnklePitch">-1.0471975512</joint><joint name="LKneePitch">1.74532925199</joint><joint name="LHipRoll">0.13962634016</joint><joint name="RHipRoll">-0.610865238198</joint><joint name="RShoulderPitch">-0.174532925199</joint><joint name="RElbowRoll">1.01229096616</joint><joint name="RKneePitch">2.09439510239</joint></state><state><joint name="LShoulderPitch">0.331612557879</joint><joint name="LHipPitch">-0.654498469498</joint><joint name="LElbowYaw">0.191986217719</joint><joint name="LAnklePitch">-0.555014702134</joint><joint name="LWristYaw">0.101042695452</joint><joint name="RShoulderRoll">-0.558505360638</joint><joint name="RWristYaw">0.108782532552</joint><joint name="HeadYaw">-0.13962634016</joint><joint name="RHipPitch">-1.0471975512</joint><joint name="HeadPitch">0.383972435439</joint><joint name="RElbowYaw">0.0</joint><joint name="RHand">0.301984</joint><joint name="LElbowRoll">-0.855211333477</joint><joint name="LShoulderRoll">0.209439510239</joint><joint name="RHipYawPitch">-0.17000972991</joint><joint name="LHand">0.291787</joint><joint name="LAnkleRoll">-0.312413936107</joint><joint name="LHipYawPitch">-0.0680678408278</joint><joint name="RAnkleRoll">-0.0270601083217</joint><joint name="RAnklePitch">-1.0471975512</joint><joint name="LKneePitch">1.308996939</joint><joint name="LHipRoll">-0.261799387799</joint><joint name="RHipRoll">-0.532325421858</joint><joint name="RShoulderPitch">0.523598775598</joint><joint name="RElbowRoll">1.01229096616</joint><joint name="RKneePitch">2.09439510239</joint></state><state><joint name="LShoulderPitch">0.331612557879</joint><joint name="LHipPitch">-0.654498469498</joint><joint name="LElbowYaw">0.191986217719</joint><joint name="LAnklePitch">-0.654498469498</joint><joint name="LWristYaw">0.101042695452</joint><joint name="RShoulderRoll">-0.558505360638</joint><joint name="RWristYaw">0.108782532552</joint><joint name="HeadYaw">-0.13962634016</joint><joint name="RHipPitch">-1.0471975512</joint><joint name="HeadPitch">0.383972435439</joint><joint name="RElbowYaw">0.0</joint><joint name="RHand">0.301984</joint><joint name="LElbowRoll">-0.855211333477</joint><joint name="LShoulderRoll">0.209439510239</joint><joint name="RHipYawPitch">-0.17000972991</joint><joint name="LHand">0.291787</joint><joint name="LAnkleRoll">-0.312413936107</joint><joint name="LHipYawPitch">-0.0680678408278</joint><joint name="RAnkleRoll">-0.0270601083217</joint><joint name="RAnklePitch">-1.0471975512</joint><joint name="LKneePitch">1.308996939</joint><joint name="LHipRoll">-0.261799387799</joint><joint name="RHipRoll">-0.532325421858</joint><joint name="RShoulderPitch">0.523598775598</joint><joint name="RElbowRoll">1.01229096616</joint><joint name="RKneePitch">2.09439510239</joint></state><state><joint name="LShoulderPitch">1.69296937443</joint><joint name="LHipPitch">-1.0471975512</joint><joint name="LElbowYaw">-0.378736447683</joint><joint name="LAnklePitch">-1.0471975512</joint><joint name="LWristYaw">0.101042695452</joint><joint name="RShoulderRoll">-0.942477796077</joint><joint name="RWristYaw">0.108782532552</joint><joint name="HeadYaw">0.0</joint><joint name="RHipPitch">-1.0471975512</joint><joint name="HeadPitch">0.0</joint><joint name="RElbowYaw">0.342084533391</joint><joint name="RHand">0.301984</joint><joint name="LElbowRoll">-0.994837673637</joint><joint name="LShoulderRoll">0.942477796077</joint><joint name="RHipYawPitch">-0.17000972991</joint><joint name="LHand">0.291787</joint><joint name="LAnkleRoll">0.0</joint><joint name="LHipYawPitch">0.0</joint><joint name="RAnkleRoll">0.0</joint><joint name="RAnklePitch">-1.0471975512</joint><joint name="LKneePitch">2.09439510239</joint><joint name="LHipRoll">0.0</joint><joint name="RHipRoll">0.0</joint><joint name="RShoulderPitch">1.69296937443</joint><joint name="RElbowRoll">1.13271868454</joint><joint name="RKneePitch">2.09439510239</joint></state><state><joint name="LShoulderPitch">1.69296937443</joint><joint name="LHipPitch">-1.0471975512</joint><joint name="LElbowYaw">-0.244346095279</joint><joint name="LAnklePitch">-1.0471975512</joint><joint name="LWristYaw">0.101042695452</joint><joint name="RShoulderRoll">-0.942477796077</joint><joint name="RWristYaw">0.108782532552</joint><joint name="HeadYaw">0.0</joint><joint name="RHipPitch">-1.0471975512</joint><joint name="HeadPitch">0.0</joint><joint name="RElbowYaw">0.244346095279</joint><joint name="RHand">0.301984</joint><joint name="LElbowRoll">-1.42069801112</joint><joint name="LShoulderRoll">0.942477796077</joint><joint name="RHipYawPitch">-0.17000972991</joint><joint name="LHand">0.291787</joint><joint name="LAnkleRoll">0.0</joint><joint name="LHipYawPitch">0.0</joint><joint name="RAnkleRoll">0.0</joint><joint name="RAnklePitch">-1.0471975512</joint><joint name="LKneePitch">2.09439510239</joint><joint name="LHipRoll">0.0</joint><joint name="RHipRoll">0.0</joint><joint name="RShoulderPitch">1.69296937443</joint><joint name="RElbowRoll">1.36659280431</joint><joint name="RKneePitch">2.09439510239</joint></state><state name="pivot"><joint name="LShoulderPitch">1.44890951315</joint><joint name="LHipPitch">0.127418983772</joint><joint name="LElbowYaw">-1.20102214482</joint><joint name="LAnklePitch">0.0874193534422</joint><joint name="LWristYaw">0.101042695452</joint><joint name="RShoulderRoll">-0.220461264466</joint><joint name="RWristYaw">0.108782532552</joint><joint name="HeadYaw">0.0</joint><joint name="RHipPitch">0.127419158305</joint><joint name="HeadPitch">-0.175250255522</joint><joint name="RElbowYaw">1.2017726364</joint><joint name="RHand">0.301984</joint><joint name="LElbowRoll">-0.413218917714</joint><joint name="LShoulderRoll">0.222918688052</joint><joint name="RHipYawPitch">-0.17000972991</joint><joint name="LHand">0.291787</joint><joint name="LAnkleRoll">-0.110793151851</joint><joint name="LHipYawPitch">-0.17000972991</joint><joint name="RAnkleRoll">0.110788963061</joint><joint name="RAnklePitch">0.0874193534422</joint><joint name="LKneePitch">-0.0888383061241</joint><joint name="LHipRoll">0.119108424006</joint><joint name="RHipRoll">-0.119102489887</joint><joint name="RShoulderPitch">1.44415174561</joint><joint name="RElbowRoll">0.408180152164</joint><joint name="RKneePitch">-0.0918221210133</joint></state></actuators><speed>adjusted_norm</speed></robot>