<robot name="nao"><emotion name="neutral" /><repeat>0</repeat><actuators><state><joint name="LShoulderRoll">0.221002316534</joint><joint name="LHipPitch">0.124229045498</joint><joint name="LElbowYaw">-1.20030306917</joint><joint name="LAnklePitch">0.0781919722198</joint><joint name="LWristYaw">0.099646257517</joint><joint name="RShoulderRoll">-0.21828134823</joint><joint name="RWristYaw">0.0913386648105</joint><joint name="HeadYaw">0.0</joint><joint name="RHipPitch">0.124212115805</joint><joint name="HeadPitch">-0.169999956066</joint><joint name="RElbowYaw">1.19391516411</joint><joint name="RHand">0.305668</joint><joint name="LElbowRoll">-0.421100824616</joint><joint name="RKneePitch">-0.0853237366093</joint><joint name="LShoulderPitch">1.44194390411</joint><joint name="RHipYawPitch">-0.175358465936</joint><joint name="LHand">0.3</joint><joint name="LHipYawPitch">-0.175358465936</joint><joint name="LAnkleRoll">-0.110793151851</joint><joint name="RAnklePitch">0.0832169496692</joint><joint name="LKneePitch">-0.0923279174305</joint><joint name="LHipRoll">0.111159147395</joint><joint name="RAnkleRoll">0.104669838703</joint><joint name="RShoulderPitch">1.44254778803</joint><joint name="RElbowRoll">0.419425308535</joint><joint name="RHipRoll">-0.113581140798</joint></state><state><joint name="LShoulderRoll">0.388059996547</joint><joint name="LHipPitch">0.124229045498</joint><joint name="LElbowYaw">-0.587563347355</joint><joint name="LAnklePitch">0.0781919722198</joint><joint name="LWristYaw">-0.935782713066</joint><joint name="RShoulderRoll">-0.251327412287</joint><joint name="RWristYaw">-0.11344640138</joint><joint name="HeadYaw">-0.0331612557879</joint><joint name="RHipPitch">0.124212115805</joint><joint name="HeadPitch">0.0418879020479</joint><joint name="RElbowYaw">0.368264472171</joint><joint name="RHand">0.7</joint><joint name="LElbowRoll">-1.52322039671</joint><joint name="RKneePitch">-0.0853237366093</joint><joint name="LShoulderPitch">0.437147381759</joint><joint name="RHipYawPitch">-0.175358465936</joint><joint name="LHand">0.7</joint><joint name="LHipYawPitch">-0.175358465936</joint><joint name="LAnkleRoll">-0.110793151851</joint><joint name="RAnklePitch">0.0832169496692</joint><joint name="LKneePitch">-0.0923279174305</joint><joint name="LHipRoll">0.111159147395</joint><joint name="RAnkleRoll">0.104669838703</joint><joint name="RShoulderPitch">0.136135681656</joint><joint name="RElbowRoll">1.52367243699</joint><joint name="RHipRoll">-0.113581140798</joint></state><state><joint name="LShoulderRoll">0.388059996547</joint><joint name="LHipPitch">-0.654976689713</joint><joint name="LElbowYaw">-0.587563347355</joint><joint name="LAnklePitch">-0.352861941522</joint><joint name="LWristYaw">-0.935782713066</joint><joint name="RShoulderRoll">-0.251327412287</joint><joint name="RWristYaw">-0.11344640138</joint><joint name="HeadYaw">-0.0309202530283</joint><joint name="RHipPitch">-0.630515900246</joint><joint name="HeadPitch">-0.295517403618</joint><joint name="RElbowYaw">0.368264472171</joint><joint name="RHand">0.7</joint><joint name="LElbowRoll">-1.52322039671</joint><joint name="RKneePitch">0.995607363837</joint><joint name="LShoulderPitch">0.437147381759</joint><joint name="RHipYawPitch">-0.391128285372</joint><joint name="LHand">0.7</joint><joint name="LHipYawPitch">-0.391128285372</joint><joint name="LAnkleRoll">0.0614019048156</joint><joint name="RAnklePitch">-0.245398528818</joint><joint name="LKneePitch">1.13205022344</joint><joint name="LHipRoll">-0.0306380332883</joint><joint name="RAnkleRoll">0.148839933281</joint><joint name="RShoulderPitch">0.136135681656</joint><joint name="RElbowRoll">1.52367243699</joint><joint name="RHipRoll">-0.0797259420994</joint></state><state><joint name="LShoulderRoll">0.0206130365978</joint><joint name="LHipPitch">-0.654976689713</joint><joint name="LElbowYaw">-1.04053213878</joint><joint name="LAnklePitch">-0.352861941522</joint><joint name="LWristYaw">-0.56589857535</joint><joint name="RShoulderRoll">-0.162734673989</joint><joint name="RWristYaw">-0.122301678405</joint><joint name="HeadYaw">-0.0309202530283</joint><joint name="RHipPitch">-0.630515900246</joint><joint name="HeadPitch">-0.295517403618</joint><joint name="RElbowYaw">0.836829525795</joint><joint name="RHand">0.9576</joint><joint name="LElbowRoll">-1.41336239228</joint><joint name="RKneePitch">0.995607363837</joint><joint name="LShoulderPitch">0.648731901649</joint><joint name="RHipYawPitch">-0.391128285372</joint><joint name="LHand">0.909242</joint><joint name="LHipYawPitch">-0.391128285372</joint><joint name="LAnkleRoll">0.0614019048156</joint><joint name="RAnklePitch">-0.245398528818</joint><joint name="LKneePitch">1.13205022344</joint><joint name="LHipRoll">-0.0306380332883</joint><joint name="RAnkleRoll">0.148839933281</joint><joint name="RShoulderPitch">0.443640006577</joint><joint name="RElbowRoll">1.49381683481</joint><joint name="RHipRoll">-0.0797259420994</joint></state><state><joint name="LShoulderRoll">-0.0366519142919</joint><joint name="LHipPitch">-0.654976689713</joint><joint name="LElbowYaw">-1.09606677025</joint><joint name="LAnklePitch">-0.352861941522</joint><joint name="LWristYaw">-0.546288055874</joint><joint name="RShoulderRoll">-0.15190787304</joint><joint name="RWristYaw">-0.13196591554</joint><joint name="HeadYaw">-0.0226892802759</joint><joint name="RHipPitch">-0.630515900246</joint><joint name="HeadPitch">-0.361283155163</joint><joint name="RElbowYaw">0.915756805229</joint><joint name="RHand">0.51</joint><joint name="LElbowRoll">-1.39277274309</joint><joint name="RKneePitch">0.995607363837</joint><joint name="LShoulderPitch">0.703367688554</joint><joint name="RHipYawPitch">-0.391128285372</joint><joint name="LHand">0.51</joint><joint name="LHipYawPitch">-0.391128285372</joint><joint name="LAnkleRoll">0.0614019048156</joint><joint name="RAnklePitch">-0.245398528818</joint><joint name="LKneePitch">1.13205022344</joint><joint name="LHipRoll">-0.0306380332883</joint><joint name="RAnkleRoll">0.148839933281</joint><joint name="RShoulderPitch">0.497057553663</joint><joint name="RElbowRoll">1.48802234169</joint><joint name="RHipRoll">-0.0797259420994</joint></state><state><joint name="LShoulderRoll">-0.0366519142919</joint><joint name="LHipPitch">-0.578276450405</joint><joint name="LElbowYaw">-1.09606677025</joint><joint name="LAnklePitch">-0.302240411897</joint><joint name="LWristYaw">-0.546288055874</joint><joint name="RShoulderRoll">-0.15190787304</joint><joint name="RWristYaw">-0.13196591554</joint><joint name="HeadYaw">-0.432841654495</joint><joint name="RHipPitch">-0.268780704807</joint><joint name="HeadPitch">-0.00523598775598</joint><joint name="RElbowYaw">0.915756805229</joint><joint name="RHand">0.51</joint><joint name="LElbowRoll">-1.39277274309</joint><joint name="RKneePitch">0.492182849062</joint><joint name="LShoulderPitch">0.703367688554</joint><joint name="RHipYawPitch">-0.385717764691</joint><joint name="LHand">0.51</joint><joint name="LHipYawPitch">-0.385717764691</joint><joint name="LAnkleRoll">0.11816001209</joint><joint name="RAnklePitch">-0.091862438119</joint><joint name="LKneePitch">0.935697191933</joint><joint name="LHipRoll">-0.0260359491166</joint><joint name="RAnkleRoll">0.0575958653158</joint><joint name="RShoulderPitch">0.497057553663</joint><joint name="RElbowRoll">1.48802234169</joint><joint name="RHipRoll">-0.179768912955</joint></state><state><joint name="LShoulderRoll">0.40186555093</joint><joint name="LHipPitch">-0.578276450405</joint><joint name="LElbowYaw">-0.340590531551</joint><joint name="LAnklePitch">-0.302240411897</joint><joint name="LWristYaw">-1.33308771866</joint><joint name="RShoulderRoll">-0.15190787304</joint><joint name="RWristYaw">0.688724376129</joint><joint name="HeadYaw">-0.432841654495</joint><joint name="RHipPitch">-0.268780704807</joint><joint name="HeadPitch">-0.00523598775598</joint><joint name="RElbowYaw">-0.0537318808848</joint><joint name="RHand">0.9544</joint><joint name="LElbowRoll">-1.47873369941</joint><joint name="RKneePitch">0.492182849062</joint><joint name="LShoulderPitch">0.173300024616</joint><joint name="RHipYawPitch">-0.385717764691</joint><joint name="LHand">0.61</joint><joint name="LHipYawPitch">-0.385717764691</joint><joint name="LAnkleRoll">0.11816001209</joint><joint name="RAnklePitch">-0.091862438119</joint><joint name="LKneePitch">0.935697191933</joint><joint name="LHipRoll">-0.0260359491166</joint><joint name="RAnkleRoll">0.0575958653158</joint><joint name="RShoulderPitch">-0.338972611335</joint><joint name="RElbowRoll">1.54461638801</joint><joint name="RHipRoll">-0.179768912955</joint></state><state><joint name="LShoulderRoll">0.40186555093</joint><joint name="LHipPitch">-0.578276450405</joint><joint name="LElbowYaw">-0.340590531551</joint><joint name="LAnklePitch">-0.302240411897</joint><joint name="LWristYaw">-1.33308771866</joint><joint name="RShoulderRoll">-0.15190787304</joint><joint name="RWristYaw">0.688724376129</joint><joint name="HeadYaw">-1.02475436235</joint><joint name="RHipPitch">-0.268780704807</joint><joint name="HeadPitch">-0.271559268976</joint><joint name="RElbowYaw">-0.0537318808848</joint><joint name="RHand">0.9544</joint><joint name="LElbowRoll">-1.47873369941</joint><joint name="RKneePitch">0.492182849062</joint><joint name="LShoulderPitch">0.173300024616</joint><joint name="RHipYawPitch">-0.385717764691</joint><joint name="LHand">0.61</joint><joint name="LHipYawPitch">-0.385717764691</joint><joint name="LAnkleRoll">0.11816001209</joint><joint name="RAnklePitch">-0.091862438119</joint><joint name="LKneePitch">0.935697191933</joint><joint name="LHipRoll">-0.0260359491166</joint><joint name="RAnkleRoll">0.0575958653158</joint><joint name="RShoulderPitch">-0.338972611335</joint><joint name="RElbowRoll">1.54461638801</joint><joint name="RHipRoll">-0.179768912955</joint></state><state><joint name="LShoulderRoll">0.633500413267</joint><joint name="LHipPitch">-0.395730718609</joint><joint name="LElbowYaw">-1.46194363201</joint><joint name="LAnklePitch">-0.266958581068</joint><joint name="LWristYaw">-1.802488785</joint><joint name="RShoulderRoll">-0.872888028141</joint><joint name="RWristYaw">0.024501979237</joint><joint name="HeadYaw">-1.02475436235</joint><joint name="RHipPitch">-0.0521979110052</joint><joint name="HeadPitch">-0.271559268976</joint><joint name="RElbowYaw">0.599752726851</joint><joint name="RHand">0.9468</joint><joint name="LElbowRoll">-1.4020334601</joint><joint name="RKneePitch">0.193326630585</joint><joint name="LShoulderPitch">0.199377687102</joint><joint name="RHipYawPitch">-0.440215670584</joint><joint name="LHand">0.4888</joint><joint name="LHipYawPitch">-0.440215670584</joint><joint name="LAnkleRoll">0.162646011263</joint><joint name="RAnklePitch">0.362066807997</joint><joint name="LKneePitch">0.782298458646</joint><joint name="LHipRoll">-0.0137641377201</joint><joint name="RAnkleRoll">0.056799820644</joint><joint name="RShoulderPitch">-0.0106959361616</joint><joint name="RElbowRoll">1.37910856038</joint><joint name="RHipRoll">-0.254601649964</joint></state><state><joint name="LShoulderRoll">0.633500413267</joint><joint name="LHipPitch">-0.395730718609</joint><joint name="LElbowYaw">-1.46194363201</joint><joint name="LAnklePitch">-0.266958581068</joint><joint name="LWristYaw">-1.802488785</joint><joint name="RShoulderRoll">-0.872888028141</joint><joint name="RWristYaw">0.024501979237</joint><joint name="HeadYaw">-1.17662069655</joint><joint name="RHipPitch">-0.0521979110052</joint><joint name="HeadPitch">-0.277695846626</joint><joint name="RElbowYaw">0.599752726851</joint><joint name="RHand">0.9468</joint><joint name="LElbowRoll">-1.4020334601</joint><joint name="RKneePitch">0.193326630585</joint><joint name="LShoulderPitch">0.199377687102</joint><joint name="RHipYawPitch">-0.440215670584</joint><joint name="LHand">0.4888</joint><joint name="LHipYawPitch">-0.440215670584</joint><joint name="LAnkleRoll">0.162646011263</joint><joint name="RAnklePitch">0.362066807997</joint><joint name="LKneePitch">0.782298458646</joint><joint name="LHipRoll">-0.0137641377201</joint><joint name="RAnkleRoll">0.056799820644</joint><joint name="RShoulderPitch">-0.0106959361616</joint><joint name="RElbowRoll">1.37910856038</joint><joint name="RHipRoll">-0.254601649964</joint></state><state><joint name="LShoulderRoll">0.664179810859</joint><joint name="LHipPitch">-0.305432619099</joint><joint name="LElbowYaw">-1.66136320701</joint><joint name="LAnklePitch">-0.245915146277</joint><joint name="LWristYaw">-1.82386906833</joint><joint name="RShoulderRoll">-0.952656556275</joint><joint name="RWristYaw">-0.197927318493</joint><joint name="HeadYaw">-1.23184465941</joint><joint name="RHipPitch">-0.035323893264</joint><joint name="HeadPitch">-0.305308700722</joint><joint name="RElbowYaw">0.740880050167</joint><joint name="RHand">0.9544</joint><joint name="LElbowRoll">-1.34527535283</joint><joint name="RKneePitch">0.19025834176</joint><joint name="LShoulderPitch">0.145688043185</joint><joint name="RHipYawPitch">-0.479965544298</joint><joint name="LHand">0.4304</joint><joint name="LHipYawPitch">-0.479965544298</joint><joint name="LAnkleRoll">0.14835298642</joint><joint name="RAnklePitch">0.391212061176</joint><joint name="LKneePitch">0.727802298082</joint><joint name="LHipRoll">-0.00174532925199</joint><joint name="RAnkleRoll">0.0506639411257</joint><joint name="RShoulderPitch">0.133499885419</joint><joint name="RElbowRoll">1.32388459752</joint><joint name="RHipRoll">-0.257669938789</joint></state><state><joint name="LShoulderRoll">-0.0782759225568</joint><joint name="LHipPitch">-0.00149202438166</joint><joint name="LElbowYaw">-1.44660393321</joint><joint name="LAnklePitch">-0.00924586425915</joint><joint name="LWristYaw">-1.10605703489</joint><joint name="RShoulderRoll">-0.161112041383</joint><joint name="RWristYaw">-0.466378156072</joint><joint name="HeadYaw">-1.01248295237</joint><joint name="RHipPitch">-0.159577896971</joint><joint name="HeadPitch">-0.362066807997</joint><joint name="RElbowYaw">0.693326809367</joint><joint name="RHand">0.9476</joint><joint name="LElbowRoll">-0.613558281234</joint><joint name="RKneePitch">0.432630469655</joint><joint name="LShoulderPitch">-0.747100403621</joint><joint name="RHipYawPitch">-0.725540351371</joint><joint name="LHand">0.12</joint><joint name="LHipYawPitch">-0.725540351371</joint><joint name="LAnkleRoll">-0.0521139606682</joint><joint name="RAnklePitch">0.0153820579367</joint><joint name="LKneePitch">0.368117864514</joint><joint name="LHipRoll">0.0261198994536</joint><joint name="RAnkleRoll">0.125829861488</joint><joint name="RShoulderPitch">1.2180373597</joint><joint name="RElbowRoll">1.23644534732</joint><joint name="RHipRoll">-0.156426006875</joint></state><state><joint name="LShoulderRoll">-0.314159265359</joint><joint name="LHipPitch">0.29150140101</joint><joint name="LElbowYaw">-0.742497970383</joint><joint name="LAnklePitch">0.306757324001</joint><joint name="LWristYaw">-1.10605703489</joint><joint name="RShoulderRoll">-0.161112041383</joint><joint name="RWristYaw">-0.466378156072</joint><joint name="HeadYaw">-1.01248295237</joint><joint name="RHipPitch">-0.345191219459</joint><joint name="HeadPitch">-0.362066807997</joint><joint name="RElbowYaw">0.682587798479</joint><joint name="RHand">0.9476</joint><joint name="LElbowRoll">-0.975581456</joint><joint name="RKneePitch">0.8360720529</joint><joint name="LShoulderPitch">-0.0307219836253</joint><joint name="RHipYawPitch">-0.785366747471</joint><joint name="LHand">1.0</joint><joint name="LHipYawPitch">-0.785366747471</joint><joint name="LAnkleRoll">-0.173300024616</joint><joint name="RAnklePitch">-0.176367266243</joint><joint name="LKneePitch">-0.0874800909002</joint><joint name="LHipRoll">0.0169160452696</joint><joint name="RAnkleRoll">0.173383974953</joint><joint name="RShoulderPitch">1.2180373597</joint><joint name="RElbowRoll">1.18122138446</joint><joint name="RHipRoll">-0.397264863022</joint></state><state><joint name="LShoulderRoll">-0.208666329381</joint><joint name="LHipPitch">0.122761921729</joint><joint name="LElbowYaw">-0.415756626447</joint><joint name="LAnklePitch">0.121144001513</joint><joint name="LWristYaw">-0.355930230347</joint><joint name="RShoulderRoll">-0.11816001209</joint><joint name="RWristYaw">-0.360532663584</joint><joint name="HeadYaw">-1.06770691524</joint><joint name="RHipPitch">-0.438765301976</joint><joint name="HeadPitch">-0.262356147831</joint><joint name="RElbowYaw">0.851327975892</joint><joint name="RHand">0.5792</joint><joint name="LElbowRoll">-0.770025303346</joint><joint name="RKneePitch">1.17815484096</joint><joint name="LShoulderPitch">0.552197740721</joint><joint name="RHipYawPitch">-0.776161880996</joint><joint name="LHand">0.6072</joint><joint name="LHipYawPitch">-0.776161880996</joint><joint name="LAnkleRoll">-0.253067505551</joint><joint name="RAnklePitch">-0.431012549439</joint><joint name="LKneePitch">0.34817573248</joint><joint name="LHipRoll">0.095149940298</joint><joint name="RAnkleRoll">0.147305963401</joint><joint name="RShoulderPitch">1.28553447786</joint><joint name="RElbowRoll">0.960325533008</joint><joint name="RHipRoll">-0.418739394138</joint></state><state><joint name="LShoulderRoll">-0.15037390316</joint><joint name="LHipPitch">0.0460620314869</joint><joint name="LElbowYaw">-0.368201640318</joint><joint name="LAnklePitch">0.035239942927</joint><joint name="LWristYaw">-0.095149940298</joint><joint name="RShoulderRoll">-0.0552658507644</joint><joint name="RWristYaw">-0.339056387139</joint><joint name="HeadYaw">-1.09685216842</joint><joint name="RHipPitch">-0.447970168451</joint><joint name="HeadPitch">0.130347995323</joint><joint name="RElbowYaw">0.972514912504</joint><joint name="RHand">0.42</joint><joint name="LElbowRoll">-0.714801340484</joint><joint name="RKneePitch">1.28400033345</joint><joint name="LShoulderPitch">0.7009957861</joint><joint name="RHipYawPitch">-0.753151460138</joint><joint name="LHand">0.42</joint><joint name="LHipYawPitch">-0.753151460138</joint><joint name="LAnkleRoll">-0.271475493172</joint><joint name="RAnklePitch">-0.492371344622</joint><joint name="LKneePitch">0.553731885134</joint><joint name="LHipRoll">0.147305963401</joint><joint name="RAnkleRoll">0.125829861488</joint><joint name="RShoulderPitch">1.3699036939</joint><joint name="RElbowRoll">0.91430643662</joint><joint name="RHipRoll">-0.434080838264</joint></state><state><joint name="LShoulderRoll">0.226990541197</joint><joint name="LHipPitch">0.121149412033</joint><joint name="LElbowYaw">-1.60307270065</joint><joint name="LAnklePitch">0.0791595827571</joint><joint name="LWristYaw">0.024501979237</joint><joint name="RShoulderRoll">-0.293035545422</joint><joint name="RWristYaw">-0.340590531551</joint><joint name="HeadYaw">-1.09685216842</joint><joint name="RHipPitch">0.0613900365767</joint><joint name="HeadPitch">0.130347995323</joint><joint name="RElbowYaw">1.86223140529</joint><joint name="RHand">0.9564</joint><joint name="LElbowRoll">-1.39743277219</joint><joint name="RKneePitch">0.0744334056757</joint><joint name="LShoulderPitch">1.08296283823</joint><joint name="RHipYawPitch">-0.223086239661</joint><joint name="LHand">0.438</joint><joint name="LHipYawPitch">-0.223086239661</joint><joint name="LAnkleRoll">-0.154776147133</joint><joint name="RAnklePitch">0.0231530142582</joint><joint name="LKneePitch">-0.00927422585949</joint><joint name="LHipRoll">0.108076895936</joint><joint name="RAnkleRoll">0.122879556921</joint><joint name="RShoulderPitch">1.3699036939</joint><joint name="RElbowRoll">1.48648819728</joint><joint name="RHipRoll">-0.140998168952</joint></state><state><joint name="LShoulderRoll">0.192005416341</joint><joint name="LHipPitch">0.121149412033</joint><joint name="LElbowYaw">-1.30089162995</joint><joint name="LAnklePitch">0.0791595827571</joint><joint name="LWristYaw">0.0792012961263</joint><joint name="RShoulderRoll">-0.210172548525</joint><joint name="RWristYaw">-0.0168702827366</joint><joint name="HeadYaw">-0.0138480706039</joint><joint name="RHipPitch">0.0613900365767</joint><joint name="HeadPitch">0.267035375555</joint><joint name="RElbowYaw">1.35573860169</joint><joint name="RHand">0.458991</joint><joint name="LElbowRoll">-0.629810787228</joint><joint name="RKneePitch">0.0744334056757</joint><joint name="LShoulderPitch">1.40219228506</joint><joint name="RHipYawPitch">-0.223086239661</joint><joint name="LHand">0.34037</joint><joint name="LHipYawPitch">-0.223086239661</joint><joint name="LAnkleRoll">-0.154776147133</joint><joint name="RAnklePitch">0.0231530142582</joint><joint name="LKneePitch">-0.00927422585949</joint><joint name="LHipRoll">0.108076895936</joint><joint name="RAnkleRoll">0.122879556921</joint><joint name="RShoulderPitch">1.42907733686</joint><joint name="RElbowRoll">0.660385465065</joint><joint name="RHipRoll">-0.140998168952</joint></state><state name="pivot"><joint name="LShoulderRoll">0.157959976754</joint><joint name="LHipPitch">0.13196591554</joint><joint name="LElbowYaw">-1.20423180532</joint><joint name="LAnklePitch">0.0919980502019</joint><joint name="LWristYaw">0.0889301104427</joint><joint name="RShoulderRoll">-0.164179981142</joint><joint name="RWristYaw">0.081259911979</joint><joint name="HeadYaw">-0.0138480706039</joint><joint name="RHipPitch">0.130347995323</joint><joint name="HeadPitch">-0.171850005073</joint><joint name="RElbowYaw">1.2026138851</joint><joint name="RHand">0.3056</joint><joint name="LElbowRoll">-0.400331406518</joint><joint name="RKneePitch">-0.0919980502019</joint><joint name="LShoulderPitch">1.46953057826</joint><joint name="RHipYawPitch">-0.168698114977</joint><joint name="LHand">0.3088</joint><joint name="LHipYawPitch">-0.168698114977</joint><joint name="LAnkleRoll">-0.127280055564</joint><joint name="RAnklePitch">0.0859461210206</joint><joint name="LKneePitch">-0.0920820005389</joint><joint name="LHipRoll">0.101285994349</joint><joint name="RAnkleRoll">0.12889797578</joint><joint name="RShoulderPitch">1.46501192083</joint><joint name="RElbowRoll">0.400415182322</joint><joint name="RHipRoll">-0.101202044012</joint></state></actuators><speed>adjusted_norm</speed></robot>