<robot name="nao"><emotion name="neutral" /><repeat>0</repeat><actuators><state><joint name="LShoulderRoll">0.0858621706836</joint><joint name="LHipPitch">0.13043194566</joint><joint name="LElbowYaw">-1.17662069655</joint><joint name="LAnklePitch">0.0889301104427</joint><joint name="LWristYaw">0.0567160448399</joint><joint name="RShoulderRoll">-0.0798098924364</joint><joint name="RWristYaw">0.0689881529424</joint><joint name="HeadYaw">-0.00310993238096</joint><joint name="RHipPitch">0.128814025443</joint><joint name="HeadPitch">-0.197927318493</joint><joint name="RElbowYaw">1.18267175307</joint><joint name="RHand">0.306</joint><joint name="LElbowRoll">-0.420273538551</joint><joint name="RKneePitch">-0.0904640803223</joint><joint name="LShoulderPitch">1.48793856589</joint><joint name="RHipYawPitch">-0.168698114977</joint><joint name="LHand">0.3032</joint><joint name="LHipYawPitch">-0.168698114977</joint><joint name="LAnkleRoll">-0.130347995323</joint><joint name="RAnklePitch">0.0936159704185</joint><joint name="LKneePitch">-0.0905480306593</joint><joint name="LHipRoll">0.102819964229</joint><joint name="RAnkleRoll">0.12889797578</joint><joint name="RShoulderPitch">1.5048961849</joint><joint name="RElbowRoll">0.426493892005</joint><joint name="RHipRoll">-0.101202044012</joint></state><state><joint name="LShoulderRoll">-0.17798518646</joint><joint name="LHipPitch">-0.233125373518</joint><joint name="LElbowYaw">-1.88992978052</joint><joint name="LAnklePitch">0.121144001513</joint><joint name="LWristYaw">0.207048409164</joint><joint name="RShoulderRoll">0.0628520988911</joint><joint name="RWristYaw">0.857464553542</joint><joint name="HeadYaw">-0.00310993238096</joint><joint name="RHipPitch">-0.217869450526</joint><joint name="HeadPitch">-0.197927318493</joint><joint name="RElbowYaw">1.63827075568</joint><joint name="RHand">0.2544</joint><joint name="LElbowRoll">-1.54461638801</joint><joint name="RKneePitch">-0.0923279174305</joint><joint name="LShoulderPitch">1.91438184334</joint><joint name="RHipYawPitch">-0.0966001343735</joint><joint name="LHand">0.5004</joint><joint name="LHipYawPitch">-0.0966001343735</joint><joint name="LAnkleRoll">0.0644700191077</joint><joint name="RAnklePitch">0.102819964229</joint><joint name="LKneePitch">-0.0920820005389</joint><joint name="LHipRoll">-0.0919980502019</joint><joint name="RAnkleRoll">-0.0183660997187</joint><joint name="RShoulderPitch">1.83777934247</joint><joint name="RElbowRoll">1.53250729366</joint><joint name="RHipRoll">0.0552658507644</joint></state><state><joint name="LShoulderRoll">-0.17798518646</joint><joint name="LHipPitch">-0.233125373518</joint><joint name="LElbowYaw">-1.88992978052</joint><joint name="LAnklePitch">0.121144001513</joint><joint name="LWristYaw">0.207048409164</joint><joint name="RShoulderRoll">0.0628520988911</joint><joint name="RWristYaw">0.857464553542</joint><joint name="HeadYaw">-0.102819964229</joint><joint name="RHipPitch">-0.217869450526</joint><joint name="HeadPitch">-0.197927318493</joint><joint name="RElbowYaw">1.63827075568</joint><joint name="RHand">0.2544</joint><joint name="LElbowRoll">-1.54461638801</joint><joint name="RKneePitch">-0.0923279174305</joint><joint name="LShoulderPitch">1.91438184334</joint><joint name="RHipYawPitch">-0.0966001343735</joint><joint name="LHand">0.5004</joint><joint name="LHipYawPitch">-0.0966001343735</joint><joint name="LAnkleRoll">0.0644700191077</joint><joint name="RAnklePitch">0.102819964229</joint><joint name="LKneePitch">-0.0920820005389</joint><joint name="LHipRoll">-0.0919980502019</joint><joint name="RAnkleRoll">-0.0183660997187</joint><joint name="RShoulderPitch">1.83777934247</joint><joint name="RElbowRoll">1.53250729366</joint><joint name="RHipRoll">0.0552658507644</joint></state><state><joint name="LShoulderRoll">-0.314159265359</joint><joint name="LHipPitch">-0.233125373518</joint><joint name="LElbowYaw">-1.28706862227</joint><joint name="LAnklePitch">0.121144001513</joint><joint name="LWristYaw">0.10887189341</joint><joint name="RShoulderRoll">0.314159265359</joint><joint name="RWristYaw">0.0106959361616</joint><joint name="HeadYaw">-0.102819964229</joint><joint name="RHipPitch">-0.217869450526</joint><joint name="HeadPitch">0.514872129338</joint><joint name="RElbowYaw">1.25323541472</joint><joint name="RHand">0.17</joint><joint name="LElbowRoll">-0.566003295105</joint><joint name="RKneePitch">-0.0923279174305</joint><joint name="LShoulderPitch">1.13665265668</joint><joint name="RHipYawPitch">-0.0966001343735</joint><joint name="LHand">0.7624</joint><joint name="LHipYawPitch">-0.0966001343735</joint><joint name="LAnkleRoll">0.0644700191077</joint><joint name="RAnklePitch">0.102819964229</joint><joint name="LKneePitch">-0.0920820005389</joint><joint name="LHipRoll">-0.0919980502019</joint><joint name="RAnkleRoll">-0.0183660997187</joint><joint name="RShoulderPitch">1.08918144635</joint><joint name="RElbowRoll">0.42956218083</joint><joint name="RHipRoll">0.0552658507644</joint></state><state><joint name="LShoulderRoll">-0.314159265359</joint><joint name="LHipPitch">-0.233125373518</joint><joint name="LElbowYaw">-1.62914966501</joint><joint name="LAnklePitch">0.121144001513</joint><joint name="LWristYaw">0.102736013892</joint><joint name="RShoulderRoll">0.314159265359</joint><joint name="RWristYaw">-0.0491299712461</joint><joint name="HeadYaw">-0.102819964229</joint><joint name="RHipPitch">-0.217869450526</joint><joint name="HeadPitch">0.514872129338</joint><joint name="RElbowYaw">1.72724240496</joint><joint name="RHand">0.26</joint><joint name="LElbowRoll">-0.0349065850399</joint><joint name="RKneePitch">-0.0923279174305</joint><joint name="LShoulderPitch">0.8682018191</joint><joint name="RHipYawPitch">-0.0966001343735</joint><joint name="LHand">0.7628</joint><joint name="LHipYawPitch">-0.0966001343735</joint><joint name="LAnkleRoll">0.0644700191077</joint><joint name="RAnklePitch">0.102819964229</joint><joint name="LKneePitch">-0.0920820005389</joint><joint name="LHipRoll">-0.0919980502019</joint><joint name="RAnkleRoll">-0.0183660997187</joint><joint name="RShoulderPitch">0.885159438112</joint><joint name="RElbowRoll">0.0383920075561</joint><joint name="RHipRoll">0.0552658507644</joint></state><state><joint name="LShoulderRoll">-0.314159265359</joint><joint name="LHipPitch">-0.289883480793</joint><joint name="LElbowYaw">-1.62914966501</joint><joint name="LAnklePitch">0.188640421543</joint><joint name="LWristYaw">0.102736013892</joint><joint name="RShoulderRoll">0.314159265359</joint><joint name="RWristYaw">-0.0491299712461</joint><joint name="HeadYaw">-0.102819964229</joint><joint name="RHipPitch">-0.248550593447</joint><joint name="HeadPitch">0.514872129338</joint><joint name="RElbowYaw">1.72724240496</joint><joint name="RHand">0.26</joint><joint name="LElbowRoll">-0.0349065850399</joint><joint name="RKneePitch">-0.0873961405631</joint><joint name="LShoulderPitch">0.8682018191</joint><joint name="RHipYawPitch">-0.115008121994</joint><joint name="LHand">0.7628</joint><joint name="LHipYawPitch">-0.115008121994</joint><joint name="LAnkleRoll">-0.024501979237</joint><joint name="RAnklePitch">0.125829861488</joint><joint name="LKneePitch">-0.0920820005389</joint><joint name="LHipRoll">-0.0199000695983</joint><joint name="RAnkleRoll">-0.116542091874</joint><joint name="RShoulderPitch">0.885159438112</joint><joint name="RElbowRoll">0.0383920075561</joint><joint name="RHipRoll">0.145771993522</joint></state><state><joint name="LShoulderRoll">-0.314159265359</joint><joint name="LHipPitch">-0.289883480793</joint><joint name="LElbowYaw">-1.62914966501</joint><joint name="LAnklePitch">0.188640421543</joint><joint name="LWristYaw">0.102736013892</joint><joint name="RShoulderRoll">0.314159265359</joint><joint name="RWristYaw">-0.0491299712461</joint><joint name="HeadYaw">1.06814150222</joint><joint name="RHipPitch">-0.248550593447</joint><joint name="HeadPitch">-0.207694180987</joint><joint name="RElbowYaw">1.72724240496</joint><joint name="RHand">0.26</joint><joint name="LElbowRoll">-0.0349065850399</joint><joint name="RKneePitch">-0.0873961405631</joint><joint name="LShoulderPitch">0.8682018191</joint><joint name="RHipYawPitch">-0.115008121994</joint><joint name="LHand">0.7628</joint><joint name="LHipYawPitch">-0.115008121994</joint><joint name="LAnkleRoll">-0.024501979237</joint><joint name="RAnklePitch">0.125829861488</joint><joint name="LKneePitch">-0.0920820005389</joint><joint name="LHipRoll">-0.0199000695983</joint><joint name="RAnkleRoll">-0.116542091874</joint><joint name="RShoulderPitch">0.885159438112</joint><joint name="RElbowRoll">0.0383920075561</joint><joint name="RHipRoll">0.145771993522</joint></state><state><joint name="LShoulderRoll">-0.314159265359</joint><joint name="LHipPitch">-0.289883480793</joint><joint name="LElbowYaw">-1.62914966501</joint><joint name="LAnklePitch">0.188640421543</joint><joint name="LWristYaw">0.102736013892</joint><joint name="RShoulderRoll">0.314159265359</joint><joint name="RWristYaw">-0.0491299712461</joint><joint name="HeadYaw">1.06814150222</joint><joint name="RHipPitch">-0.248550593447</joint><joint name="HeadPitch">-0.207694180987</joint><joint name="RElbowYaw">1.72724240496</joint><joint name="RHand">0.26</joint><joint name="LElbowRoll">-0.0349065850399</joint><joint name="RKneePitch">-0.0873961405631</joint><joint name="LShoulderPitch">0.8682018191</joint><joint name="RHipYawPitch">-0.115008121994</joint><joint name="LHand">0.7628</joint><joint name="LHipYawPitch">-0.115008121994</joint><joint name="LAnkleRoll">-0.024501979237</joint><joint name="RAnklePitch">0.125829861488</joint><joint name="LKneePitch">-0.0920820005389</joint><joint name="LHipRoll">-0.0199000695983</joint><joint name="RAnkleRoll">-0.116542091874</joint><joint name="RShoulderPitch">0.885159438112</joint><joint name="RElbowRoll">0.0383920075561</joint><joint name="RHipRoll">0.145771993522</joint></state><state><joint name="LShoulderRoll">-0.314159265359</joint><joint name="LHipPitch">-0.289883480793</joint><joint name="LElbowYaw">-1.0354916279</joint><joint name="LAnklePitch">0.188640421543</joint><joint name="LWristYaw">-0.587563347355</joint><joint name="RShoulderRoll">0.314159265359</joint><joint name="RWristYaw">-0.167248095435</joint><joint name="HeadYaw">1.06814150222</joint><joint name="RHipPitch">-0.248550593447</joint><joint name="HeadPitch">-0.207694180987</joint><joint name="RElbowYaw">1.32993565403</joint><joint name="RHand">0.32</joint><joint name="LElbowRoll">-0.63503455768</joint><joint name="RKneePitch">-0.0873961405631</joint><joint name="LShoulderPitch">1.32686736521</joint><joint name="RHipYawPitch">-0.115008121994</joint><joint name="LHand">0.7628</joint><joint name="LHipYawPitch">-0.115008121994</joint><joint name="LAnkleRoll">-0.024501979237</joint><joint name="RAnklePitch">0.125829861488</joint><joint name="LKneePitch">-0.0920820005389</joint><joint name="LHipRoll">-0.0199000695983</joint><joint name="RAnkleRoll">-0.116542091874</joint><joint name="RShoulderPitch">1.51103276255</joint><joint name="RElbowRoll">0.833003764075</joint><joint name="RHipRoll">0.145771993522</joint></state><state><joint name="LShoulderRoll">-0.314159265359</joint><joint name="LHipPitch">-0.289883480793</joint><joint name="LElbowYaw">-1.0354916279</joint><joint name="LAnklePitch">0.188640421543</joint><joint name="LWristYaw">-0.587563347355</joint><joint name="RShoulderRoll">0.314159265359</joint><joint name="RWristYaw">-0.167248095435</joint><joint name="HeadYaw">1.06814150222</joint><joint name="RHipPitch">-0.248550593447</joint><joint name="HeadPitch">-0.207694180987</joint><joint name="RElbowYaw">1.32993565403</joint><joint name="RHand">0.32</joint><joint name="LElbowRoll">-0.63503455768</joint><joint name="RKneePitch">-0.0873961405631</joint><joint name="LShoulderPitch">1.32686736521</joint><joint name="RHipYawPitch">-0.115008121994</joint><joint name="LHand">0.7628</joint><joint name="LHipYawPitch">-0.115008121994</joint><joint name="LAnkleRoll">-0.024501979237</joint><joint name="RAnklePitch">0.125829861488</joint><joint name="LKneePitch">-0.0920820005389</joint><joint name="LHipRoll">-0.0199000695983</joint><joint name="RAnkleRoll">-0.116542091874</joint><joint name="RShoulderPitch">1.51103276255</joint><joint name="RElbowRoll">0.833003764075</joint><joint name="RHipRoll">0.145771993522</joint></state><state><joint name="LShoulderRoll">-0.314159265359</joint><joint name="LHipPitch">-0.28221450406</joint><joint name="LElbowYaw">-1.0354916279</joint><joint name="LAnklePitch">0.162562060926</joint><joint name="LWristYaw">-0.587563347355</joint><joint name="RShoulderRoll">0.314159265359</joint><joint name="RWristYaw">-0.167248095435</joint><joint name="HeadYaw">-0.102819964229</joint><joint name="RHipPitch">-0.279229991039</joint><joint name="HeadPitch">0.285282792885</joint><joint name="RElbowYaw">1.32993565403</joint><joint name="RHand">0.32</joint><joint name="LElbowRoll">-0.63503455768</joint><joint name="RKneePitch">-0.0919980502019</joint><joint name="LShoulderPitch">1.32686736521</joint><joint name="RHipYawPitch">-0.113474152115</joint><joint name="LHand">0.7628</joint><joint name="LHipYawPitch">-0.113474152115</joint><joint name="LAnkleRoll">0.105887903988</joint><joint name="RAnklePitch">0.168782065314</joint><joint name="LKneePitch">-0.0782759225568</joint><joint name="LHipRoll">-0.142620103425</joint><joint name="RAnkleRoll">0.0307219836253</joint><joint name="RShoulderPitch">1.51103276255</joint><joint name="RElbowRoll">0.833003764075</joint><joint name="RHipRoll">0.010779851592</joint></state><state><joint name="LShoulderRoll">-0.314159265359</joint><joint name="LHipPitch">-0.28221450406</joint><joint name="LElbowYaw">-1.0354916279</joint><joint name="LAnklePitch">0.162562060926</joint><joint name="LWristYaw">-0.587563347355</joint><joint name="RShoulderRoll">0.314159265359</joint><joint name="RWristYaw">-0.167248095435</joint><joint name="HeadYaw">-0.102819964229</joint><joint name="RHipPitch">-0.279229991039</joint><joint name="HeadPitch">0.285282792885</joint><joint name="RElbowYaw">1.32993565403</joint><joint name="RHand">0.32</joint><joint name="LElbowRoll">-0.63503455768</joint><joint name="RKneePitch">-0.0919980502019</joint><joint name="LShoulderPitch">1.32686736521</joint><joint name="RHipYawPitch">-0.113474152115</joint><joint name="LHand">0.7628</joint><joint name="LHipYawPitch">-0.113474152115</joint><joint name="LAnkleRoll">0.105887903988</joint><joint name="RAnklePitch">0.168782065314</joint><joint name="LKneePitch">-0.0782759225568</joint><joint name="LHipRoll">-0.142620103425</joint><joint name="RAnkleRoll">0.0307219836253</joint><joint name="RShoulderPitch">1.51103276255</joint><joint name="RElbowRoll">0.833003764075</joint><joint name="RHipRoll">0.010779851592</joint></state><state><joint name="LShoulderRoll">-0.314159265359</joint><joint name="LHipPitch">-0.28221450406</joint><joint name="LElbowYaw">-1.00941466355</joint><joint name="LAnklePitch">0.162562060926</joint><joint name="LWristYaw">-0.880558750204</joint><joint name="RShoulderRoll">0.314159265359</joint><joint name="RWristYaw">-0.0061779070467</joint><joint name="HeadYaw">-0.102819964229</joint><joint name="RHipPitch">-0.279229991039</joint><joint name="HeadPitch">0.514872129338</joint><joint name="RElbowYaw">1.5370259511</joint><joint name="RHand">0.26</joint><joint name="LElbowRoll">-0.105803953651</joint><joint name="RKneePitch">-0.0919980502019</joint><joint name="LShoulderPitch">1.10597151376</joint><joint name="RHipYawPitch">-0.113474152115</joint><joint name="LHand">1.0</joint><joint name="LHipYawPitch">-0.113474152115</joint><joint name="LAnkleRoll">0.105887903988</joint><joint name="RAnklePitch">0.168782065314</joint><joint name="LKneePitch">-0.0782759225568</joint><joint name="LHipRoll">-0.142620103425</joint><joint name="RAnkleRoll">0.0307219836253</joint><joint name="RShoulderPitch">1.11986258927</joint><joint name="RElbowRoll">0.0383920075561</joint><joint name="RHipRoll">0.010779851592</joint></state><state><joint name="LShoulderRoll">-0.314159265359</joint><joint name="LHipPitch">-0.28221450406</joint><joint name="LElbowYaw">-1.00941466355</joint><joint name="LAnklePitch">0.162562060926</joint><joint name="LWristYaw">-0.880558750204</joint><joint name="RShoulderRoll">0.314159265359</joint><joint name="RWristYaw">-0.0061779070467</joint><joint name="HeadYaw">1.06814150222</joint><joint name="RHipPitch">-0.279229991039</joint><joint name="HeadPitch">-0.207694180987</joint><joint name="RElbowYaw">1.5370259511</joint><joint name="RHand">0.26</joint><joint name="LElbowRoll">-0.105803953651</joint><joint name="RKneePitch">-0.0919980502019</joint><joint name="LShoulderPitch">1.10597151376</joint><joint name="RHipYawPitch">-0.113474152115</joint><joint name="LHand">1.0</joint><joint name="LHipYawPitch">-0.113474152115</joint><joint name="LAnkleRoll">0.105887903988</joint><joint name="RAnklePitch">0.168782065314</joint><joint name="LKneePitch">-0.0782759225568</joint><joint name="LHipRoll">-0.142620103425</joint><joint name="RAnkleRoll">0.0307219836253</joint><joint name="RShoulderPitch">1.11986258927</joint><joint name="RElbowRoll">0.0383920075561</joint><joint name="RHipRoll">0.010779851592</joint></state><state><joint name="LShoulderRoll">-0.314159265359</joint><joint name="LHipPitch">-0.233125373518</joint><joint name="LElbowYaw">-1.0354916279</joint><joint name="LAnklePitch">0.121144001513</joint><joint name="LWristYaw">-0.587563347355</joint><joint name="RShoulderRoll">0.314159265359</joint><joint name="RWristYaw">-0.167248095435</joint><joint name="HeadYaw">1.06814150222</joint><joint name="RHipPitch">-0.227074317001</joint><joint name="HeadPitch">-0.207694180987</joint><joint name="RElbowYaw">1.32993565403</joint><joint name="RHand">0.32</joint><joint name="LElbowRoll">-0.63503455768</joint><joint name="RKneePitch">-0.0904640803223</joint><joint name="LShoulderPitch">1.32686736521</joint><joint name="RHipYawPitch">-0.0981341042531</joint><joint name="LHand">0.7628</joint><joint name="LHipYawPitch">-0.0981341042531</joint><joint name="LAnkleRoll">0.0644700191077</joint><joint name="RAnklePitch">0.0982178800572</joint><joint name="LKneePitch">-0.0905480306593</joint><joint name="LHipRoll">-0.0919980502019</joint><joint name="RAnkleRoll">-0.0183660997187</joint><joint name="RShoulderPitch">1.51103276255</joint><joint name="RElbowRoll">0.833003764075</joint><joint name="RHipRoll">0.0552658507644</joint></state><state><joint name="LShoulderRoll">-0.314159265359</joint><joint name="LHipPitch">-0.233125373518</joint><joint name="LElbowYaw">-1.04162820555</joint><joint name="LAnklePitch">0.121144001513</joint><joint name="LWristYaw">-0.605971334975</joint><joint name="RShoulderRoll">0.314159265359</joint><joint name="RWristYaw">-0.116626042211</joint><joint name="HeadYaw">-0.0905480306593</joint><joint name="RHipPitch">-0.227074317001</joint><joint name="HeadPitch">0.28221450406</joint><joint name="RElbowYaw">1.34220880933</joint><joint name="RHand">0.3172</joint><joint name="LElbowRoll">-0.615092425646</joint><joint name="RKneePitch">-0.0904640803223</joint><joint name="LShoulderPitch">1.33607223168</joint><joint name="RHipYawPitch">-0.0981341042531</joint><joint name="LHand">0.7644</joint><joint name="LHipYawPitch">-0.0981341042531</joint><joint name="LAnkleRoll">0.0644700191077</joint><joint name="RAnklePitch">0.0982178800572</joint><joint name="LKneePitch">-0.0905480306593</joint><joint name="LHipRoll">-0.0919980502019</joint><joint name="RAnkleRoll">-0.0183660997187</joint><joint name="RShoulderPitch">1.50336204049</joint><joint name="RElbowRoll">0.817664065279</joint><joint name="RHipRoll">0.0552658507644</joint></state><state><joint name="LShoulderRoll">-0.314159265359</joint><joint name="LHipPitch">-0.233125373518</joint><joint name="LElbowYaw">-1.04162820555</joint><joint name="LAnklePitch">0.121144001513</joint><joint name="LWristYaw">-0.605971334975</joint><joint name="RShoulderRoll">0.314159265359</joint><joint name="RWristYaw">-0.116626042211</joint><joint name="HeadYaw">-0.0905480306593</joint><joint name="RHipPitch">-0.227074317001</joint><joint name="HeadPitch">0.28221450406</joint><joint name="RElbowYaw">1.34220880933</joint><joint name="RHand">0.3172</joint><joint name="LElbowRoll">-0.615092425646</joint><joint name="RKneePitch">-0.0904640803223</joint><joint name="LShoulderPitch">1.33607223168</joint><joint name="RHipYawPitch">-0.0981341042531</joint><joint name="LHand">0.7644</joint><joint name="LHipYawPitch">-0.0981341042531</joint><joint name="LAnkleRoll">0.0644700191077</joint><joint name="RAnklePitch">0.0982178800572</joint><joint name="LKneePitch">-0.0905480306593</joint><joint name="LHipRoll">-0.0919980502019</joint><joint name="RAnkleRoll">-0.0183660997187</joint><joint name="RShoulderPitch">1.50336204049</joint><joint name="RElbowRoll">0.817664065279</joint><joint name="RHipRoll">0.0552658507644</joint></state><state><joint name="LShoulderRoll">-0.314159265359</joint><joint name="LHipPitch">-0.578276450405</joint><joint name="LElbowYaw">-1.04162820555</joint><joint name="LAnklePitch">-0.179519330872</joint><joint name="LWristYaw">-0.605971334975</joint><joint name="RShoulderRoll">0.314159265359</joint><joint name="RWristYaw">-0.116626042211</joint><joint name="HeadYaw">1.06814150222</joint><joint name="RHipPitch">-0.513931396872</joint><joint name="HeadPitch">-0.207694180987</joint><joint name="RElbowYaw">1.34220880933</joint><joint name="RHand">0.3172</joint><joint name="LElbowRoll">-0.615092425646</joint><joint name="RKneePitch">0.575291937384</joint><joint name="LShoulderPitch">1.33607223168</joint><joint name="RHipYawPitch">-0.125746085684</joint><joint name="LHand">0.7644</joint><joint name="LHipYawPitch">-0.125746085684</joint><joint name="LAnkleRoll">0.0675379588669</joint><joint name="RAnklePitch">-0.236193662343</joint><joint name="LKneePitch">0.589013715963</joint><joint name="LHipRoll">-0.0858621706836</joint><joint name="RAnkleRoll">-0.035239942927</joint><joint name="RShoulderPitch">1.50336204049</joint><joint name="RElbowRoll">0.817664065279</joint><joint name="RHipRoll">0.0874800909002</joint></state><state><joint name="LShoulderRoll">-0.279229991039</joint><joint name="LHipPitch">-0.240796095581</joint><joint name="LElbowYaw">-1.04162820555</joint><joint name="LAnklePitch">0.116542091874</joint><joint name="LWristYaw">-0.607505479388</joint><joint name="RShoulderRoll">0.291417625205</joint><joint name="RWristYaw">-0.113558102452</joint><joint name="HeadYaw">1.06814150222</joint><joint name="RHipPitch">-0.23167500491</joint><joint name="HeadPitch">-0.207694180987</joint><joint name="RElbowYaw">1.34374295374</joint><joint name="RHand">0.3172</joint><joint name="LElbowRoll">-0.610489992409</joint><joint name="RKneePitch">-0.0843278517381</joint><joint name="LShoulderPitch">1.33760637609</joint><joint name="RHipYawPitch">-0.102736013892</joint><joint name="LHand">0.7648</joint><joint name="LHipYawPitch">-0.102736013892</joint><joint name="LAnkleRoll">0.0644700191077</joint><joint name="RAnklePitch">0.0874800909002</joint><joint name="LKneePitch">-0.0844118020752</joint><joint name="LHipRoll">-0.0919980502019</joint><joint name="RAnkleRoll">-0.0183660997187</joint><joint name="RShoulderPitch">1.50182789607</joint><joint name="RElbowRoll">0.805392655308</joint><joint name="RHipRoll">0.0552658507644</joint></state><state><joint name="LShoulderRoll">-0.279229991039</joint><joint name="LHipPitch">-0.240796095581</joint><joint name="LElbowYaw">-1.04162820555</joint><joint name="LAnklePitch">0.116542091874</joint><joint name="LWristYaw">-0.607505479388</joint><joint name="RShoulderRoll">0.291417625205</joint><joint name="RWristYaw">-0.113558102452</joint><joint name="HeadYaw">1.05688412855</joint><joint name="RHipPitch">-0.23167500491</joint><joint name="HeadPitch">-0.182587619697</joint><joint name="RElbowYaw">1.34374295374</joint><joint name="RHand">0.3172</joint><joint name="LElbowRoll">-0.610489992409</joint><joint name="RKneePitch">-0.0843278517381</joint><joint name="LShoulderPitch">1.33760637609</joint><joint name="RHipYawPitch">-0.102736013892</joint><joint name="LHand">0.7648</joint><joint name="LHipYawPitch">-0.102736013892</joint><joint name="LAnkleRoll">0.0644700191077</joint><joint name="RAnklePitch">0.0874800909002</joint><joint name="LKneePitch">-0.0844118020752</joint><joint name="LHipRoll">-0.0919980502019</joint><joint name="RAnkleRoll">-0.0183660997187</joint><joint name="RShoulderPitch">1.50182789607</joint><joint name="RElbowRoll">0.805392655308</joint><joint name="RHipRoll">0.0552658507644</joint></state><state><joint name="LShoulderRoll">-0.279229991039</joint><joint name="LHipPitch">-0.240796095581</joint><joint name="LElbowYaw">-1.04162820555</joint><joint name="LAnklePitch">0.116542091874</joint><joint name="LWristYaw">-0.607505479388</joint><joint name="RShoulderRoll">0.291417625205</joint><joint name="RWristYaw">-0.113558102452</joint><joint name="HeadYaw">1.05688412855</joint><joint name="RHipPitch">-0.23167500491</joint><joint name="HeadPitch">-0.182587619697</joint><joint name="RElbowYaw">1.34374295374</joint><joint name="RHand">0.3172</joint><joint name="LElbowRoll">-0.610489992409</joint><joint name="RKneePitch">-0.0843278517381</joint><joint name="LShoulderPitch">1.33760637609</joint><joint name="RHipYawPitch">-0.102736013892</joint><joint name="LHand">0.7648</joint><joint name="LHipYawPitch">-0.102736013892</joint><joint name="LAnkleRoll">0.0644700191077</joint><joint name="RAnklePitch">0.0874800909002</joint><joint name="LKneePitch">-0.0844118020752</joint><joint name="LHipRoll">-0.0919980502019</joint><joint name="RAnkleRoll">-0.0183660997187</joint><joint name="RShoulderPitch">1.50182789607</joint><joint name="RElbowRoll">0.805392655308</joint><joint name="RHipRoll">0.0552658507644</joint></state><state><joint name="LShoulderRoll">0.489304801126</joint><joint name="LHipPitch">-0.590547860376</joint><joint name="LElbowYaw">-1.27172717815</joint><joint name="LAnklePitch">-0.18412176411</joint><joint name="LWristYaw">-0.898966737825</joint><joint name="RShoulderRoll">-0.325249087426</joint><joint name="RWristYaw">0.452487080555</joint><joint name="HeadYaw">-0.010779851592</joint><joint name="RHipPitch">-0.570689504146</joint><joint name="HeadPitch">0.0383972435439</joint><joint name="RElbowYaw">1.57077363751</joint><joint name="RHand">0.5188</joint><joint name="LElbowRoll">-1.08296283823</joint><joint name="RKneePitch">0.601370647067</joint><joint name="LShoulderPitch">1.82695830111</joint><joint name="RHipYawPitch">-0.136484223907</joint><joint name="LHand">0.54</joint><joint name="LHipYawPitch">-0.136484223907</joint><joint name="LAnkleRoll">0.0675379588669</joint><joint name="RAnklePitch">-0.254601649964</joint><joint name="LKneePitch">0.542994619576</joint><joint name="LHipRoll">-0.104269983771</joint><joint name="RAnkleRoll">-0.0275700935291</joint><joint name="RShoulderPitch">1.87305244666</joint><joint name="RElbowRoll">0.998675652662</joint><joint name="RHipRoll">0.0644700191077</joint></state><state name="pivot"><joint name="LShoulderRoll">0.165630175218</joint><joint name="LHipPitch">0.305308700722</joint><joint name="LElbowYaw">-1.04162820555</joint><joint name="LAnklePitch">-0.0859461210206</joint><joint name="LWristYaw">-1.06157033759</joint><joint name="RShoulderRoll">-0.113558102452</joint><joint name="RWristYaw">0.205514264752</joint><joint name="HeadYaw">-0.010779851592</joint><joint name="RHipPitch">0.332836033685</joint><joint name="HeadPitch">-0.11969398197</joint><joint name="RElbowYaw">1.6290658892</joint><joint name="RHand">0.0472</joint><joint name="LElbowRoll">-0.159493946634</joint><joint name="RKneePitch">-0.0923279174305</joint><joint name="LShoulderPitch">1.79473952312</joint><joint name="RHipYawPitch">-0.121144001513</joint><joint name="LHand">0.3328</joint><joint name="LHipYawPitch">-0.121144001513</joint><joint name="LAnkleRoll">0.0061779070467</joint><joint name="RAnklePitch">-0.0705221228219</joint><joint name="LKneePitch">-0.0629360492281</joint><joint name="LHipRoll">-0.0168321123859</joint><joint name="RAnkleRoll">-0.0183660997187</joint><joint name="RShoulderPitch">1.72886032517</joint><joint name="RElbowRoll">0.0506639411257</joint><joint name="RHipRoll">0.0153820579367</joint></state></actuators><speed>adjusted_norm</speed></robot>