<robot name="nao"><emotion name="neutral" /><repeat>0</repeat><actuators><state><joint name="LElbowRoll">-0.012229923494452226</joint><joint name="LElbowYaw">-1.2088342385530446</joint><joint name="LHand">0.005068436147791532</joint><joint name="LShoulderPitch">0.7991723018541875</joint><joint name="LShoulderRoll">-0.12276192172922595</joint><joint name="LWristYaw">-0.1841217641098898</joint><joint name="RElbowRoll">0.15190787303998007</joint><joint name="RElbowYaw">1.2363615715154992</joint><joint name="RHand">0.005026548245743669</joint><joint name="RShoulderPitch">0.9465199786245568</joint><joint name="RShoulderRoll">0.01069593616158189</joint><joint name="RWristYaw">-0.09975202446970831</joint></state><state><joint name="LElbowRoll">-0.012229923494452226</joint><joint name="LElbowYaw">-1.2088342385530446</joint><joint name="LHand">0.005068436147791532</joint><joint name="LShoulderPitch">0.06285209889111901</joint><joint name="LShoulderRoll">-0.05679982064397826</joint><joint name="LWristYaw">-0.1841217641098898</joint><joint name="RElbowRoll">0.5522815165255737</joint><joint name="RElbowYaw">1.2363615715154992</joint><joint name="RHand">0.005026548245743669</joint><joint name="RShoulderPitch">0.24548230462225443</joint><joint name="RShoulderRoll">0.05671604483988253</joint><joint name="RWristYaw">-0.027653869333224154</joint></state><state><joint name="LElbowRoll">-0.7638904710251221</joint><joint name="LElbowYaw">-1.2088342385530446</joint><joint name="LHand">0.005068436147791532</joint><joint name="LShoulderPitch">0.6657139552711892</joint><joint name="LShoulderRoll">0.019900069598314148</joint><joint name="LWristYaw">-0.32371668834290024</joint><joint name="RElbowRoll">0.6750025975503029</joint><joint name="RElbowYaw">1.22562430595723</joint><joint name="RHand">0.005026548245743669</joint><joint name="RShoulderPitch">0.164179981142453</joint><joint name="RShoulderRoll">0.1671641450975129</joint><joint name="RWristYaw">-0.0169160452695944</joint></state><state><joint name="LElbowRoll">-0.6963933528627454</joint><joint name="LElbowYaw">-1.1167943004491236</joint><joint name="LHand">0.005054473513775579</joint><joint name="LShoulderPitch">0.2806803596472241</joint><joint name="LShoulderRoll">0.17330002461582417</joint><joint name="LWristYaw">-0.3467253638719415</joint><joint name="RElbowRoll">0.7593718135917089</joint><joint name="RElbowYaw">1.1596613322073566</joint><joint name="RHand">0.005319763560078717</joint><joint name="RShoulderPitch">0.7501686924459428</joint><joint name="RShoulderRoll">0.08432785173813362</joint><joint name="RWristYaw">-0.032255953504882806</joint></state><state><joint name="LElbowRoll">-0.6795195096544643</joint><joint name="LElbowYaw">-1.142871264803171</joint><joint name="LHand">0.005131268000863329</joint><joint name="LShoulderPitch">0.30369078050551734</joint><joint name="LShoulderRoll">0.15489203699503998</joint><joint name="LWristYaw">-0.3191142551053912</joint><joint name="RElbowRoll">0.7210216939376375</joint><joint name="RElbowYaw">1.1949431630364216</joint><joint name="RHand">0.0052220251219670345</joint><joint name="RShoulderPitch">0.8145957764540614</joint><joint name="RShoulderRoll">-0.2715592689763017</joint><joint name="RWristYaw">-1.161280997753207</joint></state><state><joint name="LElbowRoll">-0.6795195096544643</joint><joint name="LElbowYaw">-1.142871264803171</joint><joint name="LHand">0.005131268000863329</joint><joint name="LShoulderPitch">0.30369078050551734</joint><joint name="LShoulderRoll">0.15489203699503998</joint><joint name="LWristYaw">-0.3191142551053912</joint><joint name="RElbowRoll">1.3990489470816465</joint><joint name="RElbowYaw">1.4787336994106997</joint><joint name="RHand">0.0052220251219670345</joint><joint name="RShoulderPitch">1.3760402715526054</joint><joint name="RShoulderRoll">-0.30224041189711004</joint><joint name="RWristYaw">-1.161280997753207</joint></state><state><joint name="LElbowRoll">-0.6795195096544643</joint><joint name="LElbowYaw">-1.142871264803171</joint><joint name="LHand">0.005131268000863329</joint><joint name="LShoulderPitch">0.30369078050551734</joint><joint name="LShoulderRoll">0.15489203699503998</joint><joint name="LWristYaw">-0.3191142551053912</joint><joint name="RElbowRoll">0.5829626594463819</joint><joint name="RElbowYaw">1.3836254724817725</joint><joint name="RHand">0.0052220251219670345</joint><joint name="RShoulderPitch">0.6888081519335781</joint><joint name="RShoulderRoll">-0.2623561478305356</joint><joint name="RWristYaw">-1.161280997753207</joint></state><state><joint name="LElbowRoll">-0.6795195096544643</joint><joint name="LElbowYaw">-1.142871264803171</joint><joint name="LHand">0.005131268000863329</joint><joint name="LShoulderPitch">0.30369078050551734</joint><joint name="LShoulderRoll">0.17330002461582417</joint><joint name="LWristYaw">-0.3191142551053912</joint><joint name="RElbowRoll">0.8191982096915704</joint><joint name="RElbowYaw">1.679687418826823</joint><joint name="RHand">0.0052220251219670345</joint><joint name="RShoulderPitch">0.49245512042571205</joint><joint name="RShoulderRoll">0.3021566360930143</joint><joint name="RWristYaw">-0.43263046965510243</joint></state><state><joint name="LElbowRoll">-0.7638904710251221</joint><joint name="LElbowYaw">-1.2088342385530446</joint><joint name="LHand">0.005068436147791532</joint><joint name="LShoulderPitch">0.6657139552711892</joint><joint name="LShoulderRoll">0.019900069598314148</joint><joint name="LWristYaw">-0.32371668834290024</joint><joint name="RElbowRoll">0.6750025975503029</joint><joint name="RElbowYaw">1.22562430595723</joint><joint name="RHand">0.005026548245743669</joint><joint name="RShoulderPitch">0.164179981142453</joint><joint name="RShoulderRoll">0.1671641450975129</joint><joint name="RWristYaw">-0.0169160452695944</joint></state><state><joint name="LElbowRoll">-0.6963933528627454</joint><joint name="LElbowYaw">-1.1167943004491236</joint><joint name="LHand">0.005054473513775579</joint><joint name="LShoulderPitch">0.2806803596472241</joint><joint name="LShoulderRoll">0.17330002461582417</joint><joint name="LWristYaw">-0.3467253638719415</joint><joint name="RElbowRoll">0.7278022980816354</joint><joint name="RElbowYaw">1.181587903600161</joint><joint name="RHand">0.005235987755982988</joint><joint name="RShoulderPitch">0.7644542123735163</joint><joint name="RShoulderRoll">0.06283185307179587</joint><joint name="RWristYaw">-0.03665191429188092</joint></state></actuators><speed>adjusted_norm</speed></robot>