<robot name="nao"><emotion name="neutral" /><repeat>0</repeat><actuators><state><joint name="LShoulderRoll">0.197206497512</joint><joint name="LHipPitch">-0.059783984599</joint><joint name="LElbowYaw">-1.0430209783</joint><joint name="LAnklePitch">-0.0874800909002</joint><joint name="LWristYaw">-0.0866845698271</joint><joint name="RShoulderRoll">-0.204477539176</joint><joint name="RWristYaw">0.104308555548</joint><joint name="HeadYaw">0.0</joint><joint name="RHipPitch">-0.081343862316</joint><joint name="HeadPitch">-0.319395253115</joint><joint name="RElbowYaw">1.04290229591</joint><joint name="RHand">0.295756</joint><joint name="LElbowRoll">-1.13904201242</joint><joint name="RKneePitch">0.259287859006</joint><joint name="LShoulderPitch">1.30706136886</joint><joint name="RHipYawPitch">-0.220853963547</joint><joint name="LHand">0.384736</joint><joint name="LHipYawPitch">-0.220853963547</joint><joint name="LAnkleRoll">-0.122677971392</joint><joint name="RAnklePitch">-0.0521139606682</joint><joint name="LKneePitch">0.256135794376</joint><joint name="LHipRoll">0.0936159704185</joint><joint name="RAnkleRoll">0.110489813627</joint><joint name="RShoulderPitch">1.3073685468</joint><joint name="RElbowRoll">1.13912578823</joint><joint name="RHipRoll">-0.104269983771</joint></state><state><joint name="LShoulderRoll">0.197206497512</joint><joint name="LHipPitch">-0.059783984599</joint><joint name="LElbowYaw">-0.944223125329</joint><joint name="LAnklePitch">-0.0874800909002</joint><joint name="LWristYaw">-0.0866845698271</joint><joint name="RShoulderRoll">-0.204477539176</joint><joint name="RWristYaw">0.104308555548</joint><joint name="HeadYaw">0.0</joint><joint name="RHipPitch">-0.081343862316</joint><joint name="HeadPitch">-0.319395253115</joint><joint name="RElbowYaw">0.944223125329</joint><joint name="RHand">0.295756</joint><joint name="LElbowRoll">-1.54461638801</joint><joint name="RKneePitch">0.259287859006</joint><joint name="LShoulderPitch">1.21998514714</joint><joint name="RHipYawPitch">-0.220853963547</joint><joint name="LHand">0.384736</joint><joint name="LHipYawPitch">-0.220853963547</joint><joint name="LAnkleRoll">-0.122677971392</joint><joint name="RAnklePitch">-0.0521139606682</joint><joint name="LKneePitch">0.256135794376</joint><joint name="LHipRoll">0.0936159704185</joint><joint name="RAnkleRoll">0.110489813627</joint><joint name="RShoulderPitch">1.21998514714</joint><joint name="RElbowRoll">1.54461638801</joint><joint name="RHipRoll">-0.104269983771</joint></state><state><joint name="LShoulderRoll">0.197206497512</joint><joint name="LHipPitch">-0.059783984599</joint><joint name="LElbowYaw">-0.944223125329</joint><joint name="LAnklePitch">-0.0874800909002</joint><joint name="LWristYaw">-0.0866845698271</joint><joint name="RShoulderRoll">-0.204477539176</joint><joint name="RWristYaw">0.104308555548</joint><joint name="HeadYaw">0.0</joint><joint name="RHipPitch">-0.081343862316</joint><joint name="HeadPitch">0.0383972435439</joint><joint name="RElbowYaw">0.944223125329</joint><joint name="RHand">0.295756</joint><joint name="LElbowRoll">-1.54461638801</joint><joint name="RKneePitch">0.259287859006</joint><joint name="LShoulderPitch">1.21998514714</joint><joint name="RHipYawPitch">-0.220853963547</joint><joint name="LHand">0.384736</joint><joint name="LHipYawPitch">-0.220853963547</joint><joint name="LAnkleRoll">-0.122677971392</joint><joint name="RAnklePitch">-0.0521139606682</joint><joint name="LKneePitch">0.256135794376</joint><joint name="LHipRoll">0.0936159704185</joint><joint name="RAnkleRoll">0.110489813627</joint><joint name="RShoulderPitch">1.21998514714</joint><joint name="RElbowRoll">1.54461638801</joint><joint name="RHipRoll">-0.104269983771</joint></state><state><joint name="LShoulderRoll">0.261799387799</joint><joint name="LHipPitch">-0.059783984599</joint><joint name="LElbowYaw">-0.944223125329</joint><joint name="LAnklePitch">-0.0874800909002</joint><joint name="LWristYaw">-0.0866845698271</joint><joint name="RShoulderRoll">-0.261799387799</joint><joint name="RWristYaw">0.104308555548</joint><joint name="HeadYaw">0.0</joint><joint name="RHipPitch">-0.081343862316</joint><joint name="HeadPitch">0.0383972435439</joint><joint name="RElbowYaw">0.944223125329</joint><joint name="RHand">0.295756</joint><joint name="LElbowRoll">-0.687659725286</joint><joint name="RKneePitch">0.259287859006</joint><joint name="LShoulderPitch">1.21998514714</joint><joint name="RHipYawPitch">-0.220853963547</joint><joint name="LHand">0.384736</joint><joint name="LHipYawPitch">-0.220853963547</joint><joint name="LAnkleRoll">-0.122677971392</joint><joint name="RAnklePitch">-0.0521139606682</joint><joint name="LKneePitch">0.256135794376</joint><joint name="LHipRoll">0.0936159704185</joint><joint name="RAnkleRoll">0.110489813627</joint><joint name="RShoulderPitch">1.21998514714</joint><joint name="RElbowRoll">0.687659725286</joint><joint name="RHipRoll">-0.104269983771</joint></state><state><joint name="LShoulderRoll">0.261799387799</joint><joint name="LHipPitch">-0.059783984599</joint><joint name="LElbowYaw">-0.944223125329</joint><joint name="LAnklePitch">-0.0874800909002</joint><joint name="LWristYaw">-0.0866845698271</joint><joint name="RShoulderRoll">-0.261799387799</joint><joint name="RWristYaw">0.104308555548</joint><joint name="HeadYaw">0.0</joint><joint name="RHipPitch">-0.081343862316</joint><joint name="HeadPitch">0.0383972435439</joint><joint name="RElbowYaw">0.944223125329</joint><joint name="RHand">0.62</joint><joint name="LElbowRoll">-0.687659725286</joint><joint name="RKneePitch">0.259287859006</joint><joint name="LShoulderPitch">1.4032447186</joint><joint name="RHipYawPitch">-0.220853963547</joint><joint name="LHand">0.62</joint><joint name="LHipYawPitch">-0.220853963547</joint><joint name="LAnkleRoll">-0.122677971392</joint><joint name="RAnklePitch">-0.0521139606682</joint><joint name="LKneePitch">0.256135794376</joint><joint name="LHipRoll">0.0936159704185</joint><joint name="RAnkleRoll">0.110489813627</joint><joint name="RShoulderPitch">1.4032447186</joint><joint name="RElbowRoll">0.687659725286</joint><joint name="RHipRoll">-0.104269983771</joint></state><state><joint name="LShoulderRoll">0.261799387799</joint><joint name="LHipPitch">-0.059783984599</joint><joint name="LElbowYaw">-0.944223125329</joint><joint name="LAnklePitch">-0.0874800909002</joint><joint name="LWristYaw">-0.940732466825</joint><joint name="RShoulderRoll">-0.261799387799</joint><joint name="RWristYaw">1.3962634016</joint><joint name="HeadYaw">0.158824961931</joint><joint name="RHipPitch">-0.081343862316</joint><joint name="HeadPitch">0.0383972435439</joint><joint name="RElbowYaw">0.944223125329</joint><joint name="RHand">0.62</joint><joint name="LElbowRoll">-0.687659725286</joint><joint name="RKneePitch">0.259287859006</joint><joint name="LShoulderPitch">1.4032447186</joint><joint name="RHipYawPitch">-0.220853963547</joint><joint name="LHand">0.62</joint><joint name="LHipYawPitch">-0.220853963547</joint><joint name="LAnkleRoll">-0.122677971392</joint><joint name="RAnklePitch">-0.0521139606682</joint><joint name="LKneePitch">0.256135794376</joint><joint name="LHipRoll">0.0936159704185</joint><joint name="RAnkleRoll">0.110489813627</joint><joint name="RShoulderPitch">1.4032447186</joint><joint name="RElbowRoll">0.687659725286</joint><joint name="RHipRoll">-0.104269983771</joint></state><state><joint name="LShoulderRoll">0.54279739737</joint><joint name="LHipPitch">0.124295891609</joint><joint name="LElbowYaw">-2.08566845613</joint><joint name="LAnklePitch">0.0781919722198</joint><joint name="LWristYaw">-0.940732466825</joint><joint name="RShoulderRoll">-0.54279739737</joint><joint name="RWristYaw">1.3962634016</joint><joint name="HeadYaw">-0.158824961931</joint><joint name="RHipPitch">0.131881965203</joint><joint name="HeadPitch">0.0383972435439</joint><joint name="RElbowYaw">2.08566845613</joint><joint name="RHand">0.62</joint><joint name="LElbowRoll">-1.29677963423</joint><joint name="RKneePitch">-0.0751240324607</joint><joint name="LShoulderPitch">1.37706477982</joint><joint name="RHipYawPitch">-0.171766054736</joint><joint name="LHand">0.62</joint><joint name="LHipYawPitch">-0.171766054736</joint><joint name="LAnkleRoll">-0.121144001513</joint><joint name="RAnklePitch">0.081343862316</joint><joint name="LKneePitch">-0.081343862316</joint><joint name="LHipRoll">0.0905480306593</joint><joint name="RAnkleRoll">0.12889797578</joint><joint name="RShoulderPitch">1.37706477982</joint><joint name="RElbowRoll">1.29677963423</joint><joint name="RHipRoll">-0.0981341042531</joint></state><state><joint name="LShoulderRoll">0.54279739737</joint><joint name="LHipPitch">0.124295891609</joint><joint name="LElbowYaw">-2.08566845613</joint><joint name="LAnklePitch">0.0781919722198</joint><joint name="LWristYaw">-0.940732466825</joint><joint name="RShoulderRoll">-0.54279739737</joint><joint name="RWristYaw">1.3962634016</joint><joint name="HeadYaw">-0.158824961931</joint><joint name="RHipPitch">0.131881965203</joint><joint name="HeadPitch">-0.182587619697</joint><joint name="RElbowYaw">2.08566845613</joint><joint name="RHand">0.92</joint><joint name="LElbowRoll">-1.29677963423</joint><joint name="RKneePitch">-0.0751240324607</joint><joint name="LShoulderPitch">1.37706477982</joint><joint name="RHipYawPitch">-0.171766054736</joint><joint name="LHand">0.92</joint><joint name="LHipYawPitch">-0.171766054736</joint><joint name="LAnkleRoll">-0.121144001513</joint><joint name="RAnklePitch">0.081343862316</joint><joint name="LKneePitch">-0.081343862316</joint><joint name="LHipRoll">0.0905480306593</joint><joint name="RAnkleRoll">0.12889797578</joint><joint name="RShoulderPitch">1.37706477982</joint><joint name="RElbowRoll">1.29677963423</joint><joint name="RHipRoll">-0.0981341042531</joint></state><state><joint name="LShoulderRoll">0.54279739737</joint><joint name="LHipPitch">0.124295891609</joint><joint name="LElbowYaw">-2.08566845613</joint><joint name="LAnklePitch">0.0781919722198</joint><joint name="LWristYaw">-0.940732466825</joint><joint name="RShoulderRoll">-0.54279739737</joint><joint name="RWristYaw">1.3962634016</joint><joint name="HeadYaw">0.0523598775598</joint><joint name="RHipPitch">0.131881965203</joint><joint name="HeadPitch">-0.182587619697</joint><joint name="RElbowYaw">2.08566845613</joint><joint name="RHand">0.92</joint><joint name="LElbowRoll">-1.29677963423</joint><joint name="RKneePitch">-0.0751240324607</joint><joint name="LShoulderPitch">1.37706477982</joint><joint name="RHipYawPitch">-0.171766054736</joint><joint name="LHand">0.92</joint><joint name="LHipYawPitch">-0.171766054736</joint><joint name="LAnkleRoll">-0.121144001513</joint><joint name="RAnklePitch">0.081343862316</joint><joint name="LKneePitch">-0.081343862316</joint><joint name="LHipRoll">0.0905480306593</joint><joint name="RAnkleRoll">0.12889797578</joint><joint name="RShoulderPitch">1.37706477982</joint><joint name="RElbowRoll">1.29677963423</joint><joint name="RHipRoll">-0.0981341042531</joint></state><state><joint name="LShoulderRoll">0.17483486716</joint><joint name="LHipPitch">0.125829861488</joint><joint name="LElbowYaw">-1.2180373597</joint><joint name="LAnklePitch">0.0873961405631</joint><joint name="LWristYaw">0.0873961405631</joint><joint name="RShoulderRoll">-0.167248095435</joint><joint name="RWristYaw">0.111940182235</joint><joint name="HeadYaw">-0.263544717051</joint><joint name="RHipPitch">0.128814025443</joint><joint name="HeadPitch">-0.182587619697</joint><joint name="RElbowYaw">1.21181875157</joint><joint name="RHand">0.3068</joint><joint name="LElbowRoll">-0.426410116201</joint><joint name="RKneePitch">-0.0843278517381</joint><joint name="LShoulderPitch">1.4894727103</joint><joint name="RHipYawPitch">-0.179435555068</joint><joint name="LHand">0.3096</joint><joint name="LHipYawPitch">-0.179435555068</joint><joint name="LAnkleRoll">-0.0199000695983</joint><joint name="RAnklePitch">0.104353934108</joint><joint name="LKneePitch">-0.0890140607797</joint><joint name="LHipRoll">-0.0582500147195</joint><joint name="RAnkleRoll">0.216335306114</joint><joint name="RShoulderPitch">1.48495405286</joint><joint name="RElbowRoll">0.418823169943</joint><joint name="RHipRoll">-0.246932673231</joint></state><state><joint name="LShoulderRoll">0.17483486716</joint><joint name="LHipPitch">0.125829861488</joint><joint name="LElbowYaw">-1.2180373597</joint><joint name="LAnklePitch">0.0873961405631</joint><joint name="LWristYaw">0.0873961405631</joint><joint name="RShoulderRoll">-0.167248095435</joint><joint name="RWristYaw">0.111940182235</joint><joint name="HeadYaw">-0.00771189437957</joint><joint name="RHipPitch">0.128814025443</joint><joint name="HeadPitch">-0.182587619697</joint><joint name="RElbowYaw">1.21181875157</joint><joint name="RHand">0.3068</joint><joint name="LElbowRoll">-0.426410116201</joint><joint name="RKneePitch">-0.0843278517381</joint><joint name="LShoulderPitch">1.4894727103</joint><joint name="RHipYawPitch">-0.179435555068</joint><joint name="LHand">0.3096</joint><joint name="LHipYawPitch">-0.179435555068</joint><joint name="LAnkleRoll">-0.0199000695983</joint><joint name="RAnklePitch">0.104353934108</joint><joint name="LKneePitch">-0.0890140607797</joint><joint name="LHipRoll">-0.0582500147195</joint><joint name="RAnkleRoll">0.216335306114</joint><joint name="RShoulderPitch">1.48495405286</joint><joint name="RElbowRoll">0.418823169943</joint><joint name="RHipRoll">-0.246932673231</joint></state><state name="pivot"><joint name="LShoulderRoll">0.17483486716</joint><joint name="LHipPitch">0.125829861488</joint><joint name="LElbowYaw">-1.2180373597</joint><joint name="LAnklePitch">0.0873961405631</joint><joint name="LWristYaw">0.0873961405631</joint><joint name="RShoulderRoll">-0.167248095435</joint><joint name="RWristYaw">0.111940182235</joint><joint name="HeadYaw">-0.00771189437957</joint><joint name="RHipPitch">0.128814025443</joint><joint name="HeadPitch">-0.182587619697</joint><joint name="RElbowYaw">1.21181875157</joint><joint name="RHand">0.3068</joint><joint name="LElbowRoll">-0.426410116201</joint><joint name="RKneePitch">-0.0843278517381</joint><joint name="LShoulderPitch">1.4894727103</joint><joint name="RHipYawPitch">-0.179435555068</joint><joint name="LHand">0.3096</joint><joint name="LHipYawPitch">-0.179435555068</joint><joint name="LAnkleRoll">-0.0199000695983</joint><joint name="RAnklePitch">0.104353934108</joint><joint name="LKneePitch">-0.0890140607797</joint><joint name="LHipRoll">-0.0582500147195</joint><joint name="RAnkleRoll">0.216335306114</joint><joint name="RShoulderPitch">1.48495405286</joint><joint name="RElbowRoll">0.418823169943</joint><joint name="RHipRoll">-0.246932673231</joint></state></actuators><speed>neutral_norm</speed></robot>