<robot name="nao"><emotion name="neutral" /><repeat>0</repeat><actuators><state><joint name="LShoulderRoll">0.246932673231</joint><joint name="LHipPitch">-0.0904640803223</joint><joint name="LElbowYaw">-1.20556698219</joint><joint name="LAnklePitch">-0.0276538693332</joint><joint name="LWristYaw">-0.108112500653</joint><joint name="RShoulderRoll">-0.229732453452</joint><joint name="RWristYaw">0.783567313012</joint><joint name="HeadYaw">-0.0122965252587</joint><joint name="RHipPitch">-0.127364005901</joint><joint name="HeadPitch">0.072428196898</joint><joint name="RElbowYaw">1.91888479281</joint><joint name="RHand">0.53724</joint><joint name="LElbowRoll">-0.425287869492</joint><joint name="RKneePitch">0.227074317001</joint><joint name="LShoulderPitch">1.40623795827</joint><joint name="RHipYawPitch">-0.180969699481</joint><joint name="LHand">0.314203</joint><joint name="LHipYawPitch">-0.180969699481</joint><joint name="LAnkleRoll">-0.184037988306</joint><joint name="RAnklePitch">-0.0199000695983</joint><joint name="LKneePitch">0.190174565956</joint><joint name="LHipRoll">0.187190052935</joint><joint name="RAnkleRoll">0.0660039889873</joint><joint name="RShoulderPitch">1.45459754118</joint><joint name="RElbowRoll">0.428422480829</joint><joint name="RHipRoll">-0.0291040634087</joint></state><state><joint name="LShoulderRoll">0.188739905311</joint><joint name="LHipPitch">-0.0904640803223</joint><joint name="LElbowYaw">-1.19838320699</joint><joint name="LAnklePitch">-0.0276538693332</joint><joint name="LWristYaw">0.0977037060596</joint><joint name="RShoulderRoll">-0.185340003928</joint><joint name="RWristYaw">0.108708530592</joint><joint name="HeadYaw">-0.0102073312375</joint><joint name="RHipPitch">-0.127364005901</joint><joint name="HeadPitch">-0.0154341560149</joint><joint name="RElbowYaw">1.19382091633</joint><joint name="RHand">0.3</joint><joint name="LElbowRoll">-0.416156306846</joint><joint name="RKneePitch">0.227074317001</joint><joint name="LShoulderPitch">1.46352140965</joint><joint name="RHipYawPitch">-0.180969699481</joint><joint name="LHand">0.306419</joint><joint name="LHipYawPitch">-0.180969699481</joint><joint name="LAnkleRoll">-0.184037988306</joint><joint name="RAnklePitch">-0.0199000695983</joint><joint name="LKneePitch">0.190174565956</joint><joint name="LHipRoll">0.187190052935</joint><joint name="RAnkleRoll">0.0660039889873</joint><joint name="RShoulderPitch">1.4667520141</joint><joint name="RElbowRoll">0.413016459521</joint><joint name="RHipRoll">-0.0291040634087</joint></state><state><joint name="LShoulderRoll">0.246932673231</joint><joint name="LHipPitch">-0.0904640803223</joint><joint name="LElbowYaw">-1.20556698219</joint><joint name="LAnklePitch">-0.0276538693332</joint><joint name="LWristYaw">-0.108112500653</joint><joint name="RShoulderRoll">-0.229732453452</joint><joint name="RWristYaw">0.783567313012</joint><joint name="HeadYaw">-0.0985437330286</joint><joint name="RHipPitch">-0.127364005901</joint><joint name="HeadPitch">0.072428196898</joint><joint name="RElbowYaw">1.91888479281</joint><joint name="RHand">0.53724</joint><joint name="LElbowRoll">-0.425287869492</joint><joint name="RKneePitch">0.227074317001</joint><joint name="LShoulderPitch">1.40623795827</joint><joint name="RHipYawPitch">-0.180969699481</joint><joint name="LHand">0.314203</joint><joint name="LHipYawPitch">-0.180969699481</joint><joint name="LAnkleRoll">-0.184037988306</joint><joint name="RAnklePitch">-0.0199000695983</joint><joint name="LKneePitch">0.190174565956</joint><joint name="LHipRoll">0.187190052935</joint><joint name="RAnkleRoll">0.0660039889873</joint><joint name="RShoulderPitch">1.45459754118</joint><joint name="RElbowRoll">0.428422480829</joint><joint name="RHipRoll">-0.0291040634087</joint></state><state><joint name="LShoulderRoll">0.246932673231</joint><joint name="LHipPitch">-0.0904640803223</joint><joint name="LElbowYaw">-1.20556698219</joint><joint name="LAnklePitch">-0.0276538693332</joint><joint name="LWristYaw">-0.108112500653</joint><joint name="RShoulderRoll">-0.229732453452</joint><joint name="RWristYaw">0.783567313012</joint><joint name="HeadYaw">-0.0985437330286</joint><joint name="RHipPitch">-0.127364005901</joint><joint name="HeadPitch">0.072428196898</joint><joint name="RElbowYaw">1.91888479281</joint><joint name="RHand">0.53724</joint><joint name="LElbowRoll">-0.425287869492</joint><joint name="RKneePitch">0.227074317001</joint><joint name="LShoulderPitch">1.40623795827</joint><joint name="RHipYawPitch">-0.180969699481</joint><joint name="LHand">0.314203</joint><joint name="LHipYawPitch">-0.180969699481</joint><joint name="LAnkleRoll">-0.184037988306</joint><joint name="RAnklePitch">-0.0199000695983</joint><joint name="LKneePitch">0.190174565956</joint><joint name="LHipRoll">0.187190052935</joint><joint name="RAnkleRoll">0.0660039889873</joint><joint name="RShoulderPitch">1.45459754118</joint><joint name="RElbowRoll">0.428422480829</joint><joint name="RHipRoll">-0.0291040634087</joint></state><state><joint name="LShoulderRoll">0.246932673231</joint><joint name="LHipPitch">-0.0904640803223</joint><joint name="LElbowYaw">-1.20556698219</joint><joint name="LAnklePitch">-0.0276538693332</joint><joint name="LWristYaw">-0.108112500653</joint><joint name="RShoulderRoll">-0.229732453452</joint><joint name="RWristYaw">0.783567313012</joint><joint name="HeadYaw">0.0893025637051</joint><joint name="RHipPitch">-0.127364005901</joint><joint name="HeadPitch">0.072428196898</joint><joint name="RElbowYaw">1.91888479281</joint><joint name="RHand">0.53724</joint><joint name="LElbowRoll">-0.425287869492</joint><joint name="RKneePitch">0.227074317001</joint><joint name="LShoulderPitch">1.40623795827</joint><joint name="RHipYawPitch">-0.180969699481</joint><joint name="LHand">0.314203</joint><joint name="LHipYawPitch">-0.180969699481</joint><joint name="LAnkleRoll">-0.184037988306</joint><joint name="RAnklePitch">-0.0199000695983</joint><joint name="LKneePitch">0.190174565956</joint><joint name="LHipRoll">0.187190052935</joint><joint name="RAnkleRoll">0.0660039889873</joint><joint name="RShoulderPitch">1.45459754118</joint><joint name="RElbowRoll">0.428422480829</joint><joint name="RHipRoll">-0.0291040634087</joint></state><state><joint name="LShoulderRoll">0.246932673231</joint><joint name="LHipPitch">-0.0904640803223</joint><joint name="LElbowYaw">-1.20556698219</joint><joint name="LAnklePitch">-0.0276538693332</joint><joint name="LWristYaw">-0.108112500653</joint><joint name="RShoulderRoll">-0.229732453452</joint><joint name="RWristYaw">0.783567313012</joint><joint name="HeadYaw">-0.0985437330286</joint><joint name="RHipPitch">-0.127364005901</joint><joint name="HeadPitch">0.072428196898</joint><joint name="RElbowYaw">1.91888479281</joint><joint name="RHand">0.53724</joint><joint name="LElbowRoll">-0.425287869492</joint><joint name="RKneePitch">0.227074317001</joint><joint name="LShoulderPitch">1.40623795827</joint><joint name="RHipYawPitch">-0.180969699481</joint><joint name="LHand">0.314203</joint><joint name="LHipYawPitch">-0.180969699481</joint><joint name="LAnkleRoll">-0.184037988306</joint><joint name="RAnklePitch">-0.0199000695983</joint><joint name="LKneePitch">0.190174565956</joint><joint name="LHipRoll">0.187190052935</joint><joint name="RAnkleRoll">0.0660039889873</joint><joint name="RShoulderPitch">1.45459754118</joint><joint name="RElbowRoll">0.428422480829</joint><joint name="RHipRoll">-0.0291040634087</joint></state><state><joint name="LShoulderRoll">0.246932673231</joint><joint name="LHipPitch">0.120194367867</joint><joint name="LElbowYaw">-1.20556698219</joint><joint name="LAnklePitch">0.0957674377874</joint><joint name="LWristYaw">-0.108112500653</joint><joint name="RShoulderRoll">-0.229732453452</joint><joint name="RWristYaw">0.783567313012</joint><joint name="HeadYaw">0.0893025637051</joint><joint name="RHipPitch">0.138377731613</joint><joint name="HeadPitch">-0.0920299897272</joint><joint name="RElbowYaw">1.91888479281</joint><joint name="RHand">0.53724</joint><joint name="LElbowRoll">-0.425287869492</joint><joint name="RKneePitch">-0.0891823105196</joint><joint name="LShoulderPitch">1.40623795827</joint><joint name="RHipYawPitch">-0.179863160735</joint><joint name="LHand">0.314203</joint><joint name="LHipYawPitch">-0.179863160735</joint><joint name="LAnkleRoll">-0.185333022611</joint><joint name="RAnklePitch">0.0901652799544</joint><joint name="LKneePitch">-0.0878085618654</joint><joint name="LHipRoll">0.187996395049</joint><joint name="RAnkleRoll">0.0784469648235</joint><joint name="RShoulderPitch">1.45459754118</joint><joint name="RElbowRoll">0.428422480829</joint><joint name="RHipRoll">-0.0247833263125</joint></state><state><joint name="LShoulderRoll">0.188739905311</joint><joint name="LHipPitch">0.120194367867</joint><joint name="LElbowYaw">-1.19838320699</joint><joint name="LAnklePitch">0.0957674377874</joint><joint name="LWristYaw">0.0977037060596</joint><joint name="RShoulderRoll">-0.185340003928</joint><joint name="RWristYaw">0.108708530592</joint><joint name="HeadYaw">-0.0140261465474</joint><joint name="RHipPitch">0.138377731613</joint><joint name="HeadPitch">-0.0920299897272</joint><joint name="RElbowYaw">1.19382091633</joint><joint name="RHand">0.3</joint><joint name="LElbowRoll">-0.416156306846</joint><joint name="RKneePitch">-0.0891823105196</joint><joint name="LShoulderPitch">1.46352140965</joint><joint name="RHipYawPitch">-0.179863160735</joint><joint name="LHand">0.306419</joint><joint name="LHipYawPitch">-0.179863160735</joint><joint name="LAnkleRoll">-0.185333022611</joint><joint name="RAnklePitch">0.0901652799544</joint><joint name="LKneePitch">-0.0878085618654</joint><joint name="LHipRoll">0.187996395049</joint><joint name="RAnkleRoll">0.0784469648235</joint><joint name="RShoulderPitch">1.4667520141</joint><joint name="RElbowRoll">0.413016459521</joint><joint name="RHipRoll">-0.0247833263125</joint></state><state name="pivot"><joint name="LShoulderRoll">0.188739905311</joint><joint name="LHipPitch">0.120194367867</joint><joint name="LElbowYaw">-1.19838320699</joint><joint name="LAnklePitch">0.0957674377874</joint><joint name="LWristYaw">0.0977037060596</joint><joint name="RShoulderRoll">-0.185340003928</joint><joint name="RWristYaw">0.108708530592</joint><joint name="HeadYaw">-0.0140261465474</joint><joint name="RHipPitch">0.138377731613</joint><joint name="HeadPitch">-0.0154341560149</joint><joint name="RElbowYaw">1.19382091633</joint><joint name="RHand">0.3</joint><joint name="LElbowRoll">-0.416156306846</joint><joint name="RKneePitch">-0.0891823105196</joint><joint name="LShoulderPitch">1.46352140965</joint><joint name="RHipYawPitch">-0.179863160735</joint><joint name="LHand">0.306419</joint><joint name="LHipYawPitch">-0.179863160735</joint><joint name="LAnkleRoll">-0.185333022611</joint><joint name="RAnklePitch">0.0901652799544</joint><joint name="LKneePitch">-0.0878085618654</joint><joint name="LHipRoll">0.187996395049</joint><joint name="RAnkleRoll">0.0784469648235</joint><joint name="RShoulderPitch">1.4667520141</joint><joint name="RElbowRoll">0.413016459521</joint><joint name="RHipRoll">-0.0247833263125</joint></state></actuators><speed>neutral_norm</speed></robot>