<robot name="nao"><emotion name="neutral" /><repeat>0</repeat><actuators><state><joint name="LShoulderRoll">0.762356326613</joint><joint name="LHipPitch">0.191792486172</joint><joint name="LElbowYaw">-0.532339384492</joint><joint name="LAnklePitch">0.0045599868301</joint><joint name="LWristYaw">0.883541517896</joint><joint name="RShoulderRoll">0.256563400043</joint><joint name="RWristYaw">-0.460766922527</joint><joint name="HeadYaw">0.21625153031</joint><joint name="RHipPitch">0.147222013064</joint><joint name="HeadPitch">-0.0828778321956</joint><joint name="RElbowYaw">0.68242373753</joint><joint name="RHand">0.86</joint><joint name="LElbowRoll">-1.44345186858</joint><joint name="RKneePitch">0.0721400430385</joint><joint name="LShoulderPitch">2.07085061078</joint><joint name="RHipYawPitch">-0.242330239993</joint><joint name="LHand">0.0224</joint><joint name="LHipYawPitch">-0.242330239993</joint><joint name="LAnkleRoll">-0.0444441112703</joint><joint name="RAnklePitch">-0.0168321123859</joint><joint name="LKneePitch">0.0122299234945</joint><joint name="LHipRoll">0.0230519596945</joint><joint name="RAnkleRoll">0.13043194566</joint><joint name="RShoulderPitch">0.645771823238</joint><joint name="RElbowRoll">1.35088484104</joint><joint name="RHipRoll">-0.121144001513</joint></state><state><joint name="LShoulderRoll">0.762356326613</joint><joint name="LHipPitch">0.191792486172</joint><joint name="LElbowYaw">-0.532339384492</joint><joint name="LAnklePitch">0.0045599868301</joint><joint name="LWristYaw">0.883541517896</joint><joint name="RShoulderRoll">0.256563400043</joint><joint name="RWristYaw">-0.460766922527</joint><joint name="HeadYaw">-0.228638132011</joint><joint name="RHipPitch">0.147222013064</joint><joint name="HeadPitch">-0.0828778321956</joint><joint name="RElbowYaw">0.68242373753</joint><joint name="RHand">0.86</joint><joint name="LElbowRoll">-1.44345186858</joint><joint name="RKneePitch">0.0721400430385</joint><joint name="LShoulderPitch">2.07085061078</joint><joint name="RHipYawPitch">-0.242330239993</joint><joint name="LHand">0.0224</joint><joint name="LHipYawPitch">-0.242330239993</joint><joint name="LAnkleRoll">-0.0444441112703</joint><joint name="RAnklePitch">-0.0168321123859</joint><joint name="LKneePitch">0.0122299234945</joint><joint name="LHipRoll">0.0230519596945</joint><joint name="RAnkleRoll">0.13043194566</joint><joint name="RShoulderPitch">0.645771823238</joint><joint name="RElbowRoll">1.35088484104</joint><joint name="RHipRoll">-0.121144001513</joint></state><state><joint name="LShoulderRoll">0.762356326613</joint><joint name="LHipPitch">0.191792486172</joint><joint name="LElbowYaw">-0.532339384492</joint><joint name="LAnklePitch">0.0045599868301</joint><joint name="LWristYaw">0.883541517896</joint><joint name="RShoulderRoll">0.256563400043</joint><joint name="RWristYaw">-0.460766922527</joint><joint name="HeadYaw">-0.228638132011</joint><joint name="RHipPitch">0.147222013064</joint><joint name="HeadPitch">-0.0828778321956</joint><joint name="RElbowYaw">0.68242373753</joint><joint name="RHand">0.86</joint><joint name="LElbowRoll">-1.44345186858</joint><joint name="RKneePitch">0.0721400430385</joint><joint name="LShoulderPitch">2.07085061078</joint><joint name="RHipYawPitch">-0.242330239993</joint><joint name="LHand">0.0224</joint><joint name="LHipYawPitch">-0.242330239993</joint><joint name="LAnkleRoll">-0.0444441112703</joint><joint name="RAnklePitch">-0.0168321123859</joint><joint name="LKneePitch">0.0122299234945</joint><joint name="LHipRoll">0.0230519596945</joint><joint name="RAnkleRoll">0.13043194566</joint><joint name="RShoulderPitch">0.645771823238</joint><joint name="RElbowRoll">1.35088484104</joint><joint name="RHipRoll">-0.121144001513</joint></state><state><joint name="LShoulderRoll">0.762356326613</joint><joint name="LHipPitch">0.191792486172</joint><joint name="LElbowYaw">-0.532339384492</joint><joint name="LAnklePitch">0.0045599868301</joint><joint name="LWristYaw">0.883541517896</joint><joint name="RShoulderRoll">0.256563400043</joint><joint name="RWristYaw">-0.460766922527</joint><joint name="HeadYaw">0.350811179651</joint><joint name="RHipPitch">0.147222013064</joint><joint name="HeadPitch">-0.0828778321956</joint><joint name="RElbowYaw">0.68242373753</joint><joint name="RHand">0.86</joint><joint name="LElbowRoll">-1.44345186858</joint><joint name="RKneePitch">0.0721400430385</joint><joint name="LShoulderPitch">2.07085061078</joint><joint name="RHipYawPitch">-0.242330239993</joint><joint name="LHand">0.0224</joint><joint name="LHipYawPitch">-0.242330239993</joint><joint name="LAnkleRoll">-0.0444441112703</joint><joint name="RAnklePitch">-0.0168321123859</joint><joint name="LKneePitch">0.0122299234945</joint><joint name="LHipRoll">0.0230519596945</joint><joint name="RAnkleRoll">0.13043194566</joint><joint name="RShoulderPitch">0.645771823238</joint><joint name="RElbowRoll">1.35088484104</joint><joint name="RHipRoll">-0.121144001513</joint></state><state><joint name="LShoulderRoll">0.762356326613</joint><joint name="LHipPitch">0.191792486172</joint><joint name="LElbowYaw">-0.532339384492</joint><joint name="LAnklePitch">0.0045599868301</joint><joint name="LWristYaw">0.883541517896</joint><joint name="RShoulderRoll">0.256563400043</joint><joint name="RWristYaw">-0.443367735213</joint><joint name="HeadYaw">-0.228638132011</joint><joint name="RHipPitch">0.147222013064</joint><joint name="HeadPitch">-0.0828778321956</joint><joint name="RElbowYaw">0.68242373753</joint><joint name="RHand">0.862</joint><joint name="LElbowRoll">-1.44345186858</joint><joint name="RKneePitch">0.0721400430385</joint><joint name="LShoulderPitch">2.07085061078</joint><joint name="RHipYawPitch">-0.242330239993</joint><joint name="LHand">0.0224</joint><joint name="LHipYawPitch">-0.242330239993</joint><joint name="LAnkleRoll">-0.0444441112703</joint><joint name="RAnklePitch">-0.0168321123859</joint><joint name="LKneePitch">0.0122299234945</joint><joint name="LHipRoll">0.0230519596945</joint><joint name="RAnkleRoll">0.13043194566</joint><joint name="RShoulderPitch">0.52534410485</joint><joint name="RElbowRoll">0.319395253115</joint><joint name="RHipRoll">-0.121144001513</joint></state><state><joint name="LShoulderRoll">0.762356326613</joint><joint name="LHipPitch">0.191792486172</joint><joint name="LElbowYaw">-0.532339384492</joint><joint name="LAnklePitch">0.0045599868301</joint><joint name="LWristYaw">0.883541517896</joint><joint name="RShoulderRoll">0.256563400043</joint><joint name="RWristYaw">-0.443367735213</joint><joint name="HeadYaw">-0.228638132011</joint><joint name="RHipPitch">0.147222013064</joint><joint name="HeadPitch">-0.0828778321956</joint><joint name="RElbowYaw">0.68242373753</joint><joint name="RHand">0.862</joint><joint name="LElbowRoll">-1.44345186858</joint><joint name="RKneePitch">0.0721400430385</joint><joint name="LShoulderPitch">2.07085061078</joint><joint name="RHipYawPitch">-0.242330239993</joint><joint name="LHand">0.0224</joint><joint name="LHipYawPitch">-0.242330239993</joint><joint name="LAnkleRoll">-0.0444441112703</joint><joint name="RAnklePitch">-0.0168321123859</joint><joint name="LKneePitch">0.0122299234945</joint><joint name="LHipRoll">0.0230519596945</joint><joint name="RAnkleRoll">0.13043194566</joint><joint name="RShoulderPitch">0.52534410485</joint><joint name="RElbowRoll">0.319395253115</joint><joint name="RHipRoll">-0.121144001513</joint></state><state><joint name="LShoulderRoll">0.762356326613</joint><joint name="LHipPitch">-0.0045599868301</joint><joint name="LElbowYaw">-0.532339384492</joint><joint name="LAnklePitch">-0.127364005901</joint><joint name="LWristYaw">0.883541517896</joint><joint name="RShoulderRoll">-0.391212061176</joint><joint name="RWristYaw">-0.443367735213</joint><joint name="HeadYaw">0.350811179651</joint><joint name="RHipPitch">0.161028091046</joint><joint name="HeadPitch">-0.0828778321956</joint><joint name="RElbowYaw">0.659577377621</joint><joint name="RHand">0.862</joint><joint name="LElbowRoll">-1.44345186858</joint><joint name="RKneePitch">0.0752079827977</joint><joint name="LShoulderPitch">2.07085061078</joint><joint name="RHipYawPitch">-0.260738227614</joint><joint name="LHand">0.0224</joint><joint name="LHipYawPitch">-0.260738227614</joint><joint name="LAnkleRoll">-0.334370178097</joint><joint name="RAnklePitch">-0.0413761715112</joint><joint name="LKneePitch">0.312893901651</joint><joint name="LHipRoll">0.444901879626</joint><joint name="RAnkleRoll">-0.134950079495</joint><joint name="RShoulderPitch">0.52534410485</joint><joint name="RElbowRoll">0.319395253115</joint><joint name="RHipRoll">0.274627557801</joint></state><state><joint name="LShoulderRoll">0.762356326613</joint><joint name="LHipPitch">-0.0045599868301</joint><joint name="LElbowYaw">-0.532339384492</joint><joint name="LAnklePitch">-0.127364005901</joint><joint name="LWristYaw">0.883541517896</joint><joint name="RShoulderRoll">-0.391212061176</joint><joint name="RWristYaw">0.122677971392</joint><joint name="HeadYaw">-0.228638132011</joint><joint name="RHipPitch">0.161028091046</joint><joint name="HeadPitch">0.104269983771</joint><joint name="RElbowYaw">0.659577377621</joint><joint name="RHand">0.8492</joint><joint name="LElbowRoll">-1.44345186858</joint><joint name="RKneePitch">0.0752079827977</joint><joint name="LShoulderPitch">2.07085061078</joint><joint name="RHipYawPitch">-0.260738227614</joint><joint name="LHand">0.0224</joint><joint name="LHipYawPitch">-0.260738227614</joint><joint name="LAnkleRoll">-0.334370178097</joint><joint name="RAnklePitch">-0.0413761715112</joint><joint name="LKneePitch">0.312893901651</joint><joint name="LHipRoll">0.444901879626</joint><joint name="RAnkleRoll">-0.134950079495</joint><joint name="RShoulderPitch">0.52534410485</joint><joint name="RElbowRoll">0.0445280616074</joint><joint name="RHipRoll">0.274627557801</joint></state><state><joint name="LShoulderRoll">0.822182722712</joint><joint name="LHipPitch">-0.0045599868301</joint><joint name="LElbowYaw">-0.540010106555</joint><joint name="LAnklePitch">-0.127364005901</joint><joint name="LWristYaw">1.13358436785</joint><joint name="RShoulderRoll">-0.391212061176</joint><joint name="RWristYaw">0.122677971392</joint><joint name="HeadYaw">-0.228638132011</joint><joint name="RHipPitch">0.161028091046</joint><joint name="HeadPitch">0.104269983771</joint><joint name="RElbowYaw">0.659577377621</joint><joint name="RHand">0.8492</joint><joint name="LElbowRoll">-1.52322039671</joint><joint name="RKneePitch">0.0752079827977</joint><joint name="LShoulderPitch">2.08006594923</joint><joint name="RHipYawPitch">-0.260738227614</joint><joint name="LHand">0.034</joint><joint name="LHipYawPitch">-0.260738227614</joint><joint name="LAnkleRoll">-0.334370178097</joint><joint name="RAnklePitch">-0.0413761715112</joint><joint name="LKneePitch">0.312893901651</joint><joint name="LHipRoll">0.444901879626</joint><joint name="RAnkleRoll">-0.134950079495</joint><joint name="RShoulderPitch">0.52534410485</joint><joint name="RElbowRoll">0.0445280616074</joint><joint name="RHipRoll">0.274627557801</joint></state><state><joint name="LShoulderRoll">0.822182722712</joint><joint name="LHipPitch">-0.0045599868301</joint><joint name="LElbowYaw">-0.540010106555</joint><joint name="LAnklePitch">-0.127364005901</joint><joint name="LWristYaw">1.13358436785</joint><joint name="RShoulderRoll">-0.391212061176</joint><joint name="RWristYaw">0.122677971392</joint><joint name="HeadYaw">-0.228638132011</joint><joint name="RHipPitch">0.161028091046</joint><joint name="HeadPitch">0.104269983771</joint><joint name="RElbowYaw">0.659577377621</joint><joint name="RHand">0.8492</joint><joint name="LElbowRoll">-1.52322039671</joint><joint name="RKneePitch">0.0752079827977</joint><joint name="LShoulderPitch">2.08006594923</joint><joint name="RHipYawPitch">-0.260738227614</joint><joint name="LHand">0.034</joint><joint name="LHipYawPitch">-0.260738227614</joint><joint name="LAnkleRoll">-0.334370178097</joint><joint name="RAnklePitch">-0.0413761715112</joint><joint name="LKneePitch">0.312893901651</joint><joint name="LHipRoll">0.444901879626</joint><joint name="RAnkleRoll">-0.134950079495</joint><joint name="RShoulderPitch">0.52534410485</joint><joint name="RElbowRoll">0.0445280616074</joint><joint name="RHipRoll">0.274627557801</joint></state><state><joint name="LShoulderRoll">0.822182722712</joint><joint name="LHipPitch">-0.0582500147195</joint><joint name="LElbowYaw">-0.540010106555</joint><joint name="LAnklePitch">-0.115092072331</joint><joint name="LWristYaw">1.13358436785</joint><joint name="RShoulderRoll">-0.213268762618</joint><joint name="RWristYaw">0.570605728342</joint><joint name="HeadYaw">0.350811179651</joint><joint name="RHipPitch">-0.0460620314869</joint><joint name="HeadPitch">0.104269983771</joint><joint name="RElbowYaw">1.10903980258</joint><joint name="RHand">0.0968</joint><joint name="LElbowRoll">-1.52322039671</joint><joint name="RKneePitch">0.31604596628</joint><joint name="LShoulderPitch">2.08006594923</joint><joint name="RHipYawPitch">-0.296020058443</joint><joint name="LHand">0.034</joint><joint name="LHipYawPitch">-0.296020058443</joint><joint name="LAnkleRoll">-0.334370178097</joint><joint name="RAnklePitch">-0.113474152115</joint><joint name="LKneePitch">0.322098768126</joint><joint name="LHipRoll">0.444901879626</joint><joint name="RAnkleRoll">-0.134950079495</joint><joint name="RShoulderPitch">1.59079954535</joint><joint name="RElbowRoll">0.963393821833</joint><joint name="RHipRoll">0.274627557801</joint></state><state><joint name="LShoulderRoll">0.127280055564</joint><joint name="LHipPitch">-0.0582500147195</joint><joint name="LElbowYaw">-1.45887534318</joint><joint name="LAnklePitch">-0.115092072331</joint><joint name="LWristYaw">-0.670400164313</joint><joint name="RShoulderRoll">-0.213268762618</joint><joint name="RWristYaw">0.570605728342</joint><joint name="HeadYaw">0.193242854781</joint><joint name="RHipPitch">-0.0460620314869</joint><joint name="HeadPitch">-0.0736740129181</joint><joint name="RElbowYaw">1.10903980258</joint><joint name="RHand">0.0968</joint><joint name="LElbowRoll">-1.34729993476</joint><joint name="RKneePitch">0.31604596628</joint><joint name="LShoulderPitch">1.75485874971</joint><joint name="RHipYawPitch">-0.296020058443</joint><joint name="LHand">0.1008</joint><joint name="LHipYawPitch">-0.296020058443</joint><joint name="LAnkleRoll">0.00157594679342</joint><joint name="RAnklePitch">-0.113474152115</joint><joint name="LKneePitch">0.322098768126</joint><joint name="LHipRoll">-0.0183660997187</joint><joint name="RAnkleRoll">0.185655908522</joint><joint name="RShoulderPitch">1.59079954535</joint><joint name="RElbowRoll">0.963393821833</joint><joint name="RHipRoll">-0.179435555068</joint></state><state><joint name="LShoulderRoll">0.127280055564</joint><joint name="LHipPitch">0.337522242726</joint><joint name="LElbowYaw">-1.45887534318</joint><joint name="LAnklePitch">-0.00310993238096</joint><joint name="LWristYaw">-0.670400164313</joint><joint name="RShoulderRoll">-0.142704053763</joint><joint name="RWristYaw">0.249999216726</joint><joint name="HeadYaw">0.193242854781</joint><joint name="RHipPitch">0.176367266243</joint><joint name="HeadPitch">-0.0736740129181</joint><joint name="RElbowYaw">1.21795358389</joint><joint name="RHand">0.4</joint><joint name="LElbowRoll">-1.34729993476</joint><joint name="RKneePitch">0.0721400430385</joint><joint name="LShoulderPitch">1.75485874971</joint><joint name="RHipYawPitch">-0.263806516439</joint><joint name="LHand">0.1008</joint><joint name="LHipYawPitch">-0.263806516439</joint><joint name="LAnkleRoll">0.00157594679342</joint><joint name="RAnklePitch">-0.0275700935291</joint><joint name="LKneePitch">-0.0923279174305</joint><joint name="LHipRoll">-0.0183660997187</joint><joint name="RAnkleRoll">0.185655908522</joint><joint name="RShoulderPitch">1.59079954535</joint><joint name="RElbowRoll">0.589097491767</joint><joint name="RHipRoll">-0.179435555068</joint></state><state><joint name="LShoulderRoll">0.127280055564</joint><joint name="LHipPitch">0.337522242726</joint><joint name="LElbowYaw">-1.37297198273</joint><joint name="LAnklePitch">-0.00310993238096</joint><joint name="LWristYaw">-0.105887903988</joint><joint name="RShoulderRoll">-0.142704053763</joint><joint name="RWristYaw">0.249999216726</joint><joint name="HeadYaw">0.193242854781</joint><joint name="RHipPitch">0.176367266243</joint><joint name="HeadPitch">-0.0736740129181</joint><joint name="RElbowYaw">1.21795358389</joint><joint name="RHand">0.4</joint><joint name="LElbowRoll">-0.615092425646</joint><joint name="RKneePitch">0.0721400430385</joint><joint name="LShoulderPitch">1.72417411613</joint><joint name="RHipYawPitch">-0.263806516439</joint><joint name="LHand">0.4</joint><joint name="LHipYawPitch">-0.263806516439</joint><joint name="LAnkleRoll">0.00157594679342</joint><joint name="RAnklePitch">-0.0275700935291</joint><joint name="LKneePitch">-0.0923279174305</joint><joint name="LHipRoll">-0.0183660997187</joint><joint name="RAnkleRoll">0.185655908522</joint><joint name="RShoulderPitch">1.59079954535</joint><joint name="RElbowRoll">0.589097491767</joint><joint name="RHipRoll">-0.179435555068</joint></state><state name="pivot"><joint name="LShoulderRoll">0.127280055564</joint><joint name="LHipPitch">0.337522242726</joint><joint name="LElbowYaw">-1.37297198273</joint><joint name="LAnklePitch">-0.00310993238096</joint><joint name="LWristYaw">-0.105887903988</joint><joint name="RShoulderRoll">-0.142704053763</joint><joint name="RWristYaw">0.249999216726</joint><joint name="HeadYaw">0.193242854781</joint><joint name="RHipPitch">0.176367266243</joint><joint name="HeadPitch">-0.0736740129181</joint><joint name="RElbowYaw">1.21795358389</joint><joint name="RHand">0.4</joint><joint name="LElbowRoll">-0.615092425646</joint><joint name="RKneePitch">0.0721400430385</joint><joint name="LShoulderPitch">1.72417411613</joint><joint name="RHipYawPitch">-0.263806516439</joint><joint name="LHand">0.4</joint><joint name="LHipYawPitch">-0.263806516439</joint><joint name="LAnkleRoll">0.00157594679342</joint><joint name="RAnklePitch">-0.0275700935291</joint><joint name="LKneePitch">-0.0923279174305</joint><joint name="LHipRoll">-0.0183660997187</joint><joint name="RAnkleRoll">0.185655908522</joint><joint name="RShoulderPitch">1.59079954535</joint><joint name="RElbowRoll">0.589097491767</joint><joint name="RHipRoll">-0.179435555068</joint></state></actuators><speed>neutral_norm</speed></robot>