<robot name="nao"><emotion name="neutral" /><repeat>0</repeat><actuators><state><joint name="LShoulderPitch">1.29618796762</joint><joint name="LHipPitch">0.197927318493</joint><joint name="LElbowYaw">-1.58824961931</joint><joint name="LAnklePitch">0.157959976754</joint><joint name="LWristYaw">-1.25663706144</joint><joint name="RShoulderRoll">-0.095149940298</joint><joint name="RWristYaw">1.01229096616</joint><joint name="HeadYaw">0.256135794376</joint><joint name="RHipPitch">0.184037988306</joint><joint name="HeadPitch">0.131881965203</joint><joint name="RElbowYaw">0.742414194579</joint><joint name="RHand">0.454545</joint><joint name="LElbowRoll">-0.645771823238</joint><joint name="LShoulderRoll">0.519984198717</joint><joint name="LHand">0.636364</joint><joint name="LAnkleRoll">-0.285282792885</joint><joint name="LHipYawPitch">-0.328233600447</joint><joint name="RAnkleRoll">0.0092459689789</joint><joint name="RAnklePitch">0.00617795940658</joint><joint name="LKneePitch">-0.0923279174305</joint><joint name="LHipRoll">0.382007194701</joint><joint name="RHipRoll">0.0460620314869</joint><joint name="RShoulderPitch">0.65045803228</joint><joint name="RElbowRoll">1.46194363201</joint><joint name="RKneePitch">0.0920820005389</joint></state><state><joint name="LShoulderPitch">1.29618796762</joint><joint name="LHipPitch">0.197927318493</joint><joint name="LElbowYaw">-2.03720066281</joint><joint name="LAnklePitch">0.157959976754</joint><joint name="LWristYaw">-1.3962634016</joint><joint name="RShoulderRoll">-0.095149940298</joint><joint name="RWristYaw">1.01229096616</joint><joint name="HeadYaw">0.256135794376</joint><joint name="RHipPitch">0.184037988306</joint><joint name="HeadPitch">0.131881965203</joint><joint name="RElbowYaw">0.742414194579</joint><joint name="RHand">0.454545</joint><joint name="LElbowRoll">-1.2026138851</joint><joint name="LShoulderRoll">0.519984198717</joint><joint name="LHand">0.345455</joint><joint name="LAnkleRoll">-0.285282792885</joint><joint name="LHipYawPitch">-0.328233600447</joint><joint name="RAnkleRoll">0.0092459689789</joint><joint name="RAnklePitch">0.00617795940658</joint><joint name="LKneePitch">-0.0923279174305</joint><joint name="LHipRoll">0.382007194701</joint><joint name="RHipRoll">0.0460620314869</joint><joint name="RShoulderPitch">0.65045803228</joint><joint name="RElbowRoll">1.46194363201</joint><joint name="RKneePitch">0.0920820005389</joint></state><state><joint name="LShoulderPitch">1.29618796762</joint><joint name="LHipPitch">0.197927318493</joint><joint name="LElbowYaw">-2.03720066281</joint><joint name="LAnklePitch">0.157959976754</joint><joint name="LWristYaw">-1.3962634016</joint><joint name="RShoulderRoll">-0.0199840199353</joint><joint name="RWristYaw">1.00626259892</joint><joint name="HeadYaw">0.256135794376</joint><joint name="RHipPitch">0.184037988306</joint><joint name="HeadPitch">0.131881965203</joint><joint name="RElbowYaw">0.895814673196</joint><joint name="RHand">0.45348</joint><joint name="LElbowRoll">-1.2026138851</joint><joint name="LShoulderRoll">0.519984198717</joint><joint name="LHand">0.345455</joint><joint name="LAnkleRoll">-0.285282792885</joint><joint name="LHipYawPitch">-0.328233600447</joint><joint name="RAnkleRoll">0.0092459689789</joint><joint name="RAnklePitch">0.00617795940658</joint><joint name="LKneePitch">-0.0923279174305</joint><joint name="LHipRoll">0.382007194701</joint><joint name="RHipRoll">0.0460620314869</joint><joint name="RShoulderPitch">0.658128754342</joint><joint name="RElbowRoll">1.53097314925</joint><joint name="RKneePitch">0.0920820005389</joint></state><state><joint name="LShoulderPitch">1.25016887123</joint><joint name="LHipPitch">0.197927318493</joint><joint name="LElbowYaw">-1.91986217719</joint><joint name="LAnklePitch">0.157959976754</joint><joint name="LWristYaw">-1.51843644924</joint><joint name="RShoulderRoll">-0.0199840199353</joint><joint name="RWristYaw">1.00626259892</joint><joint name="HeadYaw">0.256135794376</joint><joint name="RHipPitch">0.184037988306</joint><joint name="HeadPitch">0.131881965203</joint><joint name="RElbowYaw">0.895814673196</joint><joint name="RHand">0.45348</joint><joint name="LElbowRoll">-1.19341076395</joint><joint name="LShoulderRoll">0.513847621067</joint><joint name="LHand">0.254545</joint><joint name="LAnkleRoll">-0.285282792885</joint><joint name="LHipYawPitch">-0.328233600447</joint><joint name="RAnkleRoll">0.0092459689789</joint><joint name="RAnklePitch">0.00617795940658</joint><joint name="LKneePitch">-0.0923279174305</joint><joint name="LHipRoll">0.382007194701</joint><joint name="RHipRoll">0.0460620314869</joint><joint name="RShoulderPitch">0.658128754342</joint><joint name="RElbowRoll">1.53097314925</joint><joint name="RKneePitch">0.0920820005389</joint></state><state><joint name="LShoulderPitch">1.25016887123</joint><joint name="LHipPitch">0.197927318493</joint><joint name="LElbowYaw">-1.91986217719</joint><joint name="LAnklePitch">0.157959976754</joint><joint name="LWristYaw">-1.51843644924</joint><joint name="RShoulderRoll">-0.0199840199353</joint><joint name="RWristYaw">1.00626259892</joint><joint name="HeadYaw">0.237727806756</joint><joint name="RHipPitch">0.184037988306</joint><joint name="HeadPitch">-0.0092459689789</joint><joint name="RElbowYaw">0.895814673196</joint><joint name="RHand">0.45348</joint><joint name="LElbowRoll">-1.19341076395</joint><joint name="LShoulderRoll">0.513847621067</joint><joint name="LHand">0.254545</joint><joint name="LAnkleRoll">-0.285282792885</joint><joint name="LHipYawPitch">-0.328233600447</joint><joint name="RAnkleRoll">0.0092459689789</joint><joint name="RAnklePitch">0.00617795940658</joint><joint name="LKneePitch">-0.0923279174305</joint><joint name="LHipRoll">0.382007194701</joint><joint name="RHipRoll">0.0460620314869</joint><joint name="RShoulderPitch">0.658128754342</joint><joint name="RElbowRoll">1.53097314925</joint><joint name="RKneePitch">0.0920820005389</joint></state><state><joint name="LShoulderPitch">1.25016887123</joint><joint name="LHipPitch">0.197927318493</joint><joint name="LElbowYaw">-1.91986217719</joint><joint name="LAnklePitch">0.157959976754</joint><joint name="LWristYaw">-1.51843644924</joint><joint name="RShoulderRoll">-0.144238023642</joint><joint name="RWristYaw">1.00626259892</joint><joint name="HeadYaw">0.237727806756</joint><joint name="RHipPitch">0.184037988306</joint><joint name="HeadPitch">-0.0092459689789</joint><joint name="RElbowYaw">0.122677971392</joint><joint name="RHand">0.672727</joint><joint name="LElbowRoll">-1.19341076395</joint><joint name="LShoulderRoll">0.513847621067</joint><joint name="LHand">0.254545</joint><joint name="LAnkleRoll">-0.285282792885</joint><joint name="LHipYawPitch">-0.328233600447</joint><joint name="RAnkleRoll">0.0092459689789</joint><joint name="RAnklePitch">0.00617795940658</joint><joint name="LKneePitch">-0.0923279174305</joint><joint name="LHipRoll">0.382007194701</joint><joint name="RHipRoll">0.0460620314869</joint><joint name="RShoulderPitch">0.767042535654</joint><joint name="RElbowRoll">1.14593955363</joint><joint name="RKneePitch">0.0920820005389</joint></state><state><joint name="LShoulderPitch">1.15659478871</joint><joint name="LHipPitch">0.147305963401</joint><joint name="LElbowYaw">-1.94822377754</joint><joint name="LAnklePitch">0.184037988306</joint><joint name="LWristYaw">-1.44862327916</joint><joint name="RShoulderRoll">-0.144238023642</joint><joint name="RWristYaw">1.00626259892</joint><joint name="HeadYaw">0.237727806756</joint><joint name="RHipPitch">0.102736013892</joint><joint name="HeadPitch">-0.0092459689789</joint><joint name="RElbowYaw">0.122677971392</joint><joint name="RHand">0.672727</joint><joint name="LElbowRoll">-1.25476955914</joint><joint name="LShoulderRoll">0.483168223476</joint><joint name="LHand">0.381818</joint><joint name="LAnkleRoll">-0.231591229106</joint><joint name="LHipYawPitch">-0.34204090016</joint><joint name="RAnkleRoll">0.0491299712461</joint><joint name="RAnklePitch">0.0215179898149</joint><joint name="LKneePitch">-0.0920820005389</joint><joint name="LHipRoll">0.294569689835</joint><joint name="RHipRoll">-0.0214340394779</joint><joint name="RShoulderPitch">0.767042535654</joint><joint name="RElbowRoll">1.14593955363</joint><joint name="RKneePitch">0.133499885419</joint></state><state><joint name="LShoulderPitch">1.15659478871</joint><joint name="LHipPitch">0.147305963401</joint><joint name="LElbowYaw">-1.94822377754</joint><joint name="LAnklePitch">0.184037988306</joint><joint name="LWristYaw">-1.44862327916</joint><joint name="RShoulderRoll">-0.144238023642</joint><joint name="RWristYaw">0.989388755712</joint><joint name="HeadYaw">0.237727806756</joint><joint name="RHipPitch">0.102736013892</joint><joint name="HeadPitch">0.266874805264</joint><joint name="RElbowYaw">0.122677971392</joint><joint name="RHand">0.672727</joint><joint name="LElbowRoll">-1.25476955914</joint><joint name="LShoulderRoll">0.483168223476</joint><joint name="LHand">0.381818</joint><joint name="LAnkleRoll">-0.231591229106</joint><joint name="LHipYawPitch">-0.34204090016</joint><joint name="RAnkleRoll">0.0491299712461</joint><joint name="RAnklePitch">0.0215179898149</joint><joint name="LKneePitch">-0.0920820005389</joint><joint name="LHipRoll">0.294569689835</joint><joint name="RHipRoll">-0.0214340394779</joint><joint name="RShoulderPitch">0.767042535654</joint><joint name="RElbowRoll">1.14593955363</joint><joint name="RKneePitch">0.133499885419</joint></state><state><joint name="LShoulderPitch">1.15659478871</joint><joint name="LHipPitch">0.147305963401</joint><joint name="LElbowYaw">-1.94822377754</joint><joint name="LAnklePitch">0.184037988306</joint><joint name="LWristYaw">-1.44862327916</joint><joint name="RShoulderRoll">-0.122761921729</joint><joint name="RWristYaw">0.989388755712</joint><joint name="HeadYaw">0.237727806756</joint><joint name="RHipPitch">0.102736013892</joint><joint name="HeadPitch">0.266874805264</joint><joint name="RElbowYaw">0.477031645826</joint><joint name="RHand">0.287273</joint><joint name="LElbowRoll">-1.25476955914</joint><joint name="LShoulderRoll">0.483168223476</joint><joint name="LHand">0.381818</joint><joint name="LAnkleRoll">-0.231591229106</joint><joint name="LHipYawPitch">-0.34204090016</joint><joint name="RAnkleRoll">0.0491299712461</joint><joint name="RAnklePitch">0.0215179898149</joint><joint name="LKneePitch">-0.0920820005389</joint><joint name="LHipRoll">0.294569689835</joint><joint name="RHipRoll">-0.0214340394779</joint><joint name="RShoulderPitch">0.67500259755</joint><joint name="RElbowRoll">1.397516548</joint><joint name="RKneePitch">0.133499885419</joint></state><state><joint name="LShoulderPitch">1.22255601713</joint><joint name="LHipPitch">0.147305963401</joint><joint name="LElbowYaw">-1.61380996621</joint><joint name="LAnklePitch">0.184037988306</joint><joint name="LWristYaw">-1.50098315672</joint><joint name="RShoulderRoll">-0.0936159704185</joint><joint name="RWristYaw">0.9878546113</joint><joint name="HeadYaw">0.130347995323</joint><joint name="RHipPitch">0.102736013892</joint><joint name="HeadPitch">0.266874805264</joint><joint name="RElbowYaw">0.418739394138</joint><joint name="RHand">0.381818</joint><joint name="LElbowRoll">-1.45879156738</joint><joint name="LShoulderRoll">0.46169194703</joint><joint name="LHand">0.381818</joint><joint name="LAnkleRoll">-0.231591229106</joint><joint name="LHipYawPitch">-0.34204090016</joint><joint name="RAnkleRoll">0.0491299712461</joint><joint name="RAnklePitch">0.0215179898149</joint><joint name="LKneePitch">-0.0920820005389</joint><joint name="LHipRoll">0.294569689835</joint><joint name="RHipRoll">-0.0214340394779</joint><joint name="RShoulderPitch">0.670400164313</joint><joint name="RElbowRoll">1.24565021379</joint><joint name="RKneePitch">0.133499885419</joint></state><state><joint name="LShoulderPitch">1.22255601713</joint><joint name="LHipPitch">0.147305963401</joint><joint name="LElbowYaw">-1.61380996621</joint><joint name="LAnklePitch">0.184037988306</joint><joint name="LWristYaw">-1.50098315672</joint><joint name="RShoulderRoll">-0.0936159704185</joint><joint name="RWristYaw">0.9878546113</joint><joint name="HeadYaw">0.130347995323</joint><joint name="RHipPitch">0.102736013892</joint><joint name="HeadPitch">0.266874805264</joint><joint name="RElbowYaw">0.418739394138</joint><joint name="RHand">0.381818</joint><joint name="LElbowRoll">-1.45879156738</joint><joint name="LShoulderRoll">0.46169194703</joint><joint name="LHand">0.381818</joint><joint name="LAnkleRoll">-0.231591229106</joint><joint name="LHipYawPitch">-0.34204090016</joint><joint name="RAnkleRoll">0.0491299712461</joint><joint name="RAnklePitch">0.0215179898149</joint><joint name="LKneePitch">-0.0920820005389</joint><joint name="LHipRoll">0.294569689835</joint><joint name="RHipRoll">-0.0214340394779</joint><joint name="RShoulderPitch">0.670400164313</joint><joint name="RElbowRoll">1.24565021379</joint><joint name="RKneePitch">0.133499885419</joint></state><state><joint name="LShoulderPitch">1.22255601713</joint><joint name="LHipPitch">0.147305963401</joint><joint name="LElbowYaw">-1.61380996621</joint><joint name="LAnklePitch">0.184037988306</joint><joint name="LWristYaw">-1.50098315672</joint><joint name="RShoulderRoll">-0.0936159704185</joint><joint name="RWristYaw">0.9878546113</joint><joint name="HeadYaw">0.130347995323</joint><joint name="RHipPitch">0.102736013892</joint><joint name="HeadPitch">0.266874805264</joint><joint name="RElbowYaw">0.418739394138</joint><joint name="RHand">0.381818</joint><joint name="LElbowRoll">-1.45879156738</joint><joint name="LShoulderRoll">0.46169194703</joint><joint name="LHand">0.381818</joint><joint name="LAnkleRoll">-0.231591229106</joint><joint name="LHipYawPitch">-0.34204090016</joint><joint name="RAnkleRoll">0.0491299712461</joint><joint name="RAnklePitch">0.0215179898149</joint><joint name="LKneePitch">-0.0920820005389</joint><joint name="LHipRoll">0.294569689835</joint><joint name="RHipRoll">-0.0214340394779</joint><joint name="RShoulderPitch">0.670400164313</joint><joint name="RElbowRoll">1.24565021379</joint><joint name="RKneePitch">0.133499885419</joint></state><state><joint name="LShoulderPitch">1.22255601713</joint><joint name="LHipPitch">0.0905480306593</joint><joint name="LElbowYaw">-1.61380996621</joint><joint name="LAnklePitch">0.208582553577</joint><joint name="LWristYaw">-1.50098315672</joint><joint name="RShoulderRoll">-0.127364005901</joint><joint name="RWristYaw">0.9878546113</joint><joint name="HeadYaw">0.130347995323</joint><joint name="RHipPitch">0.0643860687707</joint><joint name="HeadPitch">-0.261301968962</joint><joint name="RElbowYaw">0.0996680741327</joint><joint name="RHand">0.381818</joint><joint name="LElbowRoll">-1.45879156738</joint><joint name="LShoulderRoll">0.46169194703</joint><joint name="LHand">0.381818</joint><joint name="LAnkleRoll">-0.27607792641</joint><joint name="LHipYawPitch">-0.363515431276</joint><joint name="RAnkleRoll">0.00157596250138</joint><joint name="RAnklePitch">0.00310996728754</joint><joint name="LKneePitch">-0.0923279174305</joint><joint name="LHipRoll">0.355930230347</joint><joint name="RHipRoll">0.0675379588669</joint><joint name="RShoulderPitch">0.737895537146</joint><joint name="RElbowRoll">1.09685216842</joint><joint name="RKneePitch">0.170316035194</joint></state><state><joint name="LShoulderPitch">1.22255601713</joint><joint name="LHipPitch">0.0905480306593</joint><joint name="LElbowYaw">-1.61380996621</joint><joint name="LAnklePitch">0.208582553577</joint><joint name="LWristYaw">-1.50098315672</joint><joint name="RShoulderRoll">-0.127364005901</joint><joint name="RWristYaw">0.9878546113</joint><joint name="HeadYaw">0.0106960408813</joint><joint name="RHipPitch">0.0643860687707</joint><joint name="HeadPitch">-0.261301968962</joint><joint name="RElbowYaw">0.0996680741327</joint><joint name="RHand">0.690909</joint><joint name="LElbowRoll">-1.45879156738</joint><joint name="LShoulderRoll">0.46169194703</joint><joint name="LHand">0.366571</joint><joint name="LAnkleRoll">-0.27607792641</joint><joint name="LHipYawPitch">-0.363515431276</joint><joint name="RAnkleRoll">0.00157596250138</joint><joint name="RAnklePitch">0.00310996728754</joint><joint name="LKneePitch">-0.0923279174305</joint><joint name="LHipRoll">0.355930230347</joint><joint name="RHipRoll">0.0675379588669</joint><joint name="RShoulderPitch">0.737895537146</joint><joint name="RElbowRoll">1.09685216842</joint><joint name="RKneePitch">0.170316035194</joint></state><state><joint name="LShoulderPitch">1.23942986034</joint><joint name="LHipPitch">0.0905480306593</joint><joint name="LElbowYaw">-1.79636267932</joint><joint name="LAnklePitch">0.208582553577</joint><joint name="LWristYaw">-1.74532925199</joint><joint name="RShoulderRoll">-0.127364005901</joint><joint name="RWristYaw">1.00472845451</joint><joint name="HeadYaw">0.0106960408813</joint><joint name="RHipPitch">0.0643860687707</joint><joint name="HeadPitch">-0.261301968962</joint><joint name="RElbowYaw">-0.0614019048156</joint><joint name="RHand">0.690909</joint><joint name="LElbowRoll">-1.34680949724</joint><joint name="LShoulderRoll">0.845191398242</joint><joint name="LHand">0.366571</joint><joint name="LAnkleRoll">-0.27607792641</joint><joint name="LHipYawPitch">-0.363515431276</joint><joint name="RAnkleRoll">0.00157596250138</joint><joint name="RAnklePitch">0.00310996728754</joint><joint name="LKneePitch">-0.0923279174305</joint><joint name="LHipRoll">0.355930230347</joint><joint name="RHipRoll">0.0675379588669</joint><joint name="RShoulderPitch">0.779313945625</joint><joint name="RElbowRoll">0.954190700687</joint><joint name="RKneePitch">0.170316035194</joint></state><state><joint name="LShoulderPitch">1.23942986034</joint><joint name="LHipPitch">0.0905480306593</joint><joint name="LElbowYaw">-1.79636267932</joint><joint name="LAnklePitch">0.208582553577</joint><joint name="LWristYaw">-1.74532925199</joint><joint name="RShoulderRoll">-0.127364005901</joint><joint name="RWristYaw">1.00472845451</joint><joint name="HeadYaw">0.0106960408813</joint><joint name="RHipPitch">0.0643860687707</joint><joint name="HeadPitch">-0.261301968962</joint><joint name="RElbowYaw">-0.0614019048156</joint><joint name="RHand">0.690909</joint><joint name="LElbowRoll">-1.34680949724</joint><joint name="LShoulderRoll">0.845191398242</joint><joint name="LHand">0.366571</joint><joint name="LAnkleRoll">-0.27607792641</joint><joint name="LHipYawPitch">-0.363515431276</joint><joint name="RAnkleRoll">0.00157596250138</joint><joint name="RAnklePitch">0.00310996728754</joint><joint name="LKneePitch">-0.0923279174305</joint><joint name="LHipRoll">0.355930230347</joint><joint name="RHipRoll">0.0675379588669</joint><joint name="RShoulderPitch">0.779313945625</joint><joint name="RElbowRoll">0.954190700687</joint><joint name="RKneePitch">0.170316035194</joint></state><state><joint name="LShoulderPitch">1.23942986034</joint><joint name="LHipPitch">0.0905480306593</joint><joint name="LElbowYaw">-1.79636267932</joint><joint name="LAnklePitch">0.208582553577</joint><joint name="LWristYaw">-1.74532925199</joint><joint name="RShoulderRoll">-0.127364005901</joint><joint name="RWristYaw">1.00472845451</joint><joint name="HeadYaw">0.0106960408813</joint><joint name="RHipPitch">0.0643860687707</joint><joint name="HeadPitch">0.164096030805</joint><joint name="RElbowYaw">-0.0614019048156</joint><joint name="RHand">0.690909</joint><joint name="LElbowRoll">-1.34680949724</joint><joint name="LShoulderRoll">0.845191398242</joint><joint name="LHand">0.366571</joint><joint name="LAnkleRoll">-0.27607792641</joint><joint name="LHipYawPitch">-0.363515431276</joint><joint name="RAnkleRoll">0.00157596250138</joint><joint name="RAnklePitch">0.00310996728754</joint><joint name="LKneePitch">-0.0923279174305</joint><joint name="LHipRoll">0.355930230347</joint><joint name="RHipRoll">0.0675379588669</joint><joint name="RShoulderPitch">0.779313945625</joint><joint name="RElbowRoll">0.954190700687</joint><joint name="RKneePitch">0.170316035194</joint></state><state><joint name="LShoulderPitch">1.23942986034</joint><joint name="LHipPitch">0.0245859295741</joint><joint name="LElbowYaw">-1.79636267932</joint><joint name="LAnklePitch">0.191708710368</joint><joint name="LWristYaw">-1.74532925199</joint><joint name="RShoulderRoll">-0.13043194566</joint><joint name="RWristYaw">1.00472845451</joint><joint name="HeadYaw">0.0106960408813</joint><joint name="RHipPitch">-0.187190052935</joint><joint name="HeadPitch">0.164096030805</joint><joint name="RElbowYaw">-0.0644700191077</joint><joint name="RHand">0.654545</joint><joint name="LElbowRoll">-1.34680949724</joint><joint name="LShoulderRoll">0.845191398242</joint><joint name="LHand">0.366571</joint><joint name="LAnkleRoll">-0.289883480793</joint><joint name="LHipYawPitch">-0.332836033685</joint><joint name="RAnkleRoll">0.0598679349361</joint><joint name="RAnklePitch">-0.0659200386503</joint><joint name="LKneePitch">-0.0923279174305</joint><joint name="LHipRoll">0.306841099805</joint><joint name="RHipRoll">-0.00762803130901</joint><joint name="RShoulderPitch">0.793119500008</joint><joint name="RElbowRoll">0.954190700687</joint><joint name="RKneePitch">0.371269929143</joint></state><state><joint name="LShoulderPitch">1.21488529507</joint><joint name="LHipPitch">0.0245859295741</joint><joint name="LElbowYaw">-1.81475844964</joint><joint name="LAnklePitch">0.191708710368</joint><joint name="LWristYaw">-1.81514242207</joint><joint name="RShoulderRoll">-0.13043194566</joint><joint name="RWristYaw">1.00472845451</joint><joint name="HeadYaw">0.0337059730474</joint><joint name="RHipPitch">-0.187190052935</joint><joint name="HeadPitch">-0.201475572862</joint><joint name="RElbowYaw">-0.0644700191077</joint><joint name="RHand">0.654545</joint><joint name="LElbowRoll">-1.34834364165</joint><joint name="LShoulderRoll">0.901949505516</joint><joint name="LHand">0.366571</joint><joint name="LAnkleRoll">-0.289883480793</joint><joint name="LHipYawPitch">-0.332836033685</joint><joint name="RAnkleRoll">0.0598679349361</joint><joint name="RAnklePitch">-0.0659200386503</joint><joint name="LKneePitch">-0.0923279174305</joint><joint name="LHipRoll">0.306841099805</joint><joint name="RHipRoll">-0.00762803130901</joint><joint name="RShoulderPitch">0.793119500008</joint><joint name="RElbowRoll">0.954190700687</joint><joint name="RKneePitch">0.371269929143</joint></state><state><joint name="LShoulderPitch">1.21488529507</joint><joint name="LHipPitch">0.0245859295741</joint><joint name="LElbowYaw">-1.81475844964</joint><joint name="LAnklePitch">0.191708710368</joint><joint name="LWristYaw">-1.81514242207</joint><joint name="RShoulderRoll">-0.0261198994536</joint><joint name="RWristYaw">1.02313644213</joint><joint name="HeadYaw">0.0337059730474</joint><joint name="RHipPitch">-0.187190052935</joint><joint name="HeadPitch">-0.201475572862</joint><joint name="RElbowYaw">0.449420537059</joint><joint name="RHand">0.305455</joint><joint name="LElbowRoll">-1.34834364165</joint><joint name="LShoulderRoll">0.901949505516</joint><joint name="LHand">0.366571</joint><joint name="LAnkleRoll">-0.289883480793</joint><joint name="LHipYawPitch">-0.332836033685</joint><joint name="RAnkleRoll">0.0598679349361</joint><joint name="RAnklePitch">-0.0659200386503</joint><joint name="LKneePitch">-0.0923279174305</joint><joint name="LHipRoll">0.306841099805</joint><joint name="RHipRoll">-0.00762803130901</joint><joint name="RShoulderPitch">0.6090396238</joint><joint name="RElbowRoll">1.29780588783</joint><joint name="RKneePitch">0.371269929143</joint></state><state><joint name="LShoulderPitch">1.18420589748</joint><joint name="LHipPitch">0.0245859295741</joint><joint name="LElbowYaw">-1.60307270065</joint><joint name="LAnklePitch">0.191708710368</joint><joint name="LWristYaw">-1.81514242207</joint><joint name="RShoulderRoll">-0.0261198994536</joint><joint name="RWristYaw">1.02313644213</joint><joint name="HeadYaw">0.0337059730474</joint><joint name="RHipPitch">-0.187190052935</joint><joint name="HeadPitch">-0.201475572862</joint><joint name="RElbowYaw">0.449420537059</joint><joint name="RHand">0.305455</joint><joint name="LElbowRoll">-1.34220880933</joint><joint name="LShoulderRoll">0.564470896022</joint><joint name="LHand">0.0909091</joint><joint name="LAnkleRoll">-0.289883480793</joint><joint name="LHipYawPitch">-0.332836033685</joint><joint name="RAnkleRoll">0.0598679349361</joint><joint name="RAnklePitch">-0.0659200386503</joint><joint name="LKneePitch">-0.0923279174305</joint><joint name="LHipRoll">0.306841099805</joint><joint name="RHipRoll">-0.00762803130901</joint><joint name="RShoulderPitch">0.6090396238</joint><joint name="RElbowRoll">1.29780588783</joint><joint name="RKneePitch">0.371269929143</joint></state><state><joint name="LShoulderPitch">1.18420589748</joint><joint name="LHipPitch">0.00157596250138</joint><joint name="LElbowYaw">-1.60307270065</joint><joint name="LAnklePitch">0.230058830022</joint><joint name="LWristYaw">-1.81514242207</joint><joint name="RShoulderRoll">-0.0261198994536</joint><joint name="RWristYaw">1.02313644213</joint><joint name="HeadYaw">0.0337059730474</joint><joint name="RHipPitch">-0.168781890781</joint><joint name="HeadPitch">0.208582553577</joint><joint name="RElbowYaw">0.449420537059</joint><joint name="RHand">0.305455</joint><joint name="LElbowRoll">-1.34220880933</joint><joint name="LShoulderRoll">0.564470896022</joint><joint name="LHand">0.0909091</joint><joint name="LAnkleRoll">-0.338972611335</joint><joint name="LHipYawPitch">-0.323632912539</joint><joint name="RAnkleRoll">-0.0168320425727</joint><joint name="RAnklePitch">-0.150289952823</joint><joint name="LKneePitch">-0.0923279174305</joint><joint name="LHipRoll">0.395814494414</joint><joint name="RHipRoll">0.0920820005389</joint><joint name="RShoulderPitch">0.6090396238</joint><joint name="RElbowRoll">1.29780588783</joint><joint name="RKneePitch">0.467912300484</joint></state><state><joint name="LShoulderPitch">1.18420589748</joint><joint name="LHipPitch">0.00157596250138</joint><joint name="LElbowYaw">-1.60307270065</joint><joint name="LAnklePitch">0.230058830022</joint><joint name="LWristYaw">-1.42205936794</joint><joint name="RShoulderRoll">-0.070605898626</joint><joint name="RWristYaw">1.02313644213</joint><joint name="HeadYaw">0.0337059730474</joint><joint name="RHipPitch">-0.168781890781</joint><joint name="HeadPitch">0.208582553577</joint><joint name="RElbowYaw">0.0199000695983</joint><joint name="RHand">0.418182</joint><joint name="LElbowRoll">-1.34220880933</joint><joint name="LShoulderRoll">0.564470896022</joint><joint name="LHand">0.0909091</joint><joint name="LAnkleRoll">-0.338972611335</joint><joint name="LHipYawPitch">-0.323632912539</joint><joint name="RAnkleRoll">-0.0168320425727</joint><joint name="RAnklePitch">-0.150289952823</joint><joint name="LKneePitch">-0.0923279174305</joint><joint name="LHipRoll">0.395814494414</joint><joint name="RHipRoll">0.0920820005389</joint><joint name="RShoulderPitch">0.690342296346</joint><joint name="RElbowRoll">1.15974510801</joint><joint name="RKneePitch">0.467912300484</joint></state><state><joint name="LShoulderPitch">1.17346863192</joint><joint name="LHipPitch">0.00157596250138</joint><joint name="LElbowYaw">-1.63528624266</joint><joint name="LAnklePitch">0.230058830022</joint><joint name="LWristYaw">-1.42205936794</joint><joint name="RShoulderRoll">-0.070605898626</joint><joint name="RWristYaw">1.02313644213</joint><joint name="HeadYaw">0.309825612826</joint><joint name="RHipPitch">-0.168781890781</joint><joint name="HeadPitch">0.0551820749603</joint><joint name="RElbowYaw">0.0199000695983</joint><joint name="RHand">0.418182</joint><joint name="LElbowRoll">-1.33453808727</joint><joint name="LShoulderRoll">0.567537439517</joint><joint name="LHand">0.127273</joint><joint name="LAnkleRoll">-0.338972611335</joint><joint name="LHipYawPitch">-0.323632912539</joint><joint name="RAnkleRoll">-0.0168320425727</joint><joint name="RAnklePitch">-0.150289952823</joint><joint name="LKneePitch">-0.0923279174305</joint><joint name="LHipRoll">0.395814494414</joint><joint name="RHipRoll">0.0920820005389</joint><joint name="RShoulderPitch">0.690342296346</joint><joint name="RElbowRoll">1.15974510801</joint><joint name="RKneePitch">0.467912300484</joint></state><state><joint name="LShoulderPitch">1.17346863192</joint><joint name="LHipPitch">0.00157596250138</joint><joint name="LElbowYaw">-1.63528624266</joint><joint name="LAnklePitch">0.230058830022</joint><joint name="LWristYaw">-1.42205936794</joint><joint name="RShoulderRoll">-0.0276540438661</joint><joint name="RWristYaw">1.0354078521</joint><joint name="HeadYaw">0.309825612826</joint><joint name="RHipPitch">-0.168781890781</joint><joint name="HeadPitch">0.0551820749603</joint><joint name="RElbowYaw">0.860532842367</joint><joint name="RHand">0.345455</joint><joint name="LElbowRoll">-1.33453808727</joint><joint name="LShoulderRoll">0.567537439517</joint><joint name="LHand">0.127273</joint><joint name="LAnkleRoll">-0.338972611335</joint><joint name="LHipYawPitch">-0.323632912539</joint><joint name="RAnkleRoll">-0.0168320425727</joint><joint name="RAnklePitch">-0.150289952823</joint><joint name="LKneePitch">-0.0923279174305</joint><joint name="LHipRoll">0.395814494414</joint><joint name="RHipRoll">0.0920820005389</joint><joint name="RShoulderPitch">0.424959747593</joint><joint name="RElbowRoll">1.40978795797</joint><joint name="RKneePitch">0.467912300484</joint></state><state><joint name="LShoulderPitch">1.30079040085</joint><joint name="LHipPitch">0.00157596250138</joint><joint name="LElbowYaw">-1.78561145113</joint><joint name="LAnklePitch">0.230058830022</joint><joint name="LWristYaw">-1.81514242207</joint><joint name="RShoulderRoll">-0.0276540438661</joint><joint name="RWristYaw">1.0354078521</joint><joint name="HeadYaw">0.309825612826</joint><joint name="RHipPitch">-0.168781890781</joint><joint name="HeadPitch">0.0551820749603</joint><joint name="RElbowYaw">0.860532842367</joint><joint name="RHand">0.345455</joint><joint name="LElbowRoll">-1.2348274271</joint><joint name="LShoulderRoll">1.02927127445</joint><joint name="LHand">0.127273</joint><joint name="LAnkleRoll">-0.338972611335</joint><joint name="LHipYawPitch">-0.323632912539</joint><joint name="RAnkleRoll">-0.0168320425727</joint><joint name="RAnklePitch">-0.150289952823</joint><joint name="LKneePitch">-0.0923279174305</joint><joint name="LHipRoll">0.395814494414</joint><joint name="RHipRoll">0.0920820005389</joint><joint name="RShoulderPitch">0.424959747593</joint><joint name="RElbowRoll">1.40978795797</joint><joint name="RKneePitch">0.467912300484</joint></state><state><joint name="LShoulderPitch">1.30079040085</joint><joint name="LHipPitch">0.00617795940658</joint><joint name="LElbowYaw">-1.78561145113</joint><joint name="LAnklePitch">0.203980120339</joint><joint name="LWristYaw">-1.81514242207</joint><joint name="RShoulderRoll">-0.0276540438661</joint><joint name="RWristYaw">1.0354078521</joint><joint name="HeadYaw">0.300622491681</joint><joint name="RHipPitch">-0.225540172589</joint><joint name="HeadPitch">-0.235938844272</joint><joint name="RElbowYaw">0.860532842367</joint><joint name="RHand">0.345455</joint><joint name="LElbowRoll">-1.2348274271</joint><joint name="LShoulderRoll">1.02927127445</joint><joint name="LHand">0.127273</joint><joint name="LAnkleRoll">-0.39776053653</joint><joint name="LHipYawPitch">-0.184037988306</joint><joint name="RAnkleRoll">-0.0306380332883</joint><joint name="RAnklePitch">-0.363515431276</joint><joint name="LKneePitch">-0.0905480306593</joint><joint name="LHipRoll">0.67500259755</joint><joint name="RHipRoll">0.174918642964</joint><joint name="RShoulderPitch">0.424959747593</joint><joint name="RElbowRoll">1.40978795797</joint><joint name="RKneePitch">0.725624127175</joint></state><state><joint name="LShoulderPitch">1.30079040085</joint><joint name="LHipPitch">0.00617795940658</joint><joint name="LElbowYaw">-1.78561145113</joint><joint name="LAnklePitch">0.203980120339</joint><joint name="LWristYaw">-1.81514242207</joint><joint name="RShoulderRoll">-0.294569689835</joint><joint name="RWristYaw">1.0354078521</joint><joint name="HeadYaw">0.300622491681</joint><joint name="RHipPitch">-0.225540172589</joint><joint name="HeadPitch">-0.235938844272</joint><joint name="RElbowYaw">0.00609404397614</joint><joint name="RHand">0.654545</joint><joint name="LElbowRoll">-1.2348274271</joint><joint name="LShoulderRoll">1.02927127445</joint><joint name="LHand">0.218182</joint><joint name="LAnkleRoll">-0.39776053653</joint><joint name="LHipYawPitch">-0.184037988306</joint><joint name="RAnkleRoll">-0.0306380332883</joint><joint name="RAnklePitch">-0.363515431276</joint><joint name="LKneePitch">-0.0905480306593</joint><joint name="LHipRoll">0.67500259755</joint><joint name="RHipRoll">0.174918642964</joint><joint name="RShoulderPitch">0.925043702179</joint><joint name="RElbowRoll">0.929646135416</joint><joint name="RKneePitch">0.725624127175</joint></state><state><joint name="LShoulderPitch">1.32073253289</joint><joint name="LHipPitch">0.00617795940658</joint><joint name="LElbowYaw">-1.63835453148</joint><joint name="LAnklePitch">0.203980120339</joint><joint name="LWristYaw">-1.81629433938</joint><joint name="RShoulderRoll">-0.294569689835</joint><joint name="RWristYaw">1.0354078521</joint><joint name="HeadYaw">0.374254442164</joint><joint name="RHipPitch">-0.225540172589</joint><joint name="HeadPitch">0.0959880474049</joint><joint name="RElbowYaw">0.00609404397614</joint><joint name="RHand">0.654545</joint><joint name="LElbowRoll">-1.40510174893</joint><joint name="LShoulderRoll">0.978649744825</joint><joint name="LHand">0.218182</joint><joint name="LAnkleRoll">-0.39776053653</joint><joint name="LHipYawPitch">-0.184037988306</joint><joint name="RAnkleRoll">-0.0306380332883</joint><joint name="RAnklePitch">-0.363515431276</joint><joint name="LKneePitch">-0.0905480306593</joint><joint name="LHipRoll">0.67500259755</joint><joint name="RHipRoll">0.174918642964</joint><joint name="RShoulderPitch">0.925043702179</joint><joint name="RElbowRoll">0.929646135416</joint><joint name="RKneePitch">0.725624127175</joint></state><state><joint name="LShoulderPitch">1.32073253289</joint><joint name="LHipPitch">0.00617795940658</joint><joint name="LElbowYaw">-1.63835453148</joint><joint name="LAnklePitch">0.203980120339</joint><joint name="LWristYaw">-1.81629433938</joint><joint name="RShoulderRoll">-0.314511821868</joint><joint name="RWristYaw">1.02160229772</joint><joint name="HeadYaw">0.374254442164</joint><joint name="RHipPitch">-0.225540172589</joint><joint name="HeadPitch">0.0959880474049</joint><joint name="RElbowYaw">0.138018019254</joint><joint name="RHand">0.749091</joint><joint name="LElbowRoll">-1.40510174893</joint><joint name="LShoulderRoll">0.978649744825</joint><joint name="LHand">0.218182</joint><joint name="LAnkleRoll">-0.39776053653</joint><joint name="LHipYawPitch">-0.184037988306</joint><joint name="RAnkleRoll">-0.0306380332883</joint><joint name="RAnklePitch">-0.363515431276</joint><joint name="LKneePitch">-0.0905480306593</joint><joint name="LHipRoll">0.67500259755</joint><joint name="RHipRoll">0.174918642964</joint><joint name="RShoulderPitch">1.06157033759</joint><joint name="RElbowRoll">0.779313945625</joint><joint name="RKneePitch">0.725624127175</joint></state><state><joint name="LShoulderPitch">1.34374295374</joint><joint name="LHipPitch">0.164179981142</joint><joint name="LElbowYaw">-1.61841239945</joint><joint name="LAnklePitch">0.148755982944</joint><joint name="LWristYaw">-1.82379925516</joint><joint name="RShoulderRoll">-0.314511821868</joint><joint name="RWristYaw">1.02160229772</joint><joint name="HeadYaw">0.355167521464</joint><joint name="RHipPitch">-0.105887903988</joint><joint name="HeadPitch">0.241820603852</joint><joint name="RElbowYaw">0.138018019254</joint><joint name="RHand">0.749091</joint><joint name="LElbowRoll">-1.45879156738</joint><joint name="LShoulderRoll">0.984786322475</joint><joint name="LHand">0.343298</joint><joint name="LAnkleRoll">-0.39776053653</joint><joint name="LHipYawPitch">-0.177901410656</joint><joint name="RAnkleRoll">-0.0459780811499</joint><joint name="RAnklePitch">-0.317496334889</joint><joint name="LKneePitch">-0.0923279174305</joint><joint name="LHipRoll">0.48325199928</joint><joint name="RHipRoll">0.0936159704185</joint><joint name="RShoulderPitch">1.06157033759</joint><joint name="RElbowRoll">0.779313945625</joint><joint name="RKneePitch">0.642787310217</joint></state><state><joint name="LShoulderPitch">1.34374295374</joint><joint name="LHipPitch">0.164179981142</joint><joint name="LElbowYaw">-1.61841239945</joint><joint name="LAnklePitch">0.148755982944</joint><joint name="LWristYaw">-1.82379925516</joint><joint name="RShoulderRoll">-0.251617136943</joint><joint name="RWristYaw">1.02160229772</joint><joint name="HeadYaw">0.355167521464</joint><joint name="RHipPitch">-0.105887903988</joint><joint name="HeadPitch">0.241820603852</joint><joint name="RElbowYaw">0.627363835617</joint><joint name="RHand">0.749091</joint><joint name="LElbowRoll">-1.45879156738</joint><joint name="LShoulderRoll">0.984786322475</joint><joint name="LHand">0.343298</joint><joint name="LAnkleRoll">-0.39776053653</joint><joint name="LHipYawPitch">-0.177901410656</joint><joint name="RAnkleRoll">-0.0459780811499</joint><joint name="RAnklePitch">-0.317496334889</joint><joint name="LKneePitch">-0.0923279174305</joint><joint name="LHipRoll">0.48325199928</joint><joint name="RHipRoll">0.0936159704185</joint><joint name="RShoulderPitch">0.946519978625</joint><joint name="RElbowRoll">1.46501192083</joint><joint name="RKneePitch">0.642787310217</joint></state><state><joint name="LShoulderPitch">1.37135406251</joint><joint name="LHipPitch">0.164179981142</joint><joint name="LElbowYaw">-1.52790660576</joint><joint name="LAnklePitch">0.148755982944</joint><joint name="LWristYaw">-1.82379925516</joint><joint name="RShoulderRoll">-0.251617136943</joint><joint name="RWristYaw">1.02927127445</joint><joint name="HeadYaw">0.355167521464</joint><joint name="RHipPitch">-0.105887903988</joint><joint name="HeadPitch">0.241820603852</joint><joint name="RElbowYaw">0.627363835617</joint><joint name="RHand">0.469091</joint><joint name="LElbowRoll">-1.44038357976</joint><joint name="LShoulderRoll">0.7608221822</joint><joint name="LHand">0.254545</joint><joint name="LAnkleRoll">-0.39776053653</joint><joint name="LHipYawPitch">-0.177901410656</joint><joint name="RAnkleRoll">-0.0459780811499</joint><joint name="RAnklePitch">-0.317496334889</joint><joint name="LKneePitch">-0.0923279174305</joint><joint name="LHipRoll">0.48325199928</joint><joint name="RHipRoll">0.0936159704185</joint><joint name="RShoulderPitch">0.946519978625</joint><joint name="RElbowRoll">1.46501192083</joint><joint name="RKneePitch">0.642787310217</joint></state><state><joint name="LShoulderPitch">1.37135406251</joint><joint name="LHipPitch">0.165713951022</joint><joint name="LElbowYaw">-1.52790660576</joint><joint name="LAnklePitch">0.148755982944</joint><joint name="LWristYaw">-1.82379925516</joint><joint name="RShoulderRoll">-0.251617136943</joint><joint name="RWristYaw">1.02927127445</joint><joint name="HeadYaw">0.230058830022</joint><joint name="RHipPitch">-0.105887903988</joint><joint name="HeadPitch">-0.164113658631</joint><joint name="RElbowYaw">0.627363835617</joint><joint name="RHand">0.469091</joint><joint name="LElbowRoll">-1.44038357976</joint><joint name="LShoulderRoll">0.7608221822</joint><joint name="LHand">0.254545</joint><joint name="LAnkleRoll">-0.39776053653</joint><joint name="LHipYawPitch">-0.173300024616</joint><joint name="RAnkleRoll">-0.0459780811499</joint><joint name="RAnklePitch">-0.315962190476</joint><joint name="LKneePitch">-0.0920820005389</joint><joint name="LHipRoll">0.48325199928</joint><joint name="RHipRoll">0.0936159704185</joint><joint name="RShoulderPitch">0.946519978625</joint><joint name="RElbowRoll">1.46501192083</joint><joint name="RKneePitch">0.644321454629</joint></state><state><joint name="LShoulderPitch">1.37135406251</joint><joint name="LHipPitch">0.165713951022</joint><joint name="LElbowYaw">-1.52790660576</joint><joint name="LAnklePitch">0.148755982944</joint><joint name="LWristYaw">-1.82379925516</joint><joint name="RShoulderRoll">-0.248550593447</joint><joint name="RWristYaw">1.02927127445</joint><joint name="HeadYaw">0.230058830022</joint><joint name="RHipPitch">-0.105887903988</joint><joint name="HeadPitch">-0.164113658631</joint><joint name="RElbowYaw">0.154892036995</joint><joint name="RHand">0.469091</joint><joint name="LElbowRoll">-1.44038357976</joint><joint name="LShoulderRoll">0.7608221822</joint><joint name="LHand">0.254545</joint><joint name="LAnkleRoll">-0.39776053653</joint><joint name="LHipYawPitch">-0.173300024616</joint><joint name="RAnkleRoll">-0.0459780811499</joint><joint name="RAnklePitch">-0.315962190476</joint><joint name="LKneePitch">-0.0920820005389</joint><joint name="LHipRoll">0.48325199928</joint><joint name="RHipRoll">0.0936159704185</joint><joint name="RShoulderPitch">0.987938387104</joint><joint name="RElbowRoll">1.12906571042</joint><joint name="RKneePitch">0.644321454629</joint></state><state><joint name="LShoulderPitch">1.41123832658</joint><joint name="LHipPitch">0.165713951022</joint><joint name="LElbowYaw">-1.57239155773</joint><joint name="LAnklePitch">0.148755982944</joint><joint name="LWristYaw">-1.82379925516</joint><joint name="RShoulderRoll">-0.248550593447</joint><joint name="RWristYaw">1.02927127445</joint><joint name="HeadYaw">0.226990541197</joint><joint name="RHipPitch">-0.105887903988</joint><joint name="HeadPitch">-0.22700799449</joint><joint name="RElbowYaw">0.154892036995</joint><joint name="RHand">0.469091</joint><joint name="LElbowRoll">-1.36214919604</joint><joint name="LShoulderRoll">0.897348817608</joint><joint name="LHand">0.332753</joint><joint name="LAnkleRoll">-0.39776053653</joint><joint name="LHipYawPitch">-0.173300024616</joint><joint name="RAnkleRoll">-0.0459780811499</joint><joint name="RAnklePitch">-0.315962190476</joint><joint name="LKneePitch">-0.0920820005389</joint><joint name="LHipRoll">0.48325199928</joint><joint name="RHipRoll">0.0936159704185</joint><joint name="RShoulderPitch">0.987938387104</joint><joint name="RElbowRoll">1.12906571042</joint><joint name="RKneePitch">0.644321454629</joint></state><state><joint name="LShoulderPitch">1.41123832658</joint><joint name="LHipPitch">0.165713951022</joint><joint name="LElbowYaw">-1.57239155773</joint><joint name="LAnklePitch">0.148755982944</joint><joint name="LWristYaw">-1.82379925516</joint><joint name="RShoulderRoll">-0.225540172589</joint><joint name="RWristYaw">1.02313644213</joint><joint name="HeadYaw">0.226990541197</joint><joint name="RHipPitch">-0.105887903988</joint><joint name="HeadPitch">-0.22700799449</joint><joint name="RElbowYaw">0.717869629309</joint><joint name="RHand">0.327273</joint><joint name="LElbowRoll">-1.36214919604</joint><joint name="LShoulderRoll">0.897348817608</joint><joint name="LHand">0.332753</joint><joint name="LAnkleRoll">-0.39776053653</joint><joint name="LHipYawPitch">-0.173300024616</joint><joint name="RAnkleRoll">-0.0459780811499</joint><joint name="RAnklePitch">-0.315962190476</joint><joint name="LKneePitch">-0.0920820005389</joint><joint name="LHipRoll">0.48325199928</joint><joint name="RHipRoll">0.0936159704185</joint><joint name="RShoulderPitch">0.820732354104</joint><joint name="RElbowRoll">1.54461638801</joint><joint name="RKneePitch">0.644321454629</joint></state><state><joint name="LShoulderPitch">1.41123832658</joint><joint name="LHipPitch">0.165713951022</joint><joint name="LElbowYaw">-1.57239155773</joint><joint name="LAnklePitch">0.148755982944</joint><joint name="LWristYaw">-1.82379925516</joint><joint name="RShoulderRoll">-0.225540172589</joint><joint name="RWristYaw">1.02313644213</joint><joint name="HeadYaw">0.226990541197</joint><joint name="RHipPitch">-0.105887903988</joint><joint name="HeadPitch">-0.22700799449</joint><joint name="RElbowYaw">0.717869629309</joint><joint name="RHand">0.327273</joint><joint name="LElbowRoll">-1.36214919604</joint><joint name="LShoulderRoll">0.897348817608</joint><joint name="LHand">0.332753</joint><joint name="LAnkleRoll">-0.39776053653</joint><joint name="LHipYawPitch">-0.173300024616</joint><joint name="RAnkleRoll">-0.0459780811499</joint><joint name="RAnklePitch">-0.315962190476</joint><joint name="LKneePitch">-0.0920820005389</joint><joint name="LHipRoll">0.48325199928</joint><joint name="RHipRoll">0.0936159704185</joint><joint name="RShoulderPitch">0.820732354104</joint><joint name="RElbowRoll">1.54461638801</joint><joint name="RKneePitch">0.644321454629</joint></state><state><joint name="LShoulderPitch">1.38209132807</joint><joint name="LHipPitch">0.165713951022</joint><joint name="LElbowYaw">-1.33001942984</joint><joint name="LAnklePitch">0.148755982944</joint><joint name="LWristYaw">-1.82379925516</joint><joint name="RShoulderRoll">-0.207132184968</joint><joint name="RWristYaw">1.02313644213</joint><joint name="HeadYaw">0.226990541197</joint><joint name="RHipPitch">-0.105887903988</joint><joint name="HeadPitch">-0.22700799449</joint><joint name="RElbowYaw">0.153358067115</joint><joint name="RHand">0.436364</joint><joint name="LElbowRoll">-1.46032571179</joint><joint name="LShoulderRoll">0.826783410621</joint><joint name="LHand">0.127273</joint><joint name="LAnkleRoll">-0.39776053653</joint><joint name="LHipYawPitch">-0.173300024616</joint><joint name="RAnkleRoll">-0.0459780811499</joint><joint name="RAnklePitch">-0.315962190476</joint><joint name="LKneePitch">-0.0920820005389</joint><joint name="LHipRoll">0.48325199928</joint><joint name="RHipRoll">0.0936159704185</joint><joint name="RShoulderPitch">0.879024605791</joint><joint name="RElbowRoll">1.18275552887</joint><joint name="RKneePitch">0.644321454629</joint></state><state><joint name="LShoulderPitch">1.38209132807</joint><joint name="LHipPitch">0.15190787304</joint><joint name="LElbowYaw">-1.33001942984</joint><joint name="LAnklePitch">0.131881965203</joint><joint name="LWristYaw">-1.82379925516</joint><joint name="RShoulderRoll">-0.207132184968</joint><joint name="RWristYaw">1.02313644213</joint><joint name="HeadYaw">0.266874805264</joint><joint name="RHipPitch">0.0766580023402</joint><joint name="HeadPitch">0.0745117709591</joint><joint name="RElbowYaw">0.153358067115</joint><joint name="RHand">0.436364</joint><joint name="LElbowRoll">-1.46032571179</joint><joint name="LShoulderRoll">0.826783410621</joint><joint name="LHand">0.127273</joint><joint name="LAnkleRoll">-0.39776053653</joint><joint name="LHipYawPitch">-0.153358067115</joint><joint name="RAnkleRoll">0.0598679349361</joint><joint name="RAnklePitch">-0.0521139606682</joint><joint name="LKneePitch">-0.0923279174305</joint><joint name="LHipRoll">0.546146684205</joint><joint name="RHipRoll">0.0798098924364</joint><joint name="RShoulderPitch">0.879024605791</joint><joint name="RElbowRoll">1.18275552887</joint><joint name="RKneePitch">0.176452787377</joint></state><state><joint name="LShoulderPitch">1.38209132807</joint><joint name="LHipPitch">0.15190787304</joint><joint name="LElbowYaw">-1.33001942984</joint><joint name="LAnklePitch">0.131881965203</joint><joint name="LWristYaw">-1.75494601617</joint><joint name="RShoulderRoll">-0.168781890781</joint><joint name="RWristYaw">1.02313644213</joint><joint name="HeadYaw">0.266874805264</joint><joint name="RHipPitch">0.0766580023402</joint><joint name="HeadPitch">0.0745117709591</joint><joint name="RElbowYaw">0.587479571551</joint><joint name="RHand">0.318182</joint><joint name="LElbowRoll">-1.46032571179</joint><joint name="LShoulderRoll">0.826783410621</joint><joint name="LHand">0.127273</joint><joint name="LAnkleRoll">-0.39776053653</joint><joint name="LHipYawPitch">-0.153358067115</joint><joint name="RAnkleRoll">0.0598679349361</joint><joint name="RAnklePitch">-0.0521139606682</joint><joint name="LKneePitch">-0.0923279174305</joint><joint name="LHipRoll">0.546146684205</joint><joint name="RHipRoll">0.0798098924364</joint><joint name="RShoulderPitch">0.828401330837</joint><joint name="RElbowRoll">1.48188576404</joint><joint name="RKneePitch">0.176452787377</joint></state><state><joint name="LShoulderPitch">1.37749064016</joint><joint name="LHipPitch">0.15190787304</joint><joint name="LElbowYaw">-1.3852433927</joint><joint name="LAnklePitch">0.131881965203</joint><joint name="LWristYaw">-1.75494601617</joint><joint name="RShoulderRoll">-0.168781890781</joint><joint name="RWristYaw">1.00012602127</joint><joint name="HeadYaw">0.266874805264</joint><joint name="RHipPitch">0.0766580023402</joint><joint name="HeadPitch">0.184959522151</joint><joint name="RElbowYaw">0.587479571551</joint><joint name="RHand">0.318182</joint><joint name="LElbowRoll">-1.40049931569</joint><joint name="LShoulderRoll">0.828317555033</joint><joint name="LHand">0.127273</joint><joint name="LAnkleRoll">-0.39776053653</joint><joint name="LHipYawPitch">-0.153358067115</joint><joint name="RAnkleRoll">0.0598679349361</joint><joint name="RAnklePitch">-0.0521139606682</joint><joint name="LKneePitch">-0.0923279174305</joint><joint name="LHipRoll">0.546146684205</joint><joint name="RHipRoll">0.0798098924364</joint><joint name="RShoulderPitch">0.828401330837</joint><joint name="RElbowRoll">1.48188576404</joint><joint name="RKneePitch">0.176452787377</joint></state><state><joint name="LShoulderPitch">1.37749064016</joint><joint name="LHipPitch">0.15190787304</joint><joint name="LElbowYaw">-1.3852433927</joint><joint name="LAnklePitch">0.131881965203</joint><joint name="LWristYaw">-1.75494601617</joint><joint name="RShoulderRoll">-0.199461462906</joint><joint name="RWristYaw">1.00012602127</joint><joint name="HeadYaw">0.260738227614</joint><joint name="RHipPitch">0.0766580023402</joint><joint name="HeadPitch">0.184959522151</joint><joint name="RElbowYaw">0.236193662343</joint><joint name="RHand">0.545455</joint><joint name="LElbowRoll">-1.40049931569</joint><joint name="LShoulderRoll">0.828317555033</joint><joint name="LHand">0.127273</joint><joint name="LAnkleRoll">-0.39776053653</joint><joint name="LHipYawPitch">-0.153358067115</joint><joint name="RAnkleRoll">0.0598679349361</joint><joint name="RAnklePitch">-0.0521139606682</joint><joint name="LKneePitch">-0.0923279174305</joint><joint name="LHipRoll">0.546146684205</joint><joint name="RHipRoll">0.0798098924364</joint><joint name="RShoulderPitch">1.10758943397</joint><joint name="RElbowRoll">1.03702577232</joint><joint name="RKneePitch">0.176452787377</joint></state><state><joint name="LShoulderPitch">1.39283033896</joint><joint name="LHipPitch">0.15190787304</joint><joint name="LElbowYaw">-1.23644534732</joint><joint name="LAnklePitch">0.131881965203</joint><joint name="LWristYaw">-1.75494601617</joint><joint name="RShoulderRoll">-0.199461462906</joint><joint name="RWristYaw">1.00012602127</joint><joint name="HeadYaw">0.260738227614</joint><joint name="RHipPitch">0.0766580023402</joint><joint name="HeadPitch">0.184959522151</joint><joint name="RElbowYaw">0.236193662343</joint><joint name="RHand">0.545455</joint><joint name="LElbowRoll">-1.40510174893</joint><joint name="LShoulderRoll">0.638102846505</joint><joint name="LHand">0.127273</joint><joint name="LAnkleRoll">-0.39776053653</joint><joint name="LHipYawPitch">-0.153358067115</joint><joint name="RAnkleRoll">0.0598679349361</joint><joint name="RAnklePitch">-0.0521139606682</joint><joint name="LKneePitch">-0.0923279174305</joint><joint name="LHipRoll">0.546146684205</joint><joint name="RHipRoll">0.0798098924364</joint><joint name="RShoulderPitch">1.10758943397</joint><joint name="RElbowRoll">1.03702577232</joint><joint name="RKneePitch">0.176452787377</joint></state><state><joint name="LShoulderPitch">1.39283033896</joint><joint name="LHipPitch">0.317580110693</joint><joint name="LElbowYaw">-1.23644534732</joint><joint name="LAnklePitch">0.0306380332883</joint><joint name="LWristYaw">-1.75494601617</joint><joint name="RShoulderRoll">-0.199461462906</joint><joint name="RWristYaw">1.00012602127</joint><joint name="HeadYaw">0.260738227614</joint><joint name="RHipPitch">0.27607792641</joint><joint name="HeadPitch">0.184959522151</joint><joint name="RElbowYaw">0.236193662343</joint><joint name="RHand">0.545455</joint><joint name="LElbowRoll">-1.40510174893</joint><joint name="LShoulderRoll">0.638102846505</joint><joint name="LHand">0.127273</joint><joint name="LAnkleRoll">-0.187106277131</joint><joint name="LHipYawPitch">-0.214717385897</joint><joint name="RAnkleRoll">0.112023958039</joint><joint name="RAnklePitch">0.0905480306593</joint><joint name="LKneePitch">-0.0874799163672</joint><joint name="LHipRoll">0.214801161701</joint><joint name="RHipRoll">-0.115008121994</joint><joint name="RShoulderPitch">1.10758943397</joint><joint name="RElbowRoll">1.03702577232</joint><joint name="RKneePitch">-0.0923279174305</joint></state><state><joint name="LShoulderPitch">1.39283033896</joint><joint name="LHipPitch">0.317580110693</joint><joint name="LElbowYaw">-1.23644534732</joint><joint name="LAnklePitch">0.0306380332883</joint><joint name="LWristYaw">-1.7196554587</joint><joint name="RShoulderRoll">-0.207132184968</joint><joint name="RWristYaw">1.00012602127</joint><joint name="HeadYaw">0.260738227614</joint><joint name="RHipPitch">0.27607792641</joint><joint name="HeadPitch">0.184959522151</joint><joint name="RElbowYaw">0.233125373518</joint><joint name="RHand">0.727273</joint><joint name="LElbowRoll">-1.40510174893</joint><joint name="LShoulderRoll">0.638102846505</joint><joint name="LHand">0.254545</joint><joint name="LAnkleRoll">-0.187106277131</joint><joint name="LHipYawPitch">-0.214717385897</joint><joint name="RAnkleRoll">0.112023958039</joint><joint name="RAnklePitch">0.0905480306593</joint><joint name="LKneePitch">-0.0874799163672</joint><joint name="LHipRoll">0.214801161701</joint><joint name="RHipRoll">-0.115008121994</joint><joint name="RShoulderPitch">1.20576594973</joint><joint name="RElbowRoll">0.848343462871</joint><joint name="RKneePitch">-0.0923279174305</joint></state><state><joint name="LShoulderPitch">1.2946538232</joint><joint name="LHipPitch">0.317580110693</joint><joint name="LElbowYaw">-1.37757441597</joint><joint name="LAnklePitch">0.0306380332883</joint><joint name="LWristYaw">-1.7196554587</joint><joint name="RShoulderRoll">-0.220937739351</joint><joint name="RWristYaw">1.18682389136</joint><joint name="HeadYaw">0.260738227614</joint><joint name="RHipPitch">0.27607792641</joint><joint name="HeadPitch">-0.276198354128</joint><joint name="RElbowYaw">0.613558281234</joint><joint name="RHand">0.436364</joint><joint name="LElbowRoll">-1.28391655764</joint><joint name="LShoulderRoll">0.639635245588</joint><joint name="LHand">0.254545</joint><joint name="LAnkleRoll">-0.187106277131</joint><joint name="LHipYawPitch">-0.214717385897</joint><joint name="RAnkleRoll">0.112023958039</joint><joint name="RAnklePitch">0.0905480306593</joint><joint name="LKneePitch">-0.0874799163672</joint><joint name="LHipRoll">0.214801161701</joint><joint name="RHipRoll">-0.115008121994</joint><joint name="RShoulderPitch">0.768576680067</joint><joint name="RElbowRoll">1.48341990845</joint><joint name="RKneePitch">-0.0923279174305</joint></state><state><joint name="LShoulderPitch">1.35141193048</joint><joint name="LHipPitch">0.317580110693</joint><joint name="LElbowYaw">-1.49415717401</joint><joint name="LAnklePitch">0.0306380332883</joint><joint name="LWristYaw">-1.7196554587</joint><joint name="RShoulderRoll">-0.220937739351</joint><joint name="RWristYaw">1.18682389136</joint><joint name="HeadYaw">0.260738227614</joint><joint name="RHipPitch">0.27607792641</joint><joint name="HeadPitch">-0.276198354128</joint><joint name="RElbowYaw">0.613558281234</joint><joint name="RHand">0.436364</joint><joint name="LElbowRoll">-1.309993522</joint><joint name="LShoulderRoll">0.891212239958</joint><joint name="LHand">0.127273</joint><joint name="LAnkleRoll">-0.187106277131</joint><joint name="LHipYawPitch">-0.214717385897</joint><joint name="RAnkleRoll">0.112023958039</joint><joint name="RAnklePitch">0.0905480306593</joint><joint name="LKneePitch">-0.0874799163672</joint><joint name="LHipRoll">0.214801161701</joint><joint name="RHipRoll">-0.115008121994</joint><joint name="RShoulderPitch">0.768576680067</joint><joint name="RElbowRoll">1.48341990845</joint><joint name="RKneePitch">-0.0923279174305</joint></state><state><joint name="LShoulderPitch">1.35141193048</joint><joint name="LHipPitch">0.317580110693</joint><joint name="LElbowYaw">-1.49415717401</joint><joint name="LAnklePitch">0.0306380332883</joint><joint name="LWristYaw">-1.7196554587</joint><joint name="RShoulderRoll">-0.220937739351</joint><joint name="RWristYaw">1.18682389136</joint><joint name="HeadYaw">0.260738227614</joint><joint name="RHipPitch">0.27607792641</joint><joint name="HeadPitch">-0.276198354128</joint><joint name="RElbowYaw">0.613558281234</joint><joint name="RHand">0.436364</joint><joint name="LElbowRoll">-1.309993522</joint><joint name="LShoulderRoll">0.891212239958</joint><joint name="LHand">0.127273</joint><joint name="LAnkleRoll">-0.187106277131</joint><joint name="LHipYawPitch">-0.214717385897</joint><joint name="RAnkleRoll">0.112023958039</joint><joint name="RAnklePitch">0.0905480306593</joint><joint name="LKneePitch">-0.0874799163672</joint><joint name="LHipRoll">0.214801161701</joint><joint name="RHipRoll">-0.115008121994</joint><joint name="RShoulderPitch">0.768576680067</joint><joint name="RElbowRoll">1.48341990845</joint><joint name="RKneePitch">-0.0923279174305</joint></state><state><joint name="LShoulderPitch">1.35141193048</joint><joint name="LHipPitch">0.300706267485</joint><joint name="LElbowYaw">-1.49415717401</joint><joint name="LAnklePitch">0.024501979237</joint><joint name="LWristYaw">-1.7196554587</joint><joint name="RShoulderRoll">-0.31604596628</joint><joint name="RWristYaw">0.820304748437</joint><joint name="HeadYaw">-0.114582959789</joint><joint name="RHipPitch">0.28221450406</joint><joint name="HeadPitch">-0.276198354128</joint><joint name="RElbowYaw">0.249999216726</joint><joint name="RHand">0.729115</joint><joint name="LElbowRoll">-1.309993522</joint><joint name="LShoulderRoll">0.891212239958</joint><joint name="LHand">0.127273</joint><joint name="LAnkleRoll">0.122761921729</joint><joint name="LHipYawPitch">-0.223922252372</joint><joint name="RAnkleRoll">0.392746205589</joint><joint name="RAnklePitch">0.0383920075561</joint><joint name="LKneePitch">-0.0245859295741</joint><joint name="LHipRoll">-0.253067505551</joint><joint name="RHipRoll">-0.56907158393</joint><joint name="RShoulderPitch">0.894364304587</joint><joint name="RElbowRoll">1.15207613128</joint><joint name="RKneePitch">-0.0628520988911</joint></state><state><joint name="LShoulderPitch">1.32840150962</joint><joint name="LHipPitch">0.300706267485</joint><joint name="LElbowYaw">-1.51256516163</joint><joint name="LAnklePitch">0.024501979237</joint><joint name="LWristYaw">-1.81936611886</joint><joint name="RShoulderRoll">-0.31604596628</joint><joint name="RWristYaw">0.820304748437</joint><joint name="HeadYaw">-0.114582959789</joint><joint name="RHipPitch">0.28221450406</joint><joint name="HeadPitch">0.118179908844</joint><joint name="RElbowYaw">0.249999216726</joint><joint name="RHand">0.729115</joint><joint name="LElbowRoll">-1.31306181082</joint><joint name="LShoulderRoll">0.803774735092</joint><joint name="LHand">0.0909091</joint><joint name="LAnkleRoll">0.122761921729</joint><joint name="LHipYawPitch">-0.223922252372</joint><joint name="RAnkleRoll">0.392746205589</joint><joint name="RAnklePitch">0.0383920075561</joint><joint name="LKneePitch">-0.0245859295741</joint><joint name="LHipRoll">-0.253067505551</joint><joint name="RHipRoll">-0.56907158393</joint><joint name="RShoulderPitch">0.894364304587</joint><joint name="RElbowRoll">1.15207613128</joint><joint name="RKneePitch">-0.0628520988911</joint></state><state><joint name="LShoulderPitch">1.32840150962</joint><joint name="LHipPitch">0.300706267485</joint><joint name="LElbowYaw">-1.51256516163</joint><joint name="LAnklePitch">0.024501979237</joint><joint name="LWristYaw">-1.81936611886</joint><joint name="RShoulderRoll">-0.219403594939</joint><joint name="RWristYaw">1.09955742876</joint><joint name="HeadYaw">-0.114582959789</joint><joint name="RHipPitch">0.28221450406</joint><joint name="HeadPitch">0.118179908844</joint><joint name="RElbowYaw">0.69485920845</joint><joint name="RHand">0.490909</joint><joint name="LElbowRoll">-1.31306181082</joint><joint name="LShoulderRoll">0.803774735092</joint><joint name="LHand">0.0909091</joint><joint name="LAnkleRoll">0.122761921729</joint><joint name="LHipYawPitch">-0.223922252372</joint><joint name="RAnkleRoll">0.392746205589</joint><joint name="RAnklePitch">0.0383920075561</joint><joint name="LKneePitch">-0.0245859295741</joint><joint name="LHipRoll">-0.253067505551</joint><joint name="RHipRoll">-0.56907158393</joint><joint name="RShoulderPitch">0.564554671826</joint><joint name="RElbowRoll">1.45580879969</joint><joint name="RKneePitch">-0.0628520988911</joint></state><state><joint name="LShoulderPitch">1.32840150962</joint><joint name="LHipPitch">0.300706267485</joint><joint name="LElbowYaw">-1.51256516163</joint><joint name="LAnklePitch">0.024501979237</joint><joint name="LWristYaw">-1.81936611886</joint><joint name="RShoulderRoll">-0.219403594939</joint><joint name="RWristYaw">1.09955742876</joint><joint name="HeadYaw">-0.114582959789</joint><joint name="RHipPitch">0.28221450406</joint><joint name="HeadPitch">0.118179908844</joint><joint name="RElbowYaw">0.69485920845</joint><joint name="RHand">0.490909</joint><joint name="LElbowRoll">-1.31306181082</joint><joint name="LShoulderRoll">0.803774735092</joint><joint name="LHand">0.0909091</joint><joint name="LAnkleRoll">0.122761921729</joint><joint name="LHipYawPitch">-0.223922252372</joint><joint name="RAnkleRoll">0.392746205589</joint><joint name="RAnklePitch">0.0383920075561</joint><joint name="LKneePitch">-0.0245859295741</joint><joint name="LHipRoll">-0.253067505551</joint><joint name="RHipRoll">-0.56907158393</joint><joint name="RShoulderPitch">0.564554671826</joint><joint name="RElbowRoll">1.45580879969</joint><joint name="RKneePitch">-0.0628520988911</joint></state><state><joint name="LShoulderPitch">1.2348274271</joint><joint name="LHipPitch">0.300706267485</joint><joint name="LElbowYaw">-1.34075844072</joint><joint name="LAnklePitch">0.024501979237</joint><joint name="LWristYaw">-1.81936611886</joint><joint name="RShoulderRoll">-0.247016449035</joint><joint name="RWristYaw">0.925024503557</joint><joint name="HeadYaw">-0.114582959789</joint><joint name="RHipPitch">0.28221450406</joint><joint name="HeadPitch">0.118179908844</joint><joint name="RElbowYaw">-0.0138479658841</joint><joint name="RHand">0.618182</joint><joint name="LElbowRoll">-1.25016887123</joint><joint name="LShoulderRoll">0.395730718609</joint><joint name="LHand">0.176364</joint><joint name="LAnkleRoll">0.122761921729</joint><joint name="LHipYawPitch">-0.223922252372</joint><joint name="RAnkleRoll">0.392746205589</joint><joint name="RAnklePitch">0.0383920075561</joint><joint name="LKneePitch">-0.0245859295741</joint><joint name="LHipRoll">-0.253067505551</joint><joint name="RHipRoll">-0.56907158393</joint><joint name="RShoulderPitch">0.802324366483</joint><joint name="RElbowRoll">1.04316234997</joint><joint name="RKneePitch">-0.0628520988911</joint></state><state><joint name="LShoulderPitch">1.2348274271</joint><joint name="LHipPitch">0.0491299712461</joint><joint name="LElbowYaw">-1.34075844072</joint><joint name="LAnklePitch">0.173300024616</joint><joint name="LWristYaw">-1.81936611886</joint><joint name="RShoulderRoll">-0.247016449035</joint><joint name="RWristYaw">0.925024503557</joint><joint name="HeadYaw">-0.114582959789</joint><joint name="RHipPitch">0.0996680741327</joint><joint name="HeadPitch">-0.113491954473</joint><joint name="RElbowYaw">-0.0138479658841</joint><joint name="RHand">0.618182</joint><joint name="LElbowRoll">-1.25016887123</joint><joint name="LShoulderRoll">0.395730718609</joint><joint name="LHand">0.176364</joint><joint name="LAnkleRoll">0.0261198994536</joint><joint name="LHipYawPitch">-0.248466817643</joint><joint name="RAnkleRoll">0.247016449035</joint><joint name="RAnklePitch">0.18412176411</joint><joint name="LKneePitch">-0.0215179898149</joint><joint name="LHipRoll">-0.0858619961506</joint><joint name="RHipRoll">-0.309825612826</joint><joint name="RShoulderPitch">0.802324366483</joint><joint name="RElbowRoll">1.04316234997</joint><joint name="RKneePitch">-0.0923279174305</joint></state><state><joint name="LShoulderPitch">1.2348274271</joint><joint name="LHipPitch">0.0491299712461</joint><joint name="LElbowYaw">-1.34075844072</joint><joint name="LAnklePitch">0.173300024616</joint><joint name="LWristYaw">-1.5371097269</joint><joint name="RShoulderRoll">-0.219403594939</joint><joint name="RWristYaw">1.02974425868</joint><joint name="HeadYaw">-0.114582959789</joint><joint name="RHipPitch">0.0996680741327</joint><joint name="HeadPitch">-0.113491954473</joint><joint name="RElbowYaw">0.464760235855</joint><joint name="RHand">0.490909</joint><joint name="LElbowRoll">-1.25016887123</joint><joint name="LShoulderRoll">0.395730718609</joint><joint name="LHand">0.176364</joint><joint name="LAnkleRoll">0.0261198994536</joint><joint name="LHipYawPitch">-0.248466817643</joint><joint name="RAnkleRoll">0.247016449035</joint><joint name="RAnklePitch">0.18412176411</joint><joint name="LKneePitch">-0.0215179898149</joint><joint name="LHipRoll">-0.0858619961506</joint><joint name="RHipRoll">-0.309825612826</joint><joint name="RShoulderPitch">0.673468453138</joint><joint name="RElbowRoll">1.48648819728</joint><joint name="RKneePitch">-0.0923279174305</joint></state><state><joint name="LShoulderPitch">1.27164340234</joint><joint name="LHipPitch">0.0491299712461</joint><joint name="LElbowYaw">-1.47421678731</joint><joint name="LAnklePitch">0.173300024616</joint><joint name="LWristYaw">-1.5371097269</joint><joint name="RShoulderRoll">-0.219403594939</joint><joint name="RWristYaw">1.02974425868</joint><joint name="HeadYaw">-0.00310996728754</joint><joint name="RHipPitch">0.0996680741327</joint><joint name="HeadPitch">0.150393450848</joint><joint name="RElbowYaw">0.464760235855</joint><joint name="RHand">0.490909</joint><joint name="LElbowRoll">-1.23789571593</joint><joint name="LShoulderRoll">0.441749814997</joint><joint name="LHand">0.0909091</joint><joint name="LAnkleRoll">0.0261198994536</joint><joint name="LHipYawPitch">-0.248466817643</joint><joint name="RAnkleRoll">0.247016449035</joint><joint name="RAnklePitch">0.18412176411</joint><joint name="LKneePitch">-0.0215179898149</joint><joint name="LHipRoll">-0.0858619961506</joint><joint name="RHipRoll">-0.309825612826</joint><joint name="RShoulderPitch">0.673468453138</joint><joint name="RElbowRoll">1.48648819728</joint><joint name="RKneePitch">-0.0923279174305</joint></state><state><joint name="LShoulderPitch">1.27164340234</joint><joint name="LHipPitch">0.0491299712461</joint><joint name="LElbowYaw">-1.47421678731</joint><joint name="LAnklePitch">0.173300024616</joint><joint name="LWristYaw">-1.5371097269</joint><joint name="RShoulderRoll">-0.11969398197</joint><joint name="RWristYaw">0.855211333477</joint><joint name="HeadYaw">-0.00310996728754</joint><joint name="RHipPitch">0.0996680741327</joint><joint name="HeadPitch">0.150393450848</joint><joint name="RElbowYaw">0.0827940563915</joint><joint name="RHand">0.745455</joint><joint name="LElbowRoll">-1.23789571593</joint><joint name="LShoulderRoll">0.441749814997</joint><joint name="LHand">0.0909091</joint><joint name="LAnkleRoll">0.0261198994536</joint><joint name="LHipYawPitch">-0.248466817643</joint><joint name="RAnkleRoll">0.247016449035</joint><joint name="RAnklePitch">0.18412176411</joint><joint name="LKneePitch">-0.0215179898149</joint><joint name="LHipRoll">-0.0858619961506</joint><joint name="RHipRoll">-0.309825612826</joint><joint name="RShoulderPitch">0.833003764075</joint><joint name="RElbowRoll">0.862150762583</joint><joint name="RKneePitch">-0.0923279174305</joint></state><state><joint name="LShoulderPitch">1.25937199237</joint><joint name="LHipPitch">0.12285861297</joint><joint name="LElbowYaw">-1.48802234169</joint><joint name="LAnklePitch">0.0994511297067</joint><joint name="LWristYaw">0.0509231225196</joint><joint name="RShoulderRoll">-0.11969398197</joint><joint name="RWristYaw">0.855211333477</joint><joint name="HeadYaw">-0.00310996728754</joint><joint name="RHipPitch">0.12793019071</joint><joint name="HeadPitch">0.0</joint><joint name="RElbowYaw">1.18856922061</joint><joint name="RHand">0.745455</joint><joint name="LElbowRoll">-1.21181875157</joint><joint name="LShoulderRoll">0.45555536938</joint><joint name="LHand">0.299693</joint><joint name="LAnkleRoll">-0.129540082412</joint><joint name="LHipYawPitch">-0.170120034719</joint><joint name="RAnkleRoll">0.130506296686</joint><joint name="RAnklePitch">0.0914011475977</joint><joint name="LKneePitch">-0.0898759043644</joint><joint name="LHipRoll">0.0993252914676</joint><joint name="RHipRoll">-0.100831685145</joint><joint name="RShoulderPitch">0.833003764075</joint><joint name="RElbowRoll">0.862150762583</joint><joint name="RKneePitch">-0.0885215288648</joint></state><state><joint name="LShoulderPitch">1.44159658359</joint><joint name="LHipPitch">0.12285861297</joint><joint name="LElbowYaw">-1.18856922061</joint><joint name="LAnklePitch">0.0994511297067</joint><joint name="LWristYaw">0.0509231225196</joint><joint name="RShoulderRoll">-0.217714116223</joint><joint name="RWristYaw">0.139450236438</joint><joint name="HeadYaw">0.0</joint><joint name="RHipPitch">0.12793019071</joint><joint name="HeadPitch">0.0</joint><joint name="RElbowYaw">1.18856922061</joint><joint name="RHand">0.331235</joint><joint name="LElbowRoll">-0.469324271849</joint><joint name="LShoulderRoll">0.229995998169</joint><joint name="LHand">0.299693</joint><joint name="LAnkleRoll">-0.129540082412</joint><joint name="LHipYawPitch">-0.170120034719</joint><joint name="RAnkleRoll">0.130506296686</joint><joint name="RAnklePitch">0.0914011475977</joint><joint name="LKneePitch">-0.0898759043644</joint><joint name="LHipRoll">0.0993252914676</joint><joint name="RHipRoll">-0.100831685145</joint><joint name="RShoulderPitch">1.41297492918</joint><joint name="RElbowRoll">0.429827470876</joint><joint name="RKneePitch">-0.0885215288648</joint></state><state><joint name="LShoulderPitch">1.44159658359</joint><joint name="LHipPitch">0.12285861297</joint><joint name="LElbowYaw">-1.19864849704</joint><joint name="LAnklePitch">0.0994511297067</joint><joint name="LWristYaw">0.0509231225196</joint><joint name="RShoulderRoll">-0.217714116223</joint><joint name="RWristYaw">0.139450236438</joint><joint name="HeadYaw">0.0</joint><joint name="RHipPitch">0.12793019071</joint><joint name="HeadPitch">-0.125677668778</joint><joint name="RElbowYaw">1.19190803547</joint><joint name="RHand">0.331235</joint><joint name="LElbowRoll">-0.469324271849</joint><joint name="LShoulderRoll">0.229995998169</joint><joint name="LHand">0.299693</joint><joint name="LAnkleRoll">-0.129540082412</joint><joint name="LHipYawPitch">-0.170120034719</joint><joint name="RAnkleRoll">0.130506296686</joint><joint name="RAnklePitch">0.0914011475977</joint><joint name="LKneePitch">-0.0898759043644</joint><joint name="LHipRoll">0.0993252914676</joint><joint name="RHipRoll">-0.100831685145</joint><joint name="RShoulderPitch">1.41297492918</joint><joint name="RElbowRoll">0.429827470876</joint><joint name="RKneePitch">-0.0885215288648</joint></state><state name="pivot"><joint name="LShoulderPitch">1.47182917689</joint><joint name="LHipPitch">0.12285861297</joint><joint name="LElbowYaw">-1.18984680162</joint><joint name="LAnklePitch">0.0994511297067</joint><joint name="LWristYaw">0.0975073565187</joint><joint name="RShoulderRoll">-0.191640642527</joint><joint name="RWristYaw">0.102770571411</joint><joint name="HeadYaw">0.000342192743805</joint><joint name="RHipPitch">0.12793019071</joint><joint name="HeadPitch">-0.169664678317</joint><joint name="RElbowYaw">1.18391791815</joint><joint name="RHand">0.300722</joint><joint name="LElbowRoll">-0.416334330429</joint><joint name="LShoulderRoll">0.178630958283</joint><joint name="LHand">0.299693</joint><joint name="LAnkleRoll">-0.129540082412</joint><joint name="LHipYawPitch">-0.170120034719</joint><joint name="RAnkleRoll">0.130506296686</joint><joint name="RAnklePitch">0.0914011475977</joint><joint name="LKneePitch">-0.0898759043644</joint><joint name="LHipRoll">0.0993252914676</joint><joint name="RHipRoll">-0.100831685145</joint><joint name="RShoulderPitch">1.46543603584</joint><joint name="RElbowRoll">0.413424866566</joint><joint name="RKneePitch">-0.0885215288648</joint></state></actuators><speed>adjusted_norm</speed></robot>