<robot name="nao"><emotion name="neutral" /><repeat>0</repeat><actuators><state><joint name="LShoulderRoll">0.291417625205</joint><joint name="LHipPitch">-0.473963357001</joint><joint name="LElbowYaw">-1.15821270893</joint><joint name="LAnklePitch">-0.12889797578</joint><joint name="LWristYaw">-1.22570808176</joint><joint name="RShoulderRoll">-0.196393174081</joint><joint name="RWristYaw">0.720937918134</joint><joint name="HeadYaw">-0.12889797578</joint><joint name="RHipPitch">-0.490922721342</joint><joint name="HeadPitch">-0.523136263347</joint><joint name="RElbowYaw">1.19801145186</joint><joint name="RHand">0.8</joint><joint name="LElbowRoll">-1.17193448751</joint><joint name="RKneePitch">0.53694181773</joint><joint name="LShoulderPitch">0.458623658205</joint><joint name="RHipYawPitch">-0.223922252372</joint><joint name="LHand">0.8</joint><joint name="LHipYawPitch">-0.223922252372</joint><joint name="LAnkleRoll">-0.0904640803223</joint><joint name="RAnklePitch">-0.0966001343735</joint><joint name="LKneePitch">0.582878883642</joint><joint name="LHipRoll">0.070606073159</joint><joint name="RAnkleRoll">0.108955843747</joint><joint name="RShoulderPitch">1.13520228807</joint><joint name="RElbowRoll">1.24718435821</joint><joint name="RHipRoll">-0.0674541830628</joint></state><state><joint name="LShoulderRoll">-0.094034674906</joint><joint name="LHipPitch">0.0644700191077</joint><joint name="LElbowYaw">-0.466390373376</joint><joint name="LAnklePitch">-0.331385665076</joint><joint name="LWristYaw">-1.15957232042</joint><joint name="RShoulderRoll">0.091566081212</joint><joint name="RWristYaw">0.0</joint><joint name="HeadYaw">-0.186771173914</joint><joint name="RHipPitch">0.0199000695983</joint><joint name="HeadPitch">-0.303463887703</joint><joint name="RElbowYaw">1.24396597107</joint><joint name="RHand">0.54</joint><joint name="LElbowRoll">-1.20510446994</joint><joint name="RKneePitch">-0.0904640803223</joint><joint name="LShoulderPitch">-0.0182517806527</joint><joint name="RHipYawPitch">-0.516915909892</joint><joint name="LHand">0.41</joint><joint name="LHipYawPitch">-0.516915909892</joint><joint name="LAnkleRoll">0.13043194566</joint><joint name="RAnklePitch">0.400415182322</joint><joint name="LKneePitch">0.638102846505</joint><joint name="LHipRoll">-0.182503843893</joint><joint name="RAnkleRoll">0.331385665076</joint><joint name="RShoulderPitch">1.16092669592</joint><joint name="RElbowRoll">1.36620534122</joint><joint name="RHipRoll">-0.449420537059</joint></state><state><joint name="LShoulderRoll">-0.094034674906</joint><joint name="LHipPitch">0.15344184292</joint><joint name="LElbowYaw">-0.2659044022</joint><joint name="LAnklePitch">-0.365133351493</joint><joint name="LWristYaw">-1.15957232042</joint><joint name="RShoulderRoll">0.091566081212</joint><joint name="RWristYaw">0.0</joint><joint name="HeadYaw">-0.186771173914</joint><joint name="RHipPitch">0.230057084693</joint><joint name="HeadPitch">-0.0301957668558</joint><joint name="RElbowYaw">1.24396597107</joint><joint name="RHand">0.66</joint><joint name="LElbowRoll">-1.20510446994</joint><joint name="RKneePitch">-0.0904640803223</joint><joint name="LShoulderPitch">0.268927312464</joint><joint name="RHipYawPitch">-0.472429212588</joint><joint name="LHand">0.2</joint><joint name="LHipYawPitch">-0.472429212588</joint><joint name="LAnkleRoll">0.0261198994536</joint><joint name="RAnklePitch">0.276161702214</joint><joint name="LKneePitch">0.63503455768</joint><joint name="LHipRoll">-0.0183660997187</joint><joint name="RAnkleRoll">0.342124675964</joint><joint name="RShoulderPitch">1.36032183631</joint><joint name="RElbowRoll">1.17460658659</joint><joint name="RHipRoll">-0.449420537059</joint></state><state><joint name="LShoulderRoll">-0.094034674906</joint><joint name="LHipPitch">0.0644700191077</joint><joint name="LElbowYaw">-0.466390373376</joint><joint name="LAnklePitch">-0.331385665076</joint><joint name="LWristYaw">-1.15957232042</joint><joint name="RShoulderRoll">0.091566081212</joint><joint name="RWristYaw">0.0</joint><joint name="HeadYaw">-0.186771173914</joint><joint name="RHipPitch">0.0199000695983</joint><joint name="HeadPitch">-0.303463887703</joint><joint name="RElbowYaw">1.24396597107</joint><joint name="RHand">0.54</joint><joint name="LElbowRoll">-1.20510446994</joint><joint name="RKneePitch">-0.0904640803223</joint><joint name="LShoulderPitch">-0.0182517806527</joint><joint name="RHipYawPitch">-0.516915909892</joint><joint name="LHand">0.41</joint><joint name="LHipYawPitch">-0.516915909892</joint><joint name="LAnkleRoll">0.13043194566</joint><joint name="RAnklePitch">0.400415182322</joint><joint name="LKneePitch">0.638102846505</joint><joint name="LHipRoll">-0.182503843893</joint><joint name="RAnkleRoll">0.331385665076</joint><joint name="RShoulderPitch">1.16092669592</joint><joint name="RElbowRoll">1.36620534122</joint><joint name="RHipRoll">-0.449420537059</joint></state><state><joint name="LShoulderRoll">-0.094034674906</joint><joint name="LHipPitch">0.15344184292</joint><joint name="LElbowYaw">-0.2659044022</joint><joint name="LAnklePitch">-0.365133351493</joint><joint name="LWristYaw">-1.15957232042</joint><joint name="RShoulderRoll">0.091566081212</joint><joint name="RWristYaw">0.0</joint><joint name="HeadYaw">-0.186771173914</joint><joint name="RHipPitch">0.230057084693</joint><joint name="HeadPitch">-0.0301957668558</joint><joint name="RElbowYaw">1.24396597107</joint><joint name="RHand">0.66</joint><joint name="LElbowRoll">-1.20510446994</joint><joint name="RKneePitch">-0.0904640803223</joint><joint name="LShoulderPitch">0.268927312464</joint><joint name="RHipYawPitch">-0.472429212588</joint><joint name="LHand">0.2</joint><joint name="LHipYawPitch">-0.472429212588</joint><joint name="LAnkleRoll">0.0261198994536</joint><joint name="RAnklePitch">0.276161702214</joint><joint name="LKneePitch">0.63503455768</joint><joint name="LHipRoll">-0.0183660997187</joint><joint name="RAnkleRoll">0.342124675964</joint><joint name="RShoulderPitch">1.36032183631</joint><joint name="RElbowRoll">1.17460658659</joint><joint name="RHipRoll">-0.449420537059</joint></state><state><joint name="LShoulderRoll">-0.094034674906</joint><joint name="LHipPitch">0.0644700191077</joint><joint name="LElbowYaw">-0.466390373376</joint><joint name="LAnklePitch">-0.331385665076</joint><joint name="LWristYaw">-1.15957232042</joint><joint name="RShoulderRoll">0.091566081212</joint><joint name="RWristYaw">0.0</joint><joint name="HeadYaw">-0.186771173914</joint><joint name="RHipPitch">0.0199000695983</joint><joint name="HeadPitch">-0.303463887703</joint><joint name="RElbowYaw">1.24396597107</joint><joint name="RHand">0.54</joint><joint name="LElbowRoll">-1.20510446994</joint><joint name="RKneePitch">-0.0904640803223</joint><joint name="LShoulderPitch">-0.0182517806527</joint><joint name="RHipYawPitch">-0.516915909892</joint><joint name="LHand">0.41</joint><joint name="LHipYawPitch">-0.516915909892</joint><joint name="LAnkleRoll">0.13043194566</joint><joint name="RAnklePitch">0.400415182322</joint><joint name="LKneePitch">0.638102846505</joint><joint name="LHipRoll">-0.182503843893</joint><joint name="RAnkleRoll">0.331385665076</joint><joint name="RShoulderPitch">1.16092669592</joint><joint name="RElbowRoll">1.36620534122</joint><joint name="RHipRoll">-0.449420537059</joint></state><state><joint name="LShoulderRoll">-0.094034674906</joint><joint name="LHipPitch">0.15344184292</joint><joint name="LElbowYaw">-0.2659044022</joint><joint name="LAnklePitch">-0.365133351493</joint><joint name="LWristYaw">-1.15957232042</joint><joint name="RShoulderRoll">0.091566081212</joint><joint name="RWristYaw">0.0</joint><joint name="HeadYaw">-0.186771173914</joint><joint name="RHipPitch">0.230057084693</joint><joint name="HeadPitch">-0.0301957668558</joint><joint name="RElbowYaw">1.24396597107</joint><joint name="RHand">0.66</joint><joint name="LElbowRoll">-1.20510446994</joint><joint name="RKneePitch">-0.0904640803223</joint><joint name="LShoulderPitch">0.268927312464</joint><joint name="RHipYawPitch">-0.472429212588</joint><joint name="LHand">0.2</joint><joint name="LHipYawPitch">-0.472429212588</joint><joint name="LAnkleRoll">0.0261198994536</joint><joint name="RAnklePitch">0.276161702214</joint><joint name="LKneePitch">0.63503455768</joint><joint name="LHipRoll">-0.0183660997187</joint><joint name="RAnkleRoll">0.342124675964</joint><joint name="RShoulderPitch">1.36032183631</joint><joint name="RElbowRoll">1.17460658659</joint><joint name="RHipRoll">-0.449420537059</joint></state><state><joint name="LShoulderRoll">-0.094034674906</joint><joint name="LHipPitch">0.0644700191077</joint><joint name="LElbowYaw">-0.466390373376</joint><joint name="LAnklePitch">-0.331385665076</joint><joint name="LWristYaw">-1.15957232042</joint><joint name="RShoulderRoll">0.091566081212</joint><joint name="RWristYaw">0.0</joint><joint name="HeadYaw">-0.186771173914</joint><joint name="RHipPitch">0.0199000695983</joint><joint name="HeadPitch">-0.303463887703</joint><joint name="RElbowYaw">1.24396597107</joint><joint name="RHand">0.54</joint><joint name="LElbowRoll">-1.20510446994</joint><joint name="RKneePitch">-0.0904640803223</joint><joint name="LShoulderPitch">-0.0182517806527</joint><joint name="RHipYawPitch">-0.516915909892</joint><joint name="LHand">0.41</joint><joint name="LHipYawPitch">-0.516915909892</joint><joint name="LAnkleRoll">0.13043194566</joint><joint name="RAnklePitch">0.400415182322</joint><joint name="LKneePitch">0.638102846505</joint><joint name="LHipRoll">-0.182503843893</joint><joint name="RAnkleRoll">0.331385665076</joint><joint name="RShoulderPitch">1.16092669592</joint><joint name="RElbowRoll">1.36620534122</joint><joint name="RHipRoll">-0.449420537059</joint></state><state><joint name="LShoulderRoll">-0.094034674906</joint><joint name="LHipPitch">0.15344184292</joint><joint name="LElbowYaw">-0.2659044022</joint><joint name="LAnklePitch">-0.365133351493</joint><joint name="LWristYaw">-1.15957232042</joint><joint name="RShoulderRoll">0.091566081212</joint><joint name="RWristYaw">0.0</joint><joint name="HeadYaw">-0.186771173914</joint><joint name="RHipPitch">0.230057084693</joint><joint name="HeadPitch">-0.0301957668558</joint><joint name="RElbowYaw">1.24396597107</joint><joint name="RHand">0.66</joint><joint name="LElbowRoll">-1.20510446994</joint><joint name="RKneePitch">-0.0904640803223</joint><joint name="LShoulderPitch">0.268927312464</joint><joint name="RHipYawPitch">-0.472429212588</joint><joint name="LHand">0.2</joint><joint name="LHipYawPitch">-0.472429212588</joint><joint name="LAnkleRoll">0.0261198994536</joint><joint name="RAnklePitch">0.276161702214</joint><joint name="LKneePitch">0.63503455768</joint><joint name="LHipRoll">-0.0183660997187</joint><joint name="RAnkleRoll">0.342124675964</joint><joint name="RShoulderPitch">1.36032183631</joint><joint name="RElbowRoll">1.17460658659</joint><joint name="RHipRoll">-0.449420537059</joint></state><state><joint name="LShoulderRoll">-0.094034674906</joint><joint name="LHipPitch">0.0644700191077</joint><joint name="LElbowYaw">-0.466390373376</joint><joint name="LAnklePitch">-0.331385665076</joint><joint name="LWristYaw">-1.15957232042</joint><joint name="RShoulderRoll">0.091566081212</joint><joint name="RWristYaw">0.0</joint><joint name="HeadYaw">-0.186771173914</joint><joint name="RHipPitch">0.0199000695983</joint><joint name="HeadPitch">-0.303463887703</joint><joint name="RElbowYaw">1.24396597107</joint><joint name="RHand">0.54</joint><joint name="LElbowRoll">-1.20510446994</joint><joint name="RKneePitch">-0.0904640803223</joint><joint name="LShoulderPitch">-0.0182517806527</joint><joint name="RHipYawPitch">-0.516915909892</joint><joint name="LHand">0.41</joint><joint name="LHipYawPitch">-0.516915909892</joint><joint name="LAnkleRoll">0.13043194566</joint><joint name="RAnklePitch">0.400415182322</joint><joint name="LKneePitch">0.638102846505</joint><joint name="LHipRoll">-0.182503843893</joint><joint name="RAnkleRoll">0.331385665076</joint><joint name="RShoulderPitch">1.16092669592</joint><joint name="RElbowRoll">1.36620534122</joint><joint name="RHipRoll">-0.449420537059</joint></state><state><joint name="LShoulderRoll">-0.094034674906</joint><joint name="LHipPitch">0.15344184292</joint><joint name="LElbowYaw">-0.2659044022</joint><joint name="LAnklePitch">-0.365133351493</joint><joint name="LWristYaw">-1.15957232042</joint><joint name="RShoulderRoll">0.091566081212</joint><joint name="RWristYaw">0.0</joint><joint name="HeadYaw">-0.186771173914</joint><joint name="RHipPitch">0.230057084693</joint><joint name="HeadPitch">-0.0301957668558</joint><joint name="RElbowYaw">1.24396597107</joint><joint name="RHand">0.66</joint><joint name="LElbowRoll">-1.20510446994</joint><joint name="RKneePitch">-0.0904640803223</joint><joint name="LShoulderPitch">0.268927312464</joint><joint name="RHipYawPitch">-0.472429212588</joint><joint name="LHand">0.2</joint><joint name="LHipYawPitch">-0.472429212588</joint><joint name="LAnkleRoll">0.0261198994536</joint><joint name="RAnklePitch">0.276161702214</joint><joint name="LKneePitch">0.63503455768</joint><joint name="LHipRoll">-0.0183660997187</joint><joint name="RAnkleRoll">0.342124675964</joint><joint name="RShoulderPitch">1.36032183631</joint><joint name="RElbowRoll">1.17460658659</joint><joint name="RHipRoll">-0.449420537059</joint></state><state><joint name="LShoulderRoll">-0.094034674906</joint><joint name="LHipPitch">0.0644700191077</joint><joint name="LElbowYaw">-0.466390373376</joint><joint name="LAnklePitch">-0.331385665076</joint><joint name="LWristYaw">-1.15957232042</joint><joint name="RShoulderRoll">0.091566081212</joint><joint name="RWristYaw">0.0</joint><joint name="HeadYaw">-0.186771173914</joint><joint name="RHipPitch">0.0199000695983</joint><joint name="HeadPitch">-0.303463887703</joint><joint name="RElbowYaw">1.24396597107</joint><joint name="RHand">0.54</joint><joint name="LElbowRoll">-1.20510446994</joint><joint name="RKneePitch">-0.0904640803223</joint><joint name="LShoulderPitch">-0.0182517806527</joint><joint name="RHipYawPitch">-0.516915909892</joint><joint name="LHand">0.41</joint><joint name="LHipYawPitch">-0.516915909892</joint><joint name="LAnkleRoll">0.13043194566</joint><joint name="RAnklePitch">0.400415182322</joint><joint name="LKneePitch">0.638102846505</joint><joint name="LHipRoll">-0.182503843893</joint><joint name="RAnkleRoll">0.331385665076</joint><joint name="RShoulderPitch">1.16092669592</joint><joint name="RElbowRoll">1.36620534122</joint><joint name="RHipRoll">-0.449420537059</joint></state><state><joint name="LShoulderRoll">-0.094034674906</joint><joint name="LHipPitch">0.15344184292</joint><joint name="LElbowYaw">-0.2659044022</joint><joint name="LAnklePitch">-0.365133351493</joint><joint name="LWristYaw">-1.15957232042</joint><joint name="RShoulderRoll">0.091566081212</joint><joint name="RWristYaw">0.0</joint><joint name="HeadYaw">-0.186771173914</joint><joint name="RHipPitch">0.230057084693</joint><joint name="HeadPitch">-0.0301957668558</joint><joint name="RElbowYaw">1.24396597107</joint><joint name="RHand">0.66</joint><joint name="LElbowRoll">-1.20510446994</joint><joint name="RKneePitch">-0.0904640803223</joint><joint name="LShoulderPitch">0.268927312464</joint><joint name="RHipYawPitch">-0.472429212588</joint><joint name="LHand">0.2</joint><joint name="LHipYawPitch">-0.472429212588</joint><joint name="LAnkleRoll">0.0261198994536</joint><joint name="RAnklePitch">0.276161702214</joint><joint name="LKneePitch">0.63503455768</joint><joint name="LHipRoll">-0.0183660997187</joint><joint name="RAnkleRoll">0.342124675964</joint><joint name="RShoulderPitch">1.36032183631</joint><joint name="RElbowRoll">1.17460658659</joint><joint name="RHipRoll">-0.449420537059</joint></state><state><joint name="LShoulderRoll">-0.094034674906</joint><joint name="LHipPitch">0.0644700191077</joint><joint name="LElbowYaw">-0.466390373376</joint><joint name="LAnklePitch">-0.331385665076</joint><joint name="LWristYaw">-1.15957232042</joint><joint name="RShoulderRoll">0.091566081212</joint><joint name="RWristYaw">0.0</joint><joint name="HeadYaw">-0.186771173914</joint><joint name="RHipPitch">0.0199000695983</joint><joint name="HeadPitch">-0.303463887703</joint><joint name="RElbowYaw">1.24396597107</joint><joint name="RHand">0.54</joint><joint name="LElbowRoll">-1.20510446994</joint><joint name="RKneePitch">-0.0904640803223</joint><joint name="LShoulderPitch">-0.0182517806527</joint><joint name="RHipYawPitch">-0.516915909892</joint><joint name="LHand">0.41</joint><joint name="LHipYawPitch">-0.516915909892</joint><joint name="LAnkleRoll">0.13043194566</joint><joint name="RAnklePitch">0.400415182322</joint><joint name="LKneePitch">0.638102846505</joint><joint name="LHipRoll">-0.182503843893</joint><joint name="RAnkleRoll">0.331385665076</joint><joint name="RShoulderPitch">1.16092669592</joint><joint name="RElbowRoll">1.36620534122</joint><joint name="RHipRoll">-0.449420537059</joint></state><state><joint name="LShoulderRoll">-0.094034674906</joint><joint name="LHipPitch">0.15344184292</joint><joint name="LElbowYaw">-0.2659044022</joint><joint name="LAnklePitch">-0.365133351493</joint><joint name="LWristYaw">-1.15957232042</joint><joint name="RShoulderRoll">0.091566081212</joint><joint name="RWristYaw">0.0</joint><joint name="HeadYaw">-0.186771173914</joint><joint name="RHipPitch">0.230057084693</joint><joint name="HeadPitch">-0.0301957668558</joint><joint name="RElbowYaw">1.24396597107</joint><joint name="RHand">0.66</joint><joint name="LElbowRoll">-1.20510446994</joint><joint name="RKneePitch">-0.0904640803223</joint><joint name="LShoulderPitch">0.268927312464</joint><joint name="RHipYawPitch">-0.472429212588</joint><joint name="LHand">0.2</joint><joint name="LHipYawPitch">-0.472429212588</joint><joint name="LAnkleRoll">0.0261198994536</joint><joint name="RAnklePitch">0.276161702214</joint><joint name="LKneePitch">0.63503455768</joint><joint name="LHipRoll">-0.0183660997187</joint><joint name="RAnkleRoll">0.342124675964</joint><joint name="RShoulderPitch">1.36032183631</joint><joint name="RElbowRoll">1.17460658659</joint><joint name="RHipRoll">-0.449420537059</joint></state><state><joint name="LShoulderRoll">-0.094034674906</joint><joint name="LHipPitch">-0.562936751609</joint><joint name="LElbowYaw">-0.466390373376</joint><joint name="LAnklePitch">-0.145771993522</joint><joint name="LWristYaw">-1.15957232042</joint><joint name="RShoulderRoll">0.091566081212</joint><joint name="RWristYaw">0.0</joint><joint name="HeadYaw">-0.186771173914</joint><joint name="RHipPitch">-0.521602118934</joint><joint name="HeadPitch">-0.303463887703</joint><joint name="RElbowYaw">1.24396597107</joint><joint name="RHand">0.54</joint><joint name="LElbowRoll">-1.20510446994</joint><joint name="RKneePitch">0.628981755834</joint><joint name="LShoulderPitch">-0.0182517806527</joint><joint name="RHipYawPitch">-0.239261951168</joint><joint name="LHand">0.41</joint><joint name="LHipYawPitch">-0.239261951168</joint><joint name="LAnkleRoll">-0.239261951168</joint><joint name="RAnklePitch">-0.141086133546</joint><joint name="LKneePitch">0.659577377621</joint><joint name="LHipRoll">0.256219570181</joint><joint name="RAnkleRoll">0.188724197347</joint><joint name="RShoulderPitch">1.16092669592</joint><joint name="RElbowRoll">1.36620534122</joint><joint name="RHipRoll">-0.139552163666</joint></state><state><joint name="LShoulderRoll">-0.094034674906</joint><joint name="LHipPitch">-0.562936751609</joint><joint name="LElbowYaw">-0.2659044022</joint><joint name="LAnklePitch">-0.145771993522</joint><joint name="LWristYaw">-1.15957232042</joint><joint name="RShoulderRoll">0.091566081212</joint><joint name="RWristYaw">0.0</joint><joint name="HeadYaw">-0.186771173914</joint><joint name="RHipPitch">-0.521602118934</joint><joint name="HeadPitch">-0.0301957668558</joint><joint name="RElbowYaw">1.24396597107</joint><joint name="RHand">0.66</joint><joint name="LElbowRoll">-1.20510446994</joint><joint name="RKneePitch">0.628981755834</joint><joint name="LShoulderPitch">0.268927312464</joint><joint name="RHipYawPitch">-0.239261951168</joint><joint name="LHand">0.2</joint><joint name="LHipYawPitch">-0.239261951168</joint><joint name="LAnkleRoll">-0.239261951168</joint><joint name="RAnklePitch">-0.141086133546</joint><joint name="LKneePitch">0.659577377621</joint><joint name="LHipRoll">0.256219570181</joint><joint name="RAnkleRoll">0.188724197347</joint><joint name="RShoulderPitch">1.36032183631</joint><joint name="RElbowRoll">1.17460658659</joint><joint name="RHipRoll">-0.139552163666</joint></state><state><joint name="LShoulderRoll">-0.094034674906</joint><joint name="LHipPitch">0.0199000695983</joint><joint name="LElbowYaw">-0.466390373376</joint><joint name="LAnklePitch">0.400415182322</joint><joint name="LWristYaw">-1.15957232042</joint><joint name="RShoulderRoll">0.091566081212</joint><joint name="RWristYaw">0.0</joint><joint name="HeadYaw">-0.186771173914</joint><joint name="RHipPitch">0.0644700191077</joint><joint name="HeadPitch">-0.303463887703</joint><joint name="RElbowYaw">1.24396597107</joint><joint name="RHand">0.54</joint><joint name="LElbowRoll">-1.20510446994</joint><joint name="RKneePitch">0.638102846505</joint><joint name="LShoulderPitch">-0.0182517806527</joint><joint name="RHipYawPitch">-0.516915909892</joint><joint name="LHand">0.41</joint><joint name="LHipYawPitch">-0.516915909892</joint><joint name="LAnkleRoll">-0.331385665076</joint><joint name="RAnklePitch">-0.331385665076</joint><joint name="LKneePitch">-0.0904640803223</joint><joint name="LHipRoll">0.449420537059</joint><joint name="RAnkleRoll">-0.13043194566</joint><joint name="RShoulderPitch">1.16092669592</joint><joint name="RElbowRoll">1.36620534122</joint><joint name="RHipRoll">0.182503843893</joint></state><state><joint name="LShoulderRoll">-0.094034674906</joint><joint name="LHipPitch">0.0199000695983</joint><joint name="LElbowYaw">-0.2659044022</joint><joint name="LAnklePitch">0.400415182322</joint><joint name="LWristYaw">-1.15957232042</joint><joint name="RShoulderRoll">0.091566081212</joint><joint name="RWristYaw">0.0</joint><joint name="HeadYaw">-0.186771173914</joint><joint name="RHipPitch">0.0644700191077</joint><joint name="HeadPitch">-0.0301957668558</joint><joint name="RElbowYaw">1.24396597107</joint><joint name="RHand">0.66</joint><joint name="LElbowRoll">-1.20510446994</joint><joint name="RKneePitch">0.638102846505</joint><joint name="LShoulderPitch">0.268927312464</joint><joint name="RHipYawPitch">-0.516915909892</joint><joint name="LHand">0.2</joint><joint name="LHipYawPitch">-0.516915909892</joint><joint name="LAnkleRoll">-0.331385665076</joint><joint name="RAnklePitch">-0.331385665076</joint><joint name="LKneePitch">-0.0904640803223</joint><joint name="LHipRoll">0.449420537059</joint><joint name="RAnkleRoll">-0.13043194566</joint><joint name="RShoulderPitch">1.36032183631</joint><joint name="RElbowRoll">1.17460658659</joint><joint name="RHipRoll">0.182503843893</joint></state><state><joint name="LShoulderRoll">-0.094034674906</joint><joint name="LHipPitch">0.230057084693</joint><joint name="LElbowYaw">-0.466390373376</joint><joint name="LAnklePitch">0.276161702214</joint><joint name="LWristYaw">-1.15957232042</joint><joint name="RShoulderRoll">0.091566081212</joint><joint name="RWristYaw">0.0</joint><joint name="HeadYaw">-0.186771173914</joint><joint name="RHipPitch">0.15344184292</joint><joint name="HeadPitch">-0.303463887703</joint><joint name="RElbowYaw">1.24396597107</joint><joint name="RHand">0.54</joint><joint name="LElbowRoll">-1.20510446994</joint><joint name="RKneePitch">0.63503455768</joint><joint name="LShoulderPitch">-0.0182517806527</joint><joint name="RHipYawPitch">-0.472429212588</joint><joint name="LHand">0.41</joint><joint name="LHipYawPitch">-0.472429212588</joint><joint name="LAnkleRoll">-0.342124675964</joint><joint name="RAnklePitch">-0.365133351493</joint><joint name="LKneePitch">-0.0904640803223</joint><joint name="LHipRoll">0.449420537059</joint><joint name="RAnkleRoll">-0.0261198994536</joint><joint name="RShoulderPitch">1.16092669592</joint><joint name="RElbowRoll">1.36620534122</joint><joint name="RHipRoll">0.0183660997187</joint></state><state><joint name="LShoulderRoll">-0.094034674906</joint><joint name="LHipPitch">0.0199000695983</joint><joint name="LElbowYaw">-0.2659044022</joint><joint name="LAnklePitch">0.400415182322</joint><joint name="LWristYaw">-1.15957232042</joint><joint name="RShoulderRoll">0.091566081212</joint><joint name="RWristYaw">0.0</joint><joint name="HeadYaw">-0.186771173914</joint><joint name="RHipPitch">0.0644700191077</joint><joint name="HeadPitch">-0.0301957668558</joint><joint name="RElbowYaw">1.24396597107</joint><joint name="RHand">0.66</joint><joint name="LElbowRoll">-1.20510446994</joint><joint name="RKneePitch">0.638102846505</joint><joint name="LShoulderPitch">0.268927312464</joint><joint name="RHipYawPitch">-0.516915909892</joint><joint name="LHand">0.2</joint><joint name="LHipYawPitch">-0.516915909892</joint><joint name="LAnkleRoll">-0.331385665076</joint><joint name="RAnklePitch">-0.331385665076</joint><joint name="LKneePitch">-0.0904640803223</joint><joint name="LHipRoll">0.449420537059</joint><joint name="RAnkleRoll">-0.13043194566</joint><joint name="RShoulderPitch">1.36032183631</joint><joint name="RElbowRoll">1.17460658659</joint><joint name="RHipRoll">0.182503843893</joint></state><state><joint name="LShoulderRoll">-0.094034674906</joint><joint name="LHipPitch">0.230057084693</joint><joint name="LElbowYaw">-0.466390373376</joint><joint name="LAnklePitch">0.276161702214</joint><joint name="LWristYaw">-1.15957232042</joint><joint name="RShoulderRoll">0.091566081212</joint><joint name="RWristYaw">0.0</joint><joint name="HeadYaw">-0.186771173914</joint><joint name="RHipPitch">0.15344184292</joint><joint name="HeadPitch">-0.303463887703</joint><joint name="RElbowYaw">1.24396597107</joint><joint name="RHand">0.54</joint><joint name="LElbowRoll">-1.20510446994</joint><joint name="RKneePitch">0.63503455768</joint><joint name="LShoulderPitch">-0.0182517806527</joint><joint name="RHipYawPitch">-0.472429212588</joint><joint name="LHand">0.41</joint><joint name="LHipYawPitch">-0.472429212588</joint><joint name="LAnkleRoll">-0.342124675964</joint><joint name="RAnklePitch">-0.365133351493</joint><joint name="LKneePitch">-0.0904640803223</joint><joint name="LHipRoll">0.449420537059</joint><joint name="RAnkleRoll">-0.0261198994536</joint><joint name="RShoulderPitch">1.16092669592</joint><joint name="RElbowRoll">1.36620534122</joint><joint name="RHipRoll">0.0183660997187</joint></state><state><joint name="LShoulderRoll">-0.094034674906</joint><joint name="LHipPitch">0.0199000695983</joint><joint name="LElbowYaw">-0.2659044022</joint><joint name="LAnklePitch">0.400415182322</joint><joint name="LWristYaw">-1.15957232042</joint><joint name="RShoulderRoll">0.091566081212</joint><joint name="RWristYaw">0.0</joint><joint name="HeadYaw">-0.186771173914</joint><joint name="RHipPitch">0.0644700191077</joint><joint name="HeadPitch">-0.0301957668558</joint><joint name="RElbowYaw">1.24396597107</joint><joint name="RHand">0.66</joint><joint name="LElbowRoll">-1.20510446994</joint><joint name="RKneePitch">0.638102846505</joint><joint name="LShoulderPitch">0.268927312464</joint><joint name="RHipYawPitch">-0.516915909892</joint><joint name="LHand">0.2</joint><joint name="LHipYawPitch">-0.516915909892</joint><joint name="LAnkleRoll">-0.331385665076</joint><joint name="RAnklePitch">-0.331385665076</joint><joint name="LKneePitch">-0.0904640803223</joint><joint name="LHipRoll">0.449420537059</joint><joint name="RAnkleRoll">-0.13043194566</joint><joint name="RShoulderPitch">1.36032183631</joint><joint name="RElbowRoll">1.17460658659</joint><joint name="RHipRoll">0.182503843893</joint></state><state><joint name="LShoulderRoll">-0.094034674906</joint><joint name="LHipPitch">0.230057084693</joint><joint name="LElbowYaw">-0.466390373376</joint><joint name="LAnklePitch">0.276161702214</joint><joint name="LWristYaw">-1.15957232042</joint><joint name="RShoulderRoll">0.091566081212</joint><joint name="RWristYaw">0.0</joint><joint name="HeadYaw">-0.186771173914</joint><joint name="RHipPitch">0.15344184292</joint><joint name="HeadPitch">-0.303463887703</joint><joint name="RElbowYaw">1.24396597107</joint><joint name="RHand">0.54</joint><joint name="LElbowRoll">-1.20510446994</joint><joint name="RKneePitch">0.63503455768</joint><joint name="LShoulderPitch">-0.0182517806527</joint><joint name="RHipYawPitch">-0.472429212588</joint><joint name="LHand">0.41</joint><joint name="LHipYawPitch">-0.472429212588</joint><joint name="LAnkleRoll">-0.342124675964</joint><joint name="RAnklePitch">-0.365133351493</joint><joint name="LKneePitch">-0.0904640803223</joint><joint name="LHipRoll">0.449420537059</joint><joint name="RAnkleRoll">-0.0261198994536</joint><joint name="RShoulderPitch">1.16092669592</joint><joint name="RElbowRoll">1.36620534122</joint><joint name="RHipRoll">0.0183660997187</joint></state><state><joint name="LShoulderRoll">-0.094034674906</joint><joint name="LHipPitch">0.0199000695983</joint><joint name="LElbowYaw">-0.2659044022</joint><joint name="LAnklePitch">0.400415182322</joint><joint name="LWristYaw">-1.15957232042</joint><joint name="RShoulderRoll">0.091566081212</joint><joint name="RWristYaw">0.0</joint><joint name="HeadYaw">-0.186771173914</joint><joint name="RHipPitch">0.0644700191077</joint><joint name="HeadPitch">-0.0301957668558</joint><joint name="RElbowYaw">1.24396597107</joint><joint name="RHand">0.66</joint><joint name="LElbowRoll">-1.20510446994</joint><joint name="RKneePitch">0.638102846505</joint><joint name="LShoulderPitch">0.268927312464</joint><joint name="RHipYawPitch">-0.516915909892</joint><joint name="LHand">0.2</joint><joint name="LHipYawPitch">-0.516915909892</joint><joint name="LAnkleRoll">-0.331385665076</joint><joint name="RAnklePitch">-0.331385665076</joint><joint name="LKneePitch">-0.0904640803223</joint><joint name="LHipRoll">0.449420537059</joint><joint name="RAnkleRoll">-0.13043194566</joint><joint name="RShoulderPitch">1.36032183631</joint><joint name="RElbowRoll">1.17460658659</joint><joint name="RHipRoll">0.182503843893</joint></state><state><joint name="LShoulderRoll">-0.094034674906</joint><joint name="LHipPitch">0.230057084693</joint><joint name="LElbowYaw">-0.466390373376</joint><joint name="LAnklePitch">0.276161702214</joint><joint name="LWristYaw">-1.15957232042</joint><joint name="RShoulderRoll">0.091566081212</joint><joint name="RWristYaw">0.0</joint><joint name="HeadYaw">-0.186771173914</joint><joint name="RHipPitch">0.15344184292</joint><joint name="HeadPitch">-0.303463887703</joint><joint name="RElbowYaw">1.24396597107</joint><joint name="RHand">0.54</joint><joint name="LElbowRoll">-1.20510446994</joint><joint name="RKneePitch">0.63503455768</joint><joint name="LShoulderPitch">-0.0182517806527</joint><joint name="RHipYawPitch">-0.472429212588</joint><joint name="LHand">0.41</joint><joint name="LHipYawPitch">-0.472429212588</joint><joint name="LAnkleRoll">-0.342124675964</joint><joint name="RAnklePitch">-0.365133351493</joint><joint name="LKneePitch">-0.0904640803223</joint><joint name="LHipRoll">0.449420537059</joint><joint name="RAnkleRoll">-0.0261198994536</joint><joint name="RShoulderPitch">1.16092669592</joint><joint name="RElbowRoll">1.36620534122</joint><joint name="RHipRoll">0.0183660997187</joint></state><state><joint name="LShoulderRoll">-0.094034674906</joint><joint name="LHipPitch">0.0199000695983</joint><joint name="LElbowYaw">-0.2659044022</joint><joint name="LAnklePitch">0.400415182322</joint><joint name="LWristYaw">-1.15957232042</joint><joint name="RShoulderRoll">0.091566081212</joint><joint name="RWristYaw">0.0</joint><joint name="HeadYaw">-0.186771173914</joint><joint name="RHipPitch">0.0644700191077</joint><joint name="HeadPitch">-0.0301957668558</joint><joint name="RElbowYaw">1.24396597107</joint><joint name="RHand">0.66</joint><joint name="LElbowRoll">-1.20510446994</joint><joint name="RKneePitch">0.638102846505</joint><joint name="LShoulderPitch">0.268927312464</joint><joint name="RHipYawPitch">-0.516915909892</joint><joint name="LHand">0.2</joint><joint name="LHipYawPitch">-0.516915909892</joint><joint name="LAnkleRoll">-0.331385665076</joint><joint name="RAnklePitch">-0.331385665076</joint><joint name="LKneePitch">-0.0904640803223</joint><joint name="LHipRoll">0.449420537059</joint><joint name="RAnkleRoll">-0.13043194566</joint><joint name="RShoulderPitch">1.36032183631</joint><joint name="RElbowRoll">1.17460658659</joint><joint name="RHipRoll">0.182503843893</joint></state><state><joint name="LShoulderRoll">-0.094034674906</joint><joint name="LHipPitch">0.230057084693</joint><joint name="LElbowYaw">-0.466390373376</joint><joint name="LAnklePitch">0.276161702214</joint><joint name="LWristYaw">-1.15957232042</joint><joint name="RShoulderRoll">0.091566081212</joint><joint name="RWristYaw">0.0</joint><joint name="HeadYaw">-0.186771173914</joint><joint name="RHipPitch">0.15344184292</joint><joint name="HeadPitch">-0.303463887703</joint><joint name="RElbowYaw">1.24396597107</joint><joint name="RHand">0.54</joint><joint name="LElbowRoll">-1.20510446994</joint><joint name="RKneePitch">0.63503455768</joint><joint name="LShoulderPitch">-0.0182517806527</joint><joint name="RHipYawPitch">-0.472429212588</joint><joint name="LHand">0.41</joint><joint name="LHipYawPitch">-0.472429212588</joint><joint name="LAnkleRoll">-0.342124675964</joint><joint name="RAnklePitch">-0.365133351493</joint><joint name="LKneePitch">-0.0904640803223</joint><joint name="LHipRoll">0.449420537059</joint><joint name="RAnkleRoll">-0.0261198994536</joint><joint name="RShoulderPitch">1.16092669592</joint><joint name="RElbowRoll">1.36620534122</joint><joint name="RHipRoll">0.0183660997187</joint></state><state><joint name="LShoulderRoll">-0.094034674906</joint><joint name="LHipPitch">0.0199000695983</joint><joint name="LElbowYaw">-0.2659044022</joint><joint name="LAnklePitch">0.400415182322</joint><joint name="LWristYaw">-1.15957232042</joint><joint name="RShoulderRoll">0.091566081212</joint><joint name="RWristYaw">0.0</joint><joint name="HeadYaw">-0.186771173914</joint><joint name="RHipPitch">0.0644700191077</joint><joint name="HeadPitch">-0.0301957668558</joint><joint name="RElbowYaw">1.24396597107</joint><joint name="RHand">0.66</joint><joint name="LElbowRoll">-1.20510446994</joint><joint name="RKneePitch">0.638102846505</joint><joint name="LShoulderPitch">0.268927312464</joint><joint name="RHipYawPitch">-0.516915909892</joint><joint name="LHand">0.2</joint><joint name="LHipYawPitch">-0.516915909892</joint><joint name="LAnkleRoll">-0.331385665076</joint><joint name="RAnklePitch">-0.331385665076</joint><joint name="LKneePitch">-0.0904640803223</joint><joint name="LHipRoll">0.449420537059</joint><joint name="RAnkleRoll">-0.13043194566</joint><joint name="RShoulderPitch">1.36032183631</joint><joint name="RElbowRoll">1.17460658659</joint><joint name="RHipRoll">0.182503843893</joint></state><state><joint name="LShoulderRoll">-0.094034674906</joint><joint name="LHipPitch">0.230057084693</joint><joint name="LElbowYaw">-0.466390373376</joint><joint name="LAnklePitch">0.276161702214</joint><joint name="LWristYaw">-1.15957232042</joint><joint name="RShoulderRoll">0.091566081212</joint><joint name="RWristYaw">0.0</joint><joint name="HeadYaw">-0.186771173914</joint><joint name="RHipPitch">0.15344184292</joint><joint name="HeadPitch">-0.303463887703</joint><joint name="RElbowYaw">1.24396597107</joint><joint name="RHand">0.54</joint><joint name="LElbowRoll">-1.20510446994</joint><joint name="RKneePitch">0.63503455768</joint><joint name="LShoulderPitch">-0.0182517806527</joint><joint name="RHipYawPitch">-0.472429212588</joint><joint name="LHand">0.41</joint><joint name="LHipYawPitch">-0.472429212588</joint><joint name="LAnkleRoll">-0.342124675964</joint><joint name="RAnklePitch">-0.365133351493</joint><joint name="LKneePitch">-0.0904640803223</joint><joint name="LHipRoll">0.449420537059</joint><joint name="RAnkleRoll">-0.0261198994536</joint><joint name="RShoulderPitch">1.16092669592</joint><joint name="RElbowRoll">1.36620534122</joint><joint name="RHipRoll">0.0183660997187</joint></state><state><joint name="LShoulderRoll">-0.094034674906</joint><joint name="LHipPitch">0.0199000695983</joint><joint name="LElbowYaw">-0.2659044022</joint><joint name="LAnklePitch">0.400415182322</joint><joint name="LWristYaw">-1.15957232042</joint><joint name="RShoulderRoll">0.091566081212</joint><joint name="RWristYaw">0.0</joint><joint name="HeadYaw">-0.186771173914</joint><joint name="RHipPitch">0.0644700191077</joint><joint name="HeadPitch">-0.0301957668558</joint><joint name="RElbowYaw">1.24396597107</joint><joint name="RHand">0.66</joint><joint name="LElbowRoll">-1.20510446994</joint><joint name="RKneePitch">0.638102846505</joint><joint name="LShoulderPitch">0.268927312464</joint><joint name="RHipYawPitch">-0.516915909892</joint><joint name="LHand">0.2</joint><joint name="LHipYawPitch">-0.516915909892</joint><joint name="LAnkleRoll">-0.331385665076</joint><joint name="RAnklePitch">-0.331385665076</joint><joint name="LKneePitch">-0.0904640803223</joint><joint name="LHipRoll">0.449420537059</joint><joint name="RAnkleRoll">-0.13043194566</joint><joint name="RShoulderPitch">1.36032183631</joint><joint name="RElbowRoll">1.17460658659</joint><joint name="RHipRoll">0.182503843893</joint></state><state><joint name="LShoulderRoll">-0.094034674906</joint><joint name="LHipPitch">0.230057084693</joint><joint name="LElbowYaw">-0.466390373376</joint><joint name="LAnklePitch">0.276161702214</joint><joint name="LWristYaw">-1.15957232042</joint><joint name="RShoulderRoll">0.091566081212</joint><joint name="RWristYaw">0.0</joint><joint name="HeadYaw">-0.186771173914</joint><joint name="RHipPitch">0.15344184292</joint><joint name="HeadPitch">-0.303463887703</joint><joint name="RElbowYaw">1.24396597107</joint><joint name="RHand">0.54</joint><joint name="LElbowRoll">-1.20510446994</joint><joint name="RKneePitch">0.63503455768</joint><joint name="LShoulderPitch">-0.0182517806527</joint><joint name="RHipYawPitch">-0.472429212588</joint><joint name="LHand">0.41</joint><joint name="LHipYawPitch">-0.472429212588</joint><joint name="LAnkleRoll">-0.342124675964</joint><joint name="RAnklePitch">-0.365133351493</joint><joint name="LKneePitch">-0.0904640803223</joint><joint name="LHipRoll">0.449420537059</joint><joint name="RAnkleRoll">-0.0261198994536</joint><joint name="RShoulderPitch">1.16092669592</joint><joint name="RElbowRoll">1.36620534122</joint><joint name="RHipRoll">0.0183660997187</joint></state><state><joint name="LShoulderRoll">-0.094034674906</joint><joint name="LHipPitch">0.0199000695983</joint><joint name="LElbowYaw">-0.2659044022</joint><joint name="LAnklePitch">0.400415182322</joint><joint name="LWristYaw">-1.15957232042</joint><joint name="RShoulderRoll">0.091566081212</joint><joint name="RWristYaw">0.0</joint><joint name="HeadYaw">-0.186771173914</joint><joint name="RHipPitch">0.0644700191077</joint><joint name="HeadPitch">-0.0301957668558</joint><joint name="RElbowYaw">1.24396597107</joint><joint name="RHand">0.66</joint><joint name="LElbowRoll">-1.20510446994</joint><joint name="RKneePitch">0.638102846505</joint><joint name="LShoulderPitch">0.268927312464</joint><joint name="RHipYawPitch">-0.516915909892</joint><joint name="LHand">0.2</joint><joint name="LHipYawPitch">-0.516915909892</joint><joint name="LAnkleRoll">-0.331385665076</joint><joint name="RAnklePitch">-0.331385665076</joint><joint name="LKneePitch">-0.0904640803223</joint><joint name="LHipRoll">0.449420537059</joint><joint name="RAnkleRoll">-0.13043194566</joint><joint name="RShoulderPitch">1.36032183631</joint><joint name="RElbowRoll">1.17460658659</joint><joint name="RHipRoll">0.182503843893</joint></state><state><joint name="LShoulderRoll">0.0996680741327</joint><joint name="LHipPitch">-0.473963357001</joint><joint name="LElbowYaw">-1.15974685334</joint><joint name="LAnklePitch">-0.12889797578</joint><joint name="LWristYaw">0.0613179544786</joint><joint name="RShoulderRoll">-0.115092072331</joint><joint name="RWristYaw">0.0889301104427</joint><joint name="HeadYaw">-0.0123138389249</joint><joint name="RHipPitch">-0.490922721342</joint><joint name="HeadPitch">-0.19025834176</joint><joint name="RElbowYaw">1.2026138851</joint><joint name="RHand">0.3096</joint><joint name="LElbowRoll">-0.437147381759</joint><joint name="RKneePitch">0.53694181773</joint><joint name="LShoulderPitch">1.44191772417</joint><joint name="RHipYawPitch">-0.223922252372</joint><joint name="LHand">0.3136</joint><joint name="LHipYawPitch">-0.223922252372</joint><joint name="LAnkleRoll">-0.0904640803223</joint><joint name="RAnklePitch">-0.0966001343735</joint><joint name="LKneePitch">0.582878883642</joint><joint name="LHipRoll">0.070606073159</joint><joint name="RAnkleRoll">0.108955843747</joint><joint name="RShoulderPitch">1.47421678731</joint><joint name="RElbowRoll">0.444901879626</joint><joint name="RHipRoll">-0.0674541830628</joint></state><state name="pivot"><joint name="LShoulderRoll">0.0996680741327</joint><joint name="LHipPitch">0.139636114003</joint><joint name="LElbowYaw">-1.15974685334</joint><joint name="LAnklePitch">0.0996680741327</joint><joint name="LWristYaw">0.0613179544786</joint><joint name="RShoulderRoll">-0.115092072331</joint><joint name="RWristYaw">0.0889301104427</joint><joint name="HeadYaw">-0.0123138389249</joint><joint name="RHipPitch">0.134950079495</joint><joint name="HeadPitch">-0.19025834176</joint><joint name="RElbowYaw">1.2026138851</joint><joint name="RHand">0.3096</joint><joint name="LElbowRoll">-0.437147381759</joint><joint name="RKneePitch">-0.0919980502019</joint><joint name="LShoulderPitch">1.44191772417</joint><joint name="RHipYawPitch">-0.168698114977</joint><joint name="LHand">0.3136</joint><joint name="LHipYawPitch">-0.168698114977</joint><joint name="LAnkleRoll">-0.128814025443</joint><joint name="RAnklePitch">0.104353934108</joint><joint name="LKneePitch">-0.0874800909002</joint><joint name="LHipRoll">0.116626042211</joint><joint name="RAnkleRoll">0.122761921729</joint><joint name="RShoulderPitch">1.47421678731</joint><joint name="RElbowRoll">0.444901879626</joint><joint name="RHipRoll">-0.101202044012</joint></state></actuators><speed>adjusted_norm</speed></robot>