<robot name="nao"><emotion name="neutral" /><repeat>0</repeat><actuators><state><joint name="LShoulderRoll">0.0122299234945</joint><joint name="LHipPitch">0.395814494414</joint><joint name="LElbowYaw">-1.22724222617</joint><joint name="LAnklePitch">-0.0368580376765</joint><joint name="LWristYaw">-0.737895537146</joint><joint name="RShoulderRoll">-0.0920820005389</joint><joint name="RWristYaw">0.791501579792</joint><joint name="HeadYaw">0.0321720031679</joint><joint name="RHipPitch">0.398797262105</joint><joint name="HeadPitch">0.0904640803223</joint><joint name="RElbowYaw">1.24249814917</joint><joint name="RHand">0.1084</joint><joint name="LElbowRoll">-1.33760637609</joint><joint name="RKneePitch">-0.0843278517381</joint><joint name="LShoulderPitch">1.37135406251</joint><joint name="RHipYawPitch">-0.141086133546</joint><joint name="LHand">0.1012</joint><joint name="LHipYawPitch">-0.141086133546</joint><joint name="LAnkleRoll">-0.0889301104427</joint><joint name="RAnklePitch">-0.0260359491166</joint><joint name="LKneePitch">-0.0859461210206</joint><joint name="LHipRoll">0.081343862316</joint><joint name="RAnkleRoll">0.162646011263</joint><joint name="RShoulderPitch">1.40978795797</joint><joint name="RElbowRoll">1.43586666765</joint><joint name="RHipRoll">-0.185572132718</joint></state><state><joint name="LShoulderRoll">0.0122299234945</joint><joint name="LHipPitch">0.395814494414</joint><joint name="LElbowYaw">-1.22724222617</joint><joint name="LAnklePitch">-0.0368580376765</joint><joint name="LWristYaw">-0.737895537146</joint><joint name="RShoulderRoll">-0.0920820005389</joint><joint name="RWristYaw">0.791501579792</joint><joint name="HeadYaw">0.0321720031679</joint><joint name="RHipPitch">0.398797262105</joint><joint name="HeadPitch">0.0904640803223</joint><joint name="RElbowYaw">1.24249814917</joint><joint name="RHand">0.1084</joint><joint name="LElbowRoll">-1.33760637609</joint><joint name="RKneePitch">-0.0843278517381</joint><joint name="LShoulderPitch">1.37135406251</joint><joint name="RHipYawPitch">-0.141086133546</joint><joint name="LHand">0.1012</joint><joint name="LHipYawPitch">-0.141086133546</joint><joint name="LAnkleRoll">-0.0889301104427</joint><joint name="RAnklePitch">-0.0260359491166</joint><joint name="LKneePitch">-0.0859461210206</joint><joint name="LHipRoll">0.081343862316</joint><joint name="RAnkleRoll">0.162646011263</joint><joint name="RShoulderPitch">1.40978795797</joint><joint name="RElbowRoll">1.43586666765</joint><joint name="RHipRoll">-0.185572132718</joint></state><state><joint name="LShoulderRoll">0.0705221228219</joint><joint name="LHipPitch">0.306841099805</joint><joint name="LElbowYaw">-1.62148068827</joint><joint name="LAnklePitch">-4.19617294752e-05</joint><joint name="LWristYaw">-0.701079561904</joint><joint name="RShoulderRoll">-0.0890140607797</joint><joint name="RWristYaw">0.8682018191</joint><joint name="HeadYaw">0.0321720031679</joint><joint name="RHipPitch">0.29448591403</joint><joint name="HeadPitch">0.169296937443</joint><joint name="RElbowYaw">1.54623081757</joint><joint name="RHand">0.8564</joint><joint name="LElbowRoll">-0.897348817608</joint><joint name="RKneePitch">-0.0843278517381</joint><joint name="LShoulderPitch">1.47566541059</joint><joint name="RHipYawPitch">-0.147222013064</joint><joint name="LHand">0.8596</joint><joint name="LHipYawPitch">-0.147222013064</joint><joint name="LAnkleRoll">-0.095065989961</joint><joint name="RAnklePitch">0.0245859295741</joint><joint name="LKneePitch">-0.0859461210206</joint><joint name="LHipRoll">0.0798098924364</joint><joint name="RAnkleRoll">0.147305963401</joint><joint name="RShoulderPitch">1.51256690696</joint><joint name="RElbowRoll">0.941917545387</joint><joint name="RHipRoll">-0.157959976754</joint></state><state><joint name="LShoulderRoll">0.0398422016316</joint><joint name="LHipPitch">0.32218254393</joint><joint name="LElbowYaw">-1.51563345046</joint><joint name="LAnklePitch">-0.00157594679342</joint><joint name="LWristYaw">-0.730226560413</joint><joint name="RShoulderRoll">-0.0844118020752</joint><joint name="RWristYaw">0.894280528783</joint><joint name="HeadYaw">0.0321720031679</joint><joint name="RHipPitch">0.319030479301</joint><joint name="HeadPitch">-0.169296937443</joint><joint name="RElbowYaw">1.47106472268</joint><joint name="RHand">0.6984</joint><joint name="LElbowRoll">-0.98171803365</joint><joint name="RKneePitch">-0.0843278517381</joint><joint name="LShoulderPitch">1.48487027706</joint><joint name="RHipYawPitch">-0.148755982944</joint><joint name="LHand">0.6988</joint><joint name="LHipYawPitch">-0.148755982944</joint><joint name="LAnkleRoll">-0.0904640803223</joint><joint name="RAnklePitch">0.00924586425915</joint><joint name="LKneePitch">-0.0859461210206</joint><joint name="LHipRoll">0.0782759225568</joint><joint name="RAnkleRoll">0.147305963401</joint><joint name="RShoulderPitch">1.51870173928</joint><joint name="RElbowRoll">1.02782265117</joint><joint name="RHipRoll">-0.164096030805</joint></state><state name="pivot"><joint name="LShoulderRoll">0.0444441112703</joint><joint name="LHipPitch">0.32218254393</joint><joint name="LElbowYaw">-1.49722546284</joint><joint name="LAnklePitch">-0.00157594679342</joint><joint name="LWristYaw">-0.724089982763</joint><joint name="RShoulderRoll">-0.0782759225568</joint><joint name="RWristYaw">0.891212239958</joint><joint name="HeadYaw">0.0321720031679</joint><joint name="RHipPitch">0.319030479301</joint><joint name="HeadPitch">-0.0276538693332</joint><joint name="RElbowYaw">1.4618598562</joint><joint name="RHand">0.5428</joint><joint name="LElbowRoll">-1.05995241737</joint><joint name="RKneePitch">-0.0843278517381</joint><joint name="LShoulderPitch">1.477199555</joint><joint name="RHipYawPitch">-0.148755982944</joint><joint name="LHand">0.5484</joint><joint name="LHipYawPitch">-0.148755982944</joint><joint name="LAnkleRoll">-0.0904640803223</joint><joint name="RAnklePitch">0.00924586425915</joint><joint name="LKneePitch">-0.0859461210206</joint><joint name="LHipRoll">0.0782759225568</joint><joint name="RAnkleRoll">0.147305963401</joint><joint name="RShoulderPitch">1.51563345046</joint><joint name="RElbowRoll">1.12139673369</joint><joint name="RHipRoll">-0.164096030805</joint></state></actuators><speed>neutral_norm</speed></robot>