<robot name="nao"><emotion name="neutral" /><repeat>0</repeat><actuators><state><joint name="LShoulderRoll">0.0781919722198</joint><joint name="LHipPitch">0.270025124564</joint><joint name="LElbowYaw">-0.698011273079</joint><joint name="LAnklePitch">0.0398422016316</joint><joint name="LWristYaw">-0.0322559535049</joint><joint name="RShoulderRoll">-0.0936159704185</joint><joint name="RWristYaw">0.118076061753</joint><joint name="HeadYaw">0.217869450526</joint><joint name="RHipPitch">0.184037988306</joint><joint name="HeadPitch">-0.208666329381</joint><joint name="RElbowYaw">0.990921154795</joint><joint name="RHand">0.5472</joint><joint name="LElbowRoll">-0.516915909892</joint><joint name="RKneePitch">-0.0551819004274</joint><joint name="LShoulderPitch">1.34374295374</joint><joint name="RHipYawPitch">-0.246932673231</joint><joint name="LHand">0.5404</joint><joint name="LHipYawPitch">-0.246932673231</joint><joint name="LAnkleRoll">-0.0199000695983</joint><joint name="RAnklePitch">0.110489813627</joint><joint name="LKneePitch">-0.081343862316</joint><joint name="LHipRoll">-0.0045599868301</joint><joint name="RAnkleRoll">0.101285994349</joint><joint name="RShoulderPitch">1.42359351235</joint><joint name="RElbowRoll">0.61517620145</joint><joint name="RHipRoll">-0.095065989961</joint></state><state><joint name="LShoulderRoll">0.0475120510295</joint><joint name="LHipPitch">0.270025124564</joint><joint name="LElbowYaw">-1.13980472131</joint><joint name="LAnklePitch">0.0398422016316</joint><joint name="LWristYaw">-1.41439039121</joint><joint name="RShoulderRoll">0.0904640803223</joint><joint name="RWristYaw">1.23789571593</joint><joint name="HeadYaw">-0.423341827376</joint><joint name="RHipPitch">0.184037988306</joint><joint name="HeadPitch">0.244346095279</joint><joint name="RElbowYaw">1.02927127445</joint><joint name="RHand">0.24</joint><joint name="LElbowRoll">-1.52782282995</joint><joint name="RKneePitch">-0.0551819004274</joint><joint name="LShoulderPitch">1.34834364165</joint><joint name="RHipYawPitch">-0.246932673231</joint><joint name="LHand">0.24</joint><joint name="LHipYawPitch">-0.246932673231</joint><joint name="LAnkleRoll">-0.0199000695983</joint><joint name="RAnklePitch">0.110489813627</joint><joint name="LKneePitch">-0.081343862316</joint><joint name="LHipRoll">-0.0045599868301</joint><joint name="RAnkleRoll">0.101285994349</joint><joint name="RShoulderPitch">1.14593955363</joint><joint name="RElbowRoll">1.36530300599</joint><joint name="RHipRoll">-0.095065989961</joint></state><state><joint name="LShoulderRoll">0.0628520988911</joint><joint name="LHipPitch">0.270025124564</joint><joint name="LElbowYaw">-1.36683540508</joint><joint name="LAnklePitch">0.0398422016316</joint><joint name="LWristYaw">-1.18275552887</joint><joint name="RShoulderRoll">0.0659200386503</joint><joint name="RWristYaw">1.52935522904</joint><joint name="HeadYaw">-0.423341827376</joint><joint name="RHipPitch">0.184037988306</joint><joint name="HeadPitch">-0.161112041383</joint><joint name="RElbowYaw">1.66588186444</joint><joint name="RHand">0.94</joint><joint name="LElbowRoll">-1.15966133221</joint><joint name="RKneePitch">-0.0551819004274</joint><joint name="LShoulderPitch">1.69042642971</joint><joint name="RHipYawPitch">-0.246932673231</joint><joint name="LHand">0.94</joint><joint name="LHipYawPitch">-0.246932673231</joint><joint name="LAnkleRoll">-0.0199000695983</joint><joint name="RAnklePitch">0.110489813627</joint><joint name="LKneePitch">-0.081343862316</joint><joint name="LHipRoll">-0.0045599868301</joint><joint name="RAnkleRoll">0.101285994349</joint><joint name="RShoulderPitch">1.23951363614</joint><joint name="RElbowRoll">0.859082473758</joint><joint name="RHipRoll">-0.095065989961</joint></state><state><joint name="LShoulderRoll">0.0628520988911</joint><joint name="LHipPitch">0.270025124564</joint><joint name="LElbowYaw">-1.36683540508</joint><joint name="LAnklePitch">0.0398422016316</joint><joint name="LWristYaw">-1.18275552887</joint><joint name="RShoulderRoll">0.0659200386503</joint><joint name="RWristYaw">1.52935522904</joint><joint name="HeadYaw">-0.423341827376</joint><joint name="RHipPitch">0.184037988306</joint><joint name="HeadPitch">0.0191986217719</joint><joint name="RElbowYaw">1.66588186444</joint><joint name="RHand">0.94</joint><joint name="LElbowRoll">-1.15966133221</joint><joint name="RKneePitch">-0.0551819004274</joint><joint name="LShoulderPitch">1.69042642971</joint><joint name="RHipYawPitch">-0.246932673231</joint><joint name="LHand">0.94</joint><joint name="LHipYawPitch">-0.246932673231</joint><joint name="LAnkleRoll">-0.0199000695983</joint><joint name="RAnklePitch">0.110489813627</joint><joint name="LKneePitch">-0.081343862316</joint><joint name="LHipRoll">-0.0045599868301</joint><joint name="RAnkleRoll">0.101285994349</joint><joint name="RShoulderPitch">1.23951363614</joint><joint name="RElbowRoll">0.859082473758</joint><joint name="RHipRoll">-0.095065989961</joint></state><state><joint name="LShoulderRoll">0.0628520988911</joint><joint name="LHipPitch">0.270025124564</joint><joint name="LElbowYaw">-1.36683540508</joint><joint name="LAnklePitch">0.0398422016316</joint><joint name="LWristYaw">-1.18275552887</joint><joint name="RShoulderRoll">0.0659200386503</joint><joint name="RWristYaw">1.52935522904</joint><joint name="HeadYaw">-0.423341827376</joint><joint name="RHipPitch">0.184037988306</joint><joint name="HeadPitch">-0.181514242207</joint><joint name="RElbowYaw">1.66588186444</joint><joint name="RHand">0.94</joint><joint name="LElbowRoll">-1.15966133221</joint><joint name="RKneePitch">-0.0551819004274</joint><joint name="LShoulderPitch">1.69042642971</joint><joint name="RHipYawPitch">-0.246932673231</joint><joint name="LHand">0.94</joint><joint name="LHipYawPitch">-0.246932673231</joint><joint name="LAnkleRoll">-0.0199000695983</joint><joint name="RAnklePitch">0.110489813627</joint><joint name="LKneePitch">-0.081343862316</joint><joint name="LHipRoll">-0.0045599868301</joint><joint name="RAnkleRoll">0.101285994349</joint><joint name="RShoulderPitch">1.23951363614</joint><joint name="RElbowRoll">0.859082473758</joint><joint name="RHipRoll">-0.095065989961</joint></state><state><joint name="LShoulderRoll">0.12217304764</joint><joint name="LHipPitch">0.276161702214</joint><joint name="LElbowYaw">-0.860616618171</joint><joint name="LAnklePitch">0.0429101413908</joint><joint name="LWristYaw">0.0291040634087</joint><joint name="RShoulderRoll">-0.12217304764</joint><joint name="RWristYaw">0.283748648472</joint><joint name="HeadYaw">0.202529751731</joint><joint name="RHipPitch">0.213184986814</joint><joint name="HeadPitch">-0.275762021815</joint><joint name="RElbowYaw">0.702529930513</joint><joint name="RHand">0.79</joint><joint name="LElbowRoll">-1.2217304764</joint><joint name="RKneePitch">-0.015298125053</joint><joint name="LShoulderPitch">1.37749064016</joint><joint name="RHipYawPitch">-0.265340660851</joint><joint name="LHand">0.79</joint><joint name="LHipYawPitch">-0.265340660851</joint><joint name="LAnkleRoll">-0.136484223907</joint><joint name="RAnklePitch">0.0153820579367</joint><joint name="LKneePitch">-0.0890140607797</joint><joint name="LHipRoll">0.170316035194</joint><joint name="RAnkleRoll">0.00310993238096</joint><joint name="RShoulderPitch">1.35609813952</joint><joint name="RElbowRoll">1.2217304764</joint><joint name="RHipRoll">0.0506639411257</joint></state><state><joint name="LShoulderRoll">-0.13962634016</joint><joint name="LHipPitch">0.276161702214</joint><joint name="LElbowYaw">-0.860616618171</joint><joint name="LAnklePitch">0.0429101413908</joint><joint name="LWristYaw">0.0291040634087</joint><joint name="RShoulderRoll">0.13962634016</joint><joint name="RWristYaw">0.283748648472</joint><joint name="HeadYaw">0.202529751731</joint><joint name="RHipPitch">0.213184986814</joint><joint name="HeadPitch">-0.275762021815</joint><joint name="RElbowYaw">0.702529930513</joint><joint name="RHand">0.19</joint><joint name="LElbowRoll">-1.04307857416</joint><joint name="RKneePitch">-0.015298125053</joint><joint name="LShoulderPitch">1.37749064016</joint><joint name="RHipYawPitch">-0.265340660851</joint><joint name="LHand">0.19</joint><joint name="LHipYawPitch">-0.265340660851</joint><joint name="LAnkleRoll">-0.136484223907</joint><joint name="RAnklePitch">0.0153820579367</joint><joint name="LKneePitch">-0.0890140607797</joint><joint name="LHipRoll">0.170316035194</joint><joint name="RAnkleRoll">0.00310993238096</joint><joint name="RShoulderPitch">1.35609813952</joint><joint name="RElbowRoll">1.08918144635</joint><joint name="RHipRoll">0.0506639411257</joint></state><state name="pivot"><joint name="LShoulderRoll">-0.13962634016</joint><joint name="LHipPitch">0.276161702214</joint><joint name="LElbowYaw">-0.860616618171</joint><joint name="LAnklePitch">0.0429101413908</joint><joint name="LWristYaw">0.0291040634087</joint><joint name="RShoulderRoll">0.13962634016</joint><joint name="RWristYaw">0.283748648472</joint><joint name="HeadYaw">0.202529751731</joint><joint name="RHipPitch">0.213184986814</joint><joint name="HeadPitch">-0.216335306114</joint><joint name="RElbowYaw">0.702529930513</joint><joint name="RHand">0.19</joint><joint name="LElbowRoll">-1.04307857416</joint><joint name="RKneePitch">-0.015298125053</joint><joint name="LShoulderPitch">1.37749064016</joint><joint name="RHipYawPitch">-0.265340660851</joint><joint name="LHand">0.19</joint><joint name="LHipYawPitch">-0.265340660851</joint><joint name="LAnkleRoll">-0.136484223907</joint><joint name="RAnklePitch">0.0153820579367</joint><joint name="LKneePitch">-0.0890140607797</joint><joint name="LHipRoll">0.170316035194</joint><joint name="RAnkleRoll">0.00310993238096</joint><joint name="RShoulderPitch">1.35609813952</joint><joint name="RElbowRoll">1.08918144635</joint><joint name="RHipRoll">0.0506639411257</joint></state></actuators><speed>neutral_norm</speed></robot>