<robot name="nao"><emotion name="neutral" /><repeat>0</repeat><actuators><state><joint name="LShoulderRoll">0.193731546971</joint><joint name="LHipPitch">-0.217785674722</joint><joint name="LElbowYaw">-0.799360797413</joint><joint name="LAnklePitch">-0.136567999711</joint><joint name="LWristYaw">-0.733038285838</joint><joint name="RShoulderRoll">-0.0925024503557</joint><joint name="RWristYaw">0.315962190476</joint><joint name="HeadYaw">-0.0506639411257</joint><joint name="RHipPitch">-0.268492725481</joint><joint name="HeadPitch">0.0</joint><joint name="RElbowYaw">0.386525852134</joint><joint name="RHand">0.1668</joint><joint name="LElbowRoll">-1.15715329407</joint><joint name="RKneePitch">0.434164614068</joint><joint name="LShoulderPitch">1.09606677025</joint><joint name="RHipYawPitch">-0.193242854781</joint><joint name="LHand">0.35</joint><joint name="LHipYawPitch">-0.193242854781</joint><joint name="LAnkleRoll">0.0383920075561</joint><joint name="RAnklePitch">-0.10887189341</joint><joint name="LKneePitch">0.418739394138</joint><joint name="LHipRoll">-0.0873961405631</joint><joint name="RAnkleRoll">0.225540172589</joint><joint name="RShoulderPitch">1.12573736754</joint><joint name="RElbowRoll">0.714885116288</joint><joint name="RHipRoll">-0.240796095581</joint></state><state><joint name="LShoulderRoll">-0.0307219836253</joint><joint name="LHipPitch">-0.217785674722</joint><joint name="LElbowYaw">-0.799360797413</joint><joint name="LAnklePitch">-0.136567999711</joint><joint name="LWristYaw">-0.733038285838</joint><joint name="RShoulderRoll">0.00916194882871</joint><joint name="RWristYaw">0.315962190476</joint><joint name="HeadYaw">-0.0506639411257</joint><joint name="RHipPitch">-0.268492725481</joint><joint name="HeadPitch">0.0</joint><joint name="RElbowYaw">0.386525852134</joint><joint name="RHand">0.1668</joint><joint name="LElbowRoll">-1.15715329407</joint><joint name="RKneePitch">0.434164614068</joint><joint name="LShoulderPitch">1.25016887123</joint><joint name="RHipYawPitch">-0.193242854781</joint><joint name="LHand">0.35</joint><joint name="LHipYawPitch">-0.193242854781</joint><joint name="LAnkleRoll">0.0383920075561</joint><joint name="RAnklePitch">-0.10887189341</joint><joint name="LKneePitch">0.418739394138</joint><joint name="LHipRoll">-0.0873961405631</joint><joint name="RAnkleRoll">0.225540172589</joint><joint name="RShoulderPitch">1.26098991259</joint><joint name="RElbowRoll">0.714885116288</joint><joint name="RHipRoll">-0.240796095581</joint></state><state name="pivot"><joint name="LShoulderRoll">-0.0307219836253</joint><joint name="LHipPitch">0.11816001209</joint><joint name="LElbowYaw">-0.385075483526</joint><joint name="LAnklePitch">-0.0660039889873</joint><joint name="LWristYaw">-0.312977677455</joint><joint name="RShoulderRoll">0.00916194882871</joint><joint name="RWristYaw">0.315962190476</joint><joint name="HeadYaw">-0.0506639411257</joint><joint name="RHipPitch">0.0889301104427</joint><joint name="HeadPitch">-0.15037390316</joint><joint name="RElbowYaw">0.386525852134</joint><joint name="RHand">0.1668</joint><joint name="LElbowRoll">-0.587479571551</joint><joint name="RKneePitch">0.0460620314869</joint><joint name="LShoulderPitch">1.25016887123</joint><joint name="RHipYawPitch">-0.182503843893</joint><joint name="LHand">0.1684</joint><joint name="LHipYawPitch">-0.182503843893</joint><joint name="LAnkleRoll">0.0383920075561</joint><joint name="RAnklePitch">-0.00916194882871</joint><joint name="LKneePitch">0.0797259420994</joint><joint name="LHipRoll">-0.0873961405631</joint><joint name="RAnkleRoll">0.225540172589</joint><joint name="RShoulderPitch">1.26098991259</joint><joint name="RElbowRoll">0.714885116288</joint><joint name="RHipRoll">-0.240796095581</joint></state></actuators><speed>neutral_norm</speed></robot>