<robot name="nao"><emotion name="neutral" /><repeat>0</repeat><actuators><state><joint name="LHipPitch">0.359314423767</joint><joint name="LElbowYaw">-1.89019157991</joint><joint name="LAnklePitch">-0.0496523482912</joint><joint name="RShoulderRoll">0.0959931088597</joint><joint name="RWristYaw">-0.221656815003</joint><joint name="RHipYawPitch">-0.236319326049</joint><joint name="RHipPitch">0.306919639622</joint><joint name="RKneePitch">-0.0917306657605</joint><joint name="HeadPitch">-0.118682389136</joint><joint name="RHand">0.65</joint><joint name="RShoulderPitch">1.45560459616</joint><joint name="LShoulderPitch">0.555014702134</joint><joint name="LHand">1.0</joint><joint name="LHipYawPitch">-0.236319326049</joint><joint name="LAnkleRoll">0.0770189364296</joint><joint name="RAnklePitch">0.0519678766098</joint><joint name="LKneePitch">-0.083320098628</joint><joint name="LHipRoll">-0.133254666659</joint><joint name="RHipRoll">-0.297482644356</joint><joint name="LElbowRoll">-0.876155284501</joint><joint name="RElbowRoll">0.319395253115</joint><joint name="RAnkleRoll">0.245997176752</joint></state><state><joint name="LHipPitch">0.359314423767</joint><joint name="LElbowYaw">-1.89019157991</joint><joint name="LAnklePitch">-0.0496523482912</joint><joint name="RShoulderRoll">0.0959931088597</joint><joint name="RWristYaw">-0.221656815003</joint><joint name="RHipYawPitch">-0.236319326049</joint><joint name="RHipPitch">0.306919639622</joint><joint name="RKneePitch">-0.0917306657605</joint><joint name="HeadPitch">0.0872664625997</joint><joint name="RHand">0.65</joint><joint name="RShoulderPitch">1.45560459616</joint><joint name="LShoulderPitch">0.555014702134</joint><joint name="LHand">1.0</joint><joint name="LHipYawPitch">-0.236319326049</joint><joint name="LAnkleRoll">0.0770189364296</joint><joint name="RAnklePitch">0.0519678766098</joint><joint name="LKneePitch">-0.083320098628</joint><joint name="LHipRoll">-0.133254666659</joint><joint name="RHipRoll">-0.297482644356</joint><joint name="LElbowRoll">-0.876155284501</joint><joint name="RElbowRoll">0.319395253115</joint><joint name="RAnkleRoll">0.245997176752</joint></state><state><joint name="LHipPitch">0.359314423767</joint><joint name="LElbowYaw">-1.89019157991</joint><joint name="LAnklePitch">-0.0496523482912</joint><joint name="RShoulderRoll">0.0959931088597</joint><joint name="RWristYaw">-0.221656815003</joint><joint name="RHipYawPitch">-0.236319326049</joint><joint name="RHipPitch">0.306919639622</joint><joint name="RKneePitch">-0.0917306657605</joint><joint name="HeadPitch">0.0872664625997</joint><joint name="RHand">0.65</joint><joint name="RShoulderPitch">1.45560459616</joint><joint name="LShoulderPitch">0.795870138909</joint><joint name="LHand">1.0</joint><joint name="LHipYawPitch">-0.236319326049</joint><joint name="LAnkleRoll">0.0770189364296</joint><joint name="RAnklePitch">0.0519678766098</joint><joint name="LKneePitch">-0.083320098628</joint><joint name="LHipRoll">-0.133254666659</joint><joint name="RHipRoll">-0.297482644356</joint><joint name="LElbowRoll">-0.876155284501</joint><joint name="RElbowRoll">0.319395253115</joint><joint name="RAnkleRoll">0.245997176752</joint></state><state><joint name="LHipPitch">0.359314423767</joint><joint name="LElbowYaw">-1.89019157991</joint><joint name="LAnklePitch">-0.0496523482912</joint><joint name="RShoulderRoll">0.0959931088597</joint><joint name="RWristYaw">-0.221656815003</joint><joint name="RHipYawPitch">-0.236319326049</joint><joint name="RHipPitch">0.306919639622</joint><joint name="RKneePitch">-0.0917306657605</joint><joint name="HeadPitch">0.0</joint><joint name="RHand">0.65</joint><joint name="RShoulderPitch">1.45560459616</joint><joint name="LShoulderPitch">0.795870138909</joint><joint name="LHand">1.0</joint><joint name="LHipYawPitch">-0.236319326049</joint><joint name="LAnkleRoll">0.0770189364296</joint><joint name="RAnklePitch">0.0519678766098</joint><joint name="LKneePitch">-0.083320098628</joint><joint name="LHipRoll">-0.133254666659</joint><joint name="RHipRoll">-0.297482644356</joint><joint name="LElbowRoll">-0.876155284501</joint><joint name="RElbowRoll">0.319395253115</joint><joint name="RAnkleRoll">0.245997176752</joint></state><state name="pivot"><joint name="LHipPitch">0.359314423767</joint><joint name="LElbowYaw">-1.89019157991</joint><joint name="LAnklePitch">-0.0496523482912</joint><joint name="RShoulderRoll">0.0959931088597</joint><joint name="RWristYaw">-0.221656815003</joint><joint name="RHipYawPitch">-0.236319326049</joint><joint name="RHipPitch">0.306919639622</joint><joint name="RKneePitch">-0.0917306657605</joint><joint name="HeadPitch">0.0</joint><joint name="RHand">0.65</joint><joint name="RShoulderPitch">1.45560459616</joint><joint name="LShoulderPitch">0.795870138909</joint><joint name="LHand">1.0</joint><joint name="LHipYawPitch">-0.236319326049</joint><joint name="LAnkleRoll">0.0770189364296</joint><joint name="RAnklePitch">0.0519678766098</joint><joint name="LKneePitch">-0.083320098628</joint><joint name="LHipRoll">-0.133254666659</joint><joint name="RHipRoll">-0.297482644356</joint><joint name="LElbowRoll">-0.876155284501</joint><joint name="RElbowRoll">0.319395253115</joint><joint name="RAnkleRoll">0.245997176752</joint></state></actuators><speed>neutral_norm</speed></robot>