<robot name="nao"><emotion name="neutral" /><repeat>0</repeat><actuators><state><joint name="LShoulderRoll">-0.00464056868167</joint><joint name="LHipPitch">0.395814494414</joint><joint name="LElbowYaw">-1.47881747521</joint><joint name="LAnklePitch">-0.0245859295741</joint><joint name="LWristYaw">-0.839140341725</joint><joint name="RShoulderRoll">-0.0828778321956</joint><joint name="RWristYaw">0.202445975927</joint><joint name="HeadYaw">0.133415935082</joint><joint name="RHipPitch">0.40186555093</joint><joint name="HeadPitch">-0.164060949687</joint><joint name="RElbowYaw">1.72877654937</joint><joint name="RHand">0.1124</joint><joint name="LElbowRoll">-1.23942287902</joint><joint name="RKneePitch">-0.0659200386503</joint><joint name="LShoulderPitch">1.38976205013</joint><joint name="RHipYawPitch">-0.300622491681</joint><joint name="LHand">0.44</joint><joint name="LHipYawPitch">-0.300622491681</joint><joint name="LAnkleRoll">-0.0889301104427</joint><joint name="RAnklePitch">-0.0229680093575</joint><joint name="LKneePitch">-0.0752079827977</joint><joint name="LHipRoll">0.122761921729</joint><joint name="RAnkleRoll">0.081343862316</joint><joint name="RShoulderPitch">1.73346275841</joint><joint name="RElbowRoll">0.935782713066</joint><joint name="RHipRoll">-0.11040586329</joint></state><state><joint name="LShoulderRoll">-0.0660039889873</joint><joint name="LHipPitch">0.234743293735</joint><joint name="LElbowYaw">-1.08458075845</joint><joint name="LAnklePitch">-0.010779851592</joint><joint name="LWristYaw">-1.41745868003</joint><joint name="RShoulderRoll">-0.0245859295741</joint><joint name="RWristYaw">0.230057084693</joint><joint name="HeadYaw">0.133415935082</joint><joint name="RHipPitch">0.144154073305</joint><joint name="HeadPitch">0.144862327916</joint><joint name="RElbowYaw">1.74871519074</joint><joint name="RHand">0.1196</joint><joint name="LElbowRoll">-0.912688516404</joint><joint name="RKneePitch">0.204063896143</joint><joint name="LShoulderPitch">1.36521748486</joint><joint name="RHipYawPitch">-0.315962190476</joint><joint name="LHand">0.548</joint><joint name="LHipYawPitch">-0.315962190476</joint><joint name="LAnkleRoll">-0.125746085684</joint><joint name="RAnklePitch">-0.128814025443</joint><joint name="LKneePitch">-0.0169160452696</joint><joint name="LHipRoll">0.122761921729</joint><joint name="RAnkleRoll">0.0169160452696</joint><joint name="RShoulderPitch">1.75341012643</joint><joint name="RElbowRoll">0.920441268941</joint><joint name="RHipRoll">-0.0367740873395</joint></state><state name="pivot"><joint name="LShoulderRoll">-0.0521979110052</joint><joint name="LHipPitch">0.234743293735</joint><joint name="LElbowYaw">-1.2026976609</joint><joint name="LAnklePitch">-0.010779851592</joint><joint name="LWristYaw">-1.48648819728</joint><joint name="RShoulderRoll">-0.0245859295741</joint><joint name="RWristYaw">0.230057084693</joint><joint name="HeadYaw">0.133415935082</joint><joint name="RHipPitch">0.144154073305</joint><joint name="HeadPitch">-0.0244346095279</joint><joint name="RElbowYaw">1.74871519074</joint><joint name="RHand">0.1196</joint><joint name="LElbowRoll">-0.665713955271</joint><joint name="RKneePitch">0.204063896143</joint><joint name="LShoulderPitch">1.33146979844</joint><joint name="RHipYawPitch">-0.315962190476</joint><joint name="LHand">0.7872</joint><joint name="LHipYawPitch">-0.315962190476</joint><joint name="LAnkleRoll">-0.125746085684</joint><joint name="RAnklePitch">-0.128814025443</joint><joint name="LKneePitch">-0.0169160452696</joint><joint name="LHipRoll">0.122761921729</joint><joint name="RAnkleRoll">0.0169160452696</joint><joint name="RShoulderPitch">1.75341012643</joint><joint name="RElbowRoll">0.920441268941</joint><joint name="RHipRoll">-0.0367740873395</joint></state></actuators><speed>neutral_norm</speed></robot>