<robot name="nao"><emotion name="neutral" /><repeat>0</repeat><actuators><state><joint name="LShoulderRoll">0.0827938818586</joint><joint name="LHipPitch">0.124295891609</joint><joint name="LElbowYaw">-0.980267665041</joint><joint name="LAnklePitch">0.0935320200815</joint><joint name="LWristYaw">-0.528834763354</joint><joint name="RShoulderRoll">-0.115092072331</joint><joint name="RWristYaw">0.766199541626</joint><joint name="HeadYaw">0.0</joint><joint name="RHipPitch">0.131881965203</joint><joint name="HeadPitch">-0.095149940298</joint><joint name="RElbowYaw">0.916297857297</joint><joint name="RHand">0.38</joint><joint name="LElbowRoll">-0.351244021305</joint><joint name="RKneePitch">-0.0873961405631</joint><joint name="LShoulderPitch">1.36521748486</joint><joint name="RHipYawPitch">-0.170232084857</joint><joint name="LHand">0.52</joint><joint name="LHipYawPitch">-0.170232084857</joint><joint name="LAnkleRoll">-0.128814025443</joint><joint name="RAnklePitch">0.0890140607797</joint><joint name="LKneePitch">-0.0923279174305</joint><joint name="LHipRoll">0.102819964229</joint><joint name="RAnkleRoll">0.136567999711</joint><joint name="RShoulderPitch">1.22263979294</joint><joint name="RElbowRoll">1.14493598931</joint><joint name="RHipRoll">-0.104269983771</joint></state><state><joint name="LShoulderRoll">0.151823922703</joint><joint name="LHipPitch">0.124295891609</joint><joint name="LElbowYaw">-1.17968724004</joint><joint name="LAnklePitch">0.0935320200815</joint><joint name="LWristYaw">0.0873961405631</joint><joint name="RShoulderRoll">-0.156509957212</joint><joint name="RWristYaw">0.766199541626</joint><joint name="HeadYaw">0.0</joint><joint name="RHipPitch">0.131881965203</joint><joint name="HeadPitch">-0.095149940298</joint><joint name="RElbowYaw">0.916297857297</joint><joint name="RHand">0.38</joint><joint name="LElbowRoll">-0.40186555093</joint><joint name="RKneePitch">-0.0873961405631</joint><joint name="LShoulderPitch">1.46032571179</joint><joint name="RHipYawPitch">-0.170232084857</joint><joint name="LHand">0.304</joint><joint name="LHipYawPitch">-0.170232084857</joint><joint name="LAnkleRoll">-0.128814025443</joint><joint name="RAnklePitch">0.0890140607797</joint><joint name="LKneePitch">-0.0923279174305</joint><joint name="LHipRoll">0.102819964229</joint><joint name="RAnkleRoll">0.136567999711</joint><joint name="RShoulderPitch">1.4573429441</joint><joint name="RElbowRoll">1.14493598931</joint><joint name="RHipRoll">-0.104269983771</joint></state><state><joint name="LShoulderRoll">0.0827938818586</joint><joint name="LHipPitch">0.124295891609</joint><joint name="LElbowYaw">-0.980267665041</joint><joint name="LAnklePitch">0.0935320200815</joint><joint name="LWristYaw">-0.528834763354</joint><joint name="RShoulderRoll">-0.156509957212</joint><joint name="RWristYaw">0.766199541626</joint><joint name="HeadYaw">0.0</joint><joint name="RHipPitch">0.131881965203</joint><joint name="HeadPitch">0.200712863979</joint><joint name="RElbowYaw">1.11500010198</joint><joint name="RHand">0.38</joint><joint name="LElbowRoll">-0.351244021305</joint><joint name="RKneePitch">-0.0873961405631</joint><joint name="LShoulderPitch">1.36521748486</joint><joint name="RHipYawPitch">-0.170232084857</joint><joint name="LHand">0.52</joint><joint name="LHipYawPitch">-0.170232084857</joint><joint name="LAnkleRoll">-0.128814025443</joint><joint name="RAnklePitch">0.0890140607797</joint><joint name="LKneePitch">-0.0923279174305</joint><joint name="LHipRoll">0.102819964229</joint><joint name="RAnkleRoll">0.136567999711</joint><joint name="RShoulderPitch">1.4573429441</joint><joint name="RElbowRoll">0.983878751263</joint><joint name="RHipRoll">-0.104269983771</joint></state><state><joint name="LShoulderRoll">0.0827938818586</joint><joint name="LHipPitch">4.19617294752e-05</joint><joint name="LElbowYaw">-0.980267665041</joint><joint name="LAnklePitch">-0.0291878392128</joint><joint name="LWristYaw">-0.528834763354</joint><joint name="RShoulderRoll">-0.115092072331</joint><joint name="RWristYaw">1.62292931155</joint><joint name="HeadYaw">0.0</joint><joint name="RHipPitch">-0.0261198994536</joint><joint name="HeadPitch">-0.095149940298</joint><joint name="RElbowYaw">1.11500010198</joint><joint name="RHand">0.77</joint><joint name="LElbowRoll">-0.351244021305</joint><joint name="RKneePitch">0.182587619697</joint><joint name="LShoulderPitch">1.36521748486</joint><joint name="RHipYawPitch">-0.170232084857</joint><joint name="LHand">0.52</joint><joint name="LHipYawPitch">-0.170232084857</joint><joint name="LAnkleRoll">-0.118076061753</joint><joint name="RAnklePitch">-0.038308231752</joint><joint name="LKneePitch">0.144154073305</joint><joint name="LHipRoll">0.113558102452</joint><joint name="RAnkleRoll">0.112024132572</joint><joint name="RShoulderPitch">1.22263979294</joint><joint name="RElbowRoll">0.983878751263</joint><joint name="RHipRoll">-0.0766580023402</joint></state><state><joint name="LShoulderRoll">0.0827938818586</joint><joint name="LHipPitch">4.19617294752e-05</joint><joint name="LElbowYaw">-0.980267665041</joint><joint name="LAnklePitch">-0.0291878392128</joint><joint name="LWristYaw">-0.528834763354</joint><joint name="RShoulderRoll">-0.115092072331</joint><joint name="RWristYaw">1.62292931155</joint><joint name="HeadYaw">0.0</joint><joint name="RHipPitch">-0.0261198994536</joint><joint name="HeadPitch">-0.095149940298</joint><joint name="RElbowYaw">1.309993522</joint><joint name="RHand">0.77</joint><joint name="LElbowRoll">-0.351244021305</joint><joint name="RKneePitch">0.182587619697</joint><joint name="LShoulderPitch">1.36521748486</joint><joint name="RHipYawPitch">-0.170232084857</joint><joint name="LHand">0.52</joint><joint name="LHipYawPitch">-0.170232084857</joint><joint name="LAnkleRoll">-0.118076061753</joint><joint name="RAnklePitch">-0.038308231752</joint><joint name="LKneePitch">0.144154073305</joint><joint name="LHipRoll">0.113558102452</joint><joint name="RAnkleRoll">0.112024132572</joint><joint name="RShoulderPitch">1.22263979294</joint><joint name="RElbowRoll">0.446436024038</joint><joint name="RHipRoll">-0.0766580023402</joint></state><state><joint name="LShoulderRoll">0.0827938818586</joint><joint name="LHipPitch">0.124295891609</joint><joint name="LElbowYaw">-0.980267665041</joint><joint name="LAnklePitch">0.0935320200815</joint><joint name="LWristYaw">-0.528834763354</joint><joint name="RShoulderRoll">-0.115092072331</joint><joint name="RWristYaw">1.62292931155</joint><joint name="HeadYaw">0.0</joint><joint name="RHipPitch">0.131881965203</joint><joint name="HeadPitch">-0.095149940298</joint><joint name="RElbowYaw">1.309993522</joint><joint name="RHand">0.77</joint><joint name="LElbowRoll">-0.351244021305</joint><joint name="RKneePitch">-0.0873961405631</joint><joint name="LShoulderPitch">1.36521748486</joint><joint name="RHipYawPitch">-0.170232084857</joint><joint name="LHand">0.52</joint><joint name="LHipYawPitch">-0.170232084857</joint><joint name="LAnkleRoll">-0.128814025443</joint><joint name="RAnklePitch">0.0890140607797</joint><joint name="LKneePitch">-0.0923279174305</joint><joint name="LHipRoll">0.102819964229</joint><joint name="RAnkleRoll">0.136567999711</joint><joint name="RShoulderPitch">1.22263979294</joint><joint name="RElbowRoll">0.446436024038</joint><joint name="RHipRoll">-0.104269983771</joint></state><state><joint name="LShoulderRoll">0.0827938818586</joint><joint name="LHipPitch">0.124295891609</joint><joint name="LElbowYaw">-0.980267665041</joint><joint name="LAnklePitch">0.0935320200815</joint><joint name="LWristYaw">-0.528834763354</joint><joint name="RShoulderRoll">-0.115092072331</joint><joint name="RWristYaw">1.62292931155</joint><joint name="HeadYaw">0.0</joint><joint name="RHipPitch">0.131881965203</joint><joint name="HeadPitch">-0.095149940298</joint><joint name="RElbowYaw">0.776161880996</joint><joint name="RHand">0.29</joint><joint name="LElbowRoll">-0.351244021305</joint><joint name="RKneePitch">-0.0873961405631</joint><joint name="LShoulderPitch">1.36521748486</joint><joint name="RHipYawPitch">-0.170232084857</joint><joint name="LHand">0.52</joint><joint name="LHipYawPitch">-0.170232084857</joint><joint name="LAnkleRoll">-0.128814025443</joint><joint name="RAnklePitch">0.0890140607797</joint><joint name="LKneePitch">-0.0923279174305</joint><joint name="LHipRoll">0.102819964229</joint><joint name="RAnkleRoll">0.136567999711</joint><joint name="RShoulderPitch">1.22263979294</joint><joint name="RElbowRoll">0.559952238588</joint><joint name="RHipRoll">-0.104269983771</joint></state><state><joint name="LShoulderRoll">0.151823922703</joint><joint name="LHipPitch">0.124295891609</joint><joint name="LElbowYaw">-1.17968724004</joint><joint name="LAnklePitch">0.0935320200815</joint><joint name="LWristYaw">0.0873961405631</joint><joint name="RShoulderRoll">-0.115092072331</joint><joint name="RWristYaw">1.62292931155</joint><joint name="HeadYaw">0.0</joint><joint name="RHipPitch">0.131881965203</joint><joint name="HeadPitch">-0.095149940298</joint><joint name="RElbowYaw">0.776161880996</joint><joint name="RHand">0.29</joint><joint name="LElbowRoll">-0.40186555093</joint><joint name="RKneePitch">-0.0873961405631</joint><joint name="LShoulderPitch">1.46032571179</joint><joint name="RHipYawPitch">-0.170232084857</joint><joint name="LHand">0.304</joint><joint name="LHipYawPitch">-0.170232084857</joint><joint name="LAnkleRoll">-0.128814025443</joint><joint name="RAnklePitch">0.0890140607797</joint><joint name="LKneePitch">-0.0923279174305</joint><joint name="LHipRoll">0.102819964229</joint><joint name="RAnkleRoll">0.136567999711</joint><joint name="RShoulderPitch">1.22263979294</joint><joint name="RElbowRoll">0.559952238588</joint><joint name="RHipRoll">-0.104269983771</joint></state><state name="pivot"><joint name="LShoulderRoll">0.151823922703</joint><joint name="LHipPitch">0.124295891609</joint><joint name="LElbowYaw">-1.17968724004</joint><joint name="LAnklePitch">0.0935320200815</joint><joint name="LWristYaw">0.0873961405631</joint><joint name="RShoulderRoll">-0.156509957212</joint><joint name="RWristYaw">0.113474152115</joint><joint name="HeadYaw">0.0</joint><joint name="RHipPitch">0.131881965203</joint><joint name="HeadPitch">-0.095149940298</joint><joint name="RElbowYaw">1.21181875157</joint><joint name="RHand">0.3012</joint><joint name="LElbowRoll">-0.40186555093</joint><joint name="RKneePitch">-0.0873961405631</joint><joint name="LShoulderPitch">1.46032571179</joint><joint name="RHipYawPitch">-0.170232084857</joint><joint name="LHand">0.304</joint><joint name="LHipYawPitch">-0.170232084857</joint><joint name="LAnkleRoll">-0.128814025443</joint><joint name="RAnklePitch">0.0890140607797</joint><joint name="LKneePitch">-0.0923279174305</joint><joint name="LHipRoll">0.102819964229</joint><joint name="RAnkleRoll">0.136567999711</joint><joint name="RShoulderPitch">1.4573429441</joint><joint name="RElbowRoll">0.428028036418</joint><joint name="RHipRoll">-0.104269983771</joint></state></actuators><speed>neutral_norm</speed></robot>