<robot name="nao"><emotion name="neutral" /><repeat>0</repeat><actuators><state><joint name="LShoulderRoll">0.36044888778</joint><joint name="LHipPitch">-0.306757324001</joint><joint name="LElbowYaw">-1.03702577232</joint><joint name="LAnklePitch">-0.179519330872</joint><joint name="LWristYaw">-0.00924586425915</joint><joint name="RShoulderRoll">0.0643860687707</joint><joint name="RWristYaw">0.464760235855</joint><joint name="HeadYaw">0.33590432251</joint><joint name="RHipPitch">-0.372804073555</joint><joint name="HeadPitch">0.291417625205</joint><joint name="RElbowYaw">1.04001028534</joint><joint name="RHand">0.0</joint><joint name="LElbowRoll">-1.54461638801</joint><joint name="RKneePitch">0.806926799721</joint><joint name="LShoulderPitch">-0.179519330872</joint><joint name="RHipYawPitch">-0.273009637585</joint><joint name="LHand">0.0</joint><joint name="LHipYawPitch">-0.273009637585</joint><joint name="LAnkleRoll">-0.115008121994</joint><joint name="RAnklePitch">-0.34817573248</joint><joint name="LKneePitch">0.619694858884</joint><joint name="LHipRoll">0.0491299712461</joint><joint name="RAnkleRoll">0.112024132572</joint><joint name="RShoulderPitch">1.48495405286</joint><joint name="RElbowRoll">1.48188576404</joint><joint name="RHipRoll">-0.157959976754</joint></state><state><joint name="LShoulderRoll">0.36044888778</joint><joint name="LHipPitch">0.389677916764</joint><joint name="LElbowYaw">-1.03702577232</joint><joint name="LAnklePitch">-0.00771189437957</joint><joint name="LWristYaw">-0.00924586425915</joint><joint name="RShoulderRoll">0.173300024616</joint><joint name="RWristYaw">0.437147381759</joint><joint name="HeadYaw">0.33590432251</joint><joint name="RHipPitch">0.415672850643</joint><joint name="HeadPitch">0.291417625205</joint><joint name="RElbowYaw">1.07529211617</joint><joint name="RHand">0.84</joint><joint name="LElbowRoll">-1.54461638801</joint><joint name="RKneePitch">-0.0567160448399</joint><joint name="LShoulderPitch">-0.179519330872</joint><joint name="RHipYawPitch">-0.246932673231</joint><joint name="LHand">0.0</joint><joint name="LHipYawPitch">-0.246932673231</joint><joint name="LAnkleRoll">-0.0106959361616</joint><joint name="RAnklePitch">-0.0643860687707</joint><joint name="LKneePitch">-0.0690719287465</joint><joint name="LHipRoll">-0.0429101413908</joint><joint name="RAnkleRoll">0.254685425768</joint><joint name="RShoulderPitch">1.46040948759</joint><joint name="RElbowRoll">1.08304661403</joint><joint name="RHipRoll">-0.357380598955</joint></state><state><joint name="LShoulderRoll">0.62276140238</joint><joint name="LHipPitch">0.262356147831</joint><joint name="LElbowYaw">-1.78868323061</joint><joint name="LAnklePitch">-0.0169160452696</joint><joint name="LWristYaw">-0.559952238588</joint><joint name="RShoulderRoll">0.173300024616</joint><joint name="RWristYaw">0.437147381759</joint><joint name="HeadYaw">0.308291468414</joint><joint name="RHipPitch">0.283748648472</joint><joint name="HeadPitch">-0.138101969591</joint><joint name="RElbowYaw">1.07529211617</joint><joint name="RHand">0.84</joint><joint name="LElbowRoll">-0.421807682963</joint><joint name="RKneePitch">0.070606073159</joint><joint name="LShoulderPitch">0.36044888778</joint><joint name="RHipYawPitch">-0.240796095581</joint><joint name="LHand">0.84</joint><joint name="LHipYawPitch">-0.240796095581</joint><joint name="LAnkleRoll">-0.0183660997187</joint><joint name="RAnklePitch">-0.0827938818586</joint><joint name="LKneePitch">0.038308231752</joint><joint name="LHipRoll">-0.0459780811499</joint><joint name="RAnkleRoll">0.248550593447</joint><joint name="RShoulderPitch">1.46040948759</joint><joint name="RElbowRoll">1.08304661403</joint><joint name="RHipRoll">-0.32976774486</joint></state><state name="pivot"><joint name="LShoulderRoll">0.585945427138</joint><joint name="LHipPitch">0.262356147831</joint><joint name="LElbowYaw">-1.68590777228</joint><joint name="LAnklePitch">-0.0169160452696</joint><joint name="LWristYaw">-0.501659986901</joint><joint name="RShoulderRoll">0.142620103425</joint><joint name="RWristYaw">0.449420537059</joint><joint name="HeadYaw">0.311359757239</joint><joint name="RHipPitch">0.283748648472</joint><joint name="HeadPitch">-0.0890140607797</joint><joint name="RElbowYaw">1.05228169531</joint><joint name="RHand">0.68</joint><joint name="LElbowRoll">-0.601285125934</joint><joint name="RKneePitch">0.070606073159</joint><joint name="LShoulderPitch">0.326699456035</joint><joint name="RHipYawPitch">-0.240796095581</joint><joint name="LHand">0.68</joint><joint name="LHipYawPitch">-0.240796095581</joint><joint name="LAnkleRoll">-0.0183660997187</joint><joint name="RAnklePitch">-0.0827938818586</joint><joint name="LKneePitch">0.038308231752</joint><joint name="LHipRoll">-0.0459780811499</joint><joint name="RAnkleRoll">0.248550593447</joint><joint name="RShoulderPitch">1.52177002811</joint><joint name="RElbowRoll">1.12139673369</joint><joint name="RHipRoll">-0.32976774486</joint></state></actuators><speed>neutral_norm</speed></robot>