<robot name="nao"><emotion name="neutral" /><repeat>0</repeat><actuators><state><joint name="LShoulderRoll">0.0827938818586</joint><joint name="LHipPitch">0.242414015797</joint><joint name="LElbowYaw">-0.849877607283</joint><joint name="LAnklePitch">-0.0230519596945</joint><joint name="LWristYaw">0.539926330751</joint><joint name="RShoulderRoll">-0.136567999711</joint><joint name="RWristYaw">-0.339056387139</joint><joint name="HeadYaw">0.0858621706836</joint><joint name="RHipPitch">0.306757324001</joint><joint name="HeadPitch">-0.0429940917278</joint><joint name="RElbowYaw">1.39436448337</joint><joint name="RHand">0.0456001</joint><joint name="LElbowRoll">-1.24403229358</joint><joint name="RKneePitch">0.0245859295741</joint><joint name="LShoulderPitch">1.4618598562</joint><joint name="RHipYawPitch">-0.352778165718</joint><joint name="LHand">0.2132</joint><joint name="LHipYawPitch">-0.352778165718</joint><joint name="LAnkleRoll">0.00771189437957</joint><joint name="RAnklePitch">0.00157594679342</joint><joint name="LKneePitch">0.128814025443</joint><joint name="LHipRoll">0.0184500500558</joint><joint name="RAnkleRoll">0.127364005901</joint><joint name="RShoulderPitch">1.83777934247</joint><joint name="RElbowRoll">1.26559234583</joint><joint name="RHipRoll">-0.171766054736</joint></state><state><joint name="LShoulderRoll">-0.0414601218482</joint><joint name="LHipPitch">0.447970168451</joint><joint name="LElbowYaw">-1.15054198687</joint><joint name="LAnklePitch">0.0306380332883</joint><joint name="LWristYaw">0.219319819135</joint><joint name="RShoulderRoll">-0.136567999711</joint><joint name="RWristYaw">-0.339056387139</joint><joint name="HeadYaw">0.0398422016316</joint><joint name="RHipPitch">0.466294380268</joint><joint name="HeadPitch">-0.210200473793</joint><joint name="RElbowYaw">1.39436448337</joint><joint name="RHand">0.0456001</joint><joint name="LElbowRoll">-1.52015210789</joint><joint name="RKneePitch">-0.0122299234945</joint><joint name="LShoulderPitch">1.33300394286</joint><joint name="RHipYawPitch">-0.338972611335</joint><joint name="LHand">0.2132</joint><joint name="LHipYawPitch">-0.338972611335</joint><joint name="LAnkleRoll">-0.0582500147195</joint><joint name="RAnklePitch">-0.0659200386503</joint><joint name="LKneePitch">-0.0859461210206</joint><joint name="LHipRoll">0.112024132572</joint><joint name="RAnkleRoll">0.070606073159</joint><joint name="RShoulderPitch">1.83777934247</joint><joint name="RElbowRoll">1.26559234583</joint><joint name="RHipRoll">-0.130347995323</joint></state><state><joint name="LShoulderRoll">-0.00924586425915</joint><joint name="LHipPitch">0.447970168451</joint><joint name="LElbowYaw">-1.71812131428</joint><joint name="LAnklePitch">0.0306380332883</joint><joint name="LWristYaw">-0.708750283967</joint><joint name="RShoulderRoll">-0.0199840199353</joint><joint name="RWristYaw">0.0889301104427</joint><joint name="HeadYaw">0.0398422016316</joint><joint name="RHipPitch">0.466294380268</joint><joint name="HeadPitch">-0.210200473793</joint><joint name="RElbowYaw">1.17806931983</joint><joint name="RHand">0.0456001</joint><joint name="LElbowRoll">-1.15715329407</joint><joint name="RKneePitch">-0.0122299234945</joint><joint name="LShoulderPitch">1.32686736521</joint><joint name="RHipYawPitch">-0.338972611335</joint><joint name="LHand">0.68</joint><joint name="LHipYawPitch">-0.338972611335</joint><joint name="LAnkleRoll">-0.0582500147195</joint><joint name="RAnklePitch">-0.0659200386503</joint><joint name="LKneePitch">-0.0859461210206</joint><joint name="LHipRoll">0.112024132572</joint><joint name="RAnkleRoll">0.070606073159</joint><joint name="RShoulderPitch">1.29934003224</joint><joint name="RElbowRoll">1.51716759487</joint><joint name="RHipRoll">-0.130347995323</joint></state><state><joint name="LShoulderRoll">-0.00924586425915</joint><joint name="LHipPitch">-0.0122299234945</joint><joint name="LElbowYaw">-1.71812131428</joint><joint name="LAnklePitch">-0.0629360492281</joint><joint name="LWristYaw">-0.708750283967</joint><joint name="RShoulderRoll">0.0413761715112</joint><joint name="RWristYaw">0.935697191933</joint><joint name="HeadYaw">0.0398422016316</joint><joint name="RHipPitch">-0.0997520244697</joint><joint name="HeadPitch">0.0820304748437</joint><joint name="RElbowYaw">1.87296518019</joint><joint name="RHand">0.68</joint><joint name="LElbowRoll">-1.15715329407</joint><joint name="RKneePitch">0.559952238588</joint><joint name="LShoulderPitch">1.32686736521</joint><joint name="RHipYawPitch">-0.371186153339</joint><joint name="LHand">0.68</joint><joint name="LHipYawPitch">-0.371186153339</joint><joint name="LAnkleRoll">-0.0582500147195</joint><joint name="RAnklePitch">-0.251533361139</joint><joint name="LKneePitch">0.312893901651</joint><joint name="LHipRoll">0.0123138389249</joint><joint name="RAnkleRoll">0.0337899233845</joint><joint name="RShoulderPitch">1.51409930604</joint><joint name="RElbowRoll">1.15715329407</joint><joint name="RHipRoll">-0.0781919722198</joint></state><state><joint name="LShoulderRoll">-0.0307219836253</joint><joint name="LHipPitch">-0.0122299234945</joint><joint name="LElbowYaw">-1.77180589675</joint><joint name="LAnklePitch">-0.0629360492281</joint><joint name="LWristYaw">-0.808459198804</joint><joint name="RShoulderRoll">0.0413761715112</joint><joint name="RWristYaw">0.935697191933</joint><joint name="HeadYaw">0.0536479305478</joint><joint name="RHipPitch">-0.0997520244697</joint><joint name="HeadPitch">-0.164179981142</joint><joint name="RElbowYaw">1.87296518019</joint><joint name="RHand">0.68</joint><joint name="LElbowRoll">-1.30027029274</joint><joint name="RKneePitch">0.559952238588</joint><joint name="LShoulderPitch">1.40817003775</joint><joint name="RHipYawPitch">-0.371186153339</joint><joint name="LHand">0.7728</joint><joint name="LHipYawPitch">-0.371186153339</joint><joint name="LAnkleRoll">-0.0582500147195</joint><joint name="RAnklePitch">-0.251533361139</joint><joint name="LKneePitch">0.312893901651</joint><joint name="LHipRoll">0.0123138389249</joint><joint name="RAnkleRoll">0.0337899233845</joint><joint name="RShoulderPitch">1.51409930604</joint><joint name="RElbowRoll">1.15715329407</joint><joint name="RHipRoll">-0.0781919722198</joint></state><state name="pivot"><joint name="LShoulderRoll">-0.0307219836253</joint><joint name="LHipPitch">-0.0122299234945</joint><joint name="LElbowYaw">-1.77180589675</joint><joint name="LAnklePitch">-0.0629360492281</joint><joint name="LWristYaw">-0.808459198804</joint><joint name="RShoulderRoll">0.0398422016316</joint><joint name="RWristYaw">1.10290322493</joint><joint name="HeadYaw">0.0536479305478</joint><joint name="RHipPitch">-0.0997520244697</joint><joint name="HeadPitch">-0.164179981142</joint><joint name="RElbowYaw">1.9420104054</joint><joint name="RHand">0.7692</joint><joint name="LElbowRoll">-1.30027029274</joint><joint name="RKneePitch">0.559952238588</joint><joint name="LShoulderPitch">1.40817003775</joint><joint name="RHipYawPitch">-0.371186153339</joint><joint name="LHand">0.7728</joint><joint name="LHipYawPitch">-0.371186153339</joint><joint name="LAnkleRoll">-0.0582500147195</joint><joint name="RAnklePitch">-0.251533361139</joint><joint name="LKneePitch">0.312893901651</joint><joint name="LHipRoll">0.0123138389249</joint><joint name="RAnkleRoll">0.0337899233845</joint><joint name="RShoulderPitch">1.52944075017</joint><joint name="RElbowRoll">1.30027029274</joint><joint name="RHipRoll">-0.0781919722198</joint></state></actuators><speed>neutral_norm</speed></robot>