<robot name="nao"><emotion name="neutral" /><repeat>0</repeat><actuators><state><joint name="LShoulderRoll">-0.0820304748437</joint><joint name="LHipPitch">0.170316035194</joint><joint name="LElbowYaw">-0.91430643662</joint><joint name="LAnklePitch">-0.0138480706039</joint><joint name="LWristYaw">0.0137641377201</joint><joint name="RShoulderRoll">0.0820304748437</joint><joint name="RWristYaw">0.308291468414</joint><joint name="RHipYawPitch">-0.268407204347</joint><joint name="RHipPitch">0.173300024616</joint><joint name="HeadPitch">-0.247016449035</joint><joint name="RElbowYaw">0.777696025408</joint><joint name="RHand">0.2052</joint><joint name="LElbowRoll">-0.992455299208</joint><joint name="RKneePitch">0.0614019048156</joint><joint name="LShoulderPitch">1.24616508592</joint><joint name="LHand">0.1956</joint><joint name="LHipYawPitch">-0.268407204347</joint><joint name="LAnkleRoll">-0.237727806756</joint><joint name="RAnklePitch">-0.0214340394779</joint><joint name="LKneePitch">0.0551819004274</joint><joint name="LHipRoll">0.276161702214</joint><joint name="RAnkleRoll">-0.122677971392</joint><joint name="RShoulderPitch">1.24616508592</joint><joint name="RElbowRoll">1.03855991673</joint><joint name="RHipRoll">0.181053475285</joint></state><state><joint name="LShoulderRoll">-0.0820304748437</joint><joint name="LHipPitch">0.170316035194</joint><joint name="LElbowYaw">-0.91430643662</joint><joint name="LAnklePitch">-0.0138480706039</joint><joint name="LWristYaw">0.0137641377201</joint><joint name="RShoulderRoll">0.0820304748437</joint><joint name="RWristYaw">0.308291468414</joint><joint name="RHipYawPitch">-0.268407204347</joint><joint name="RHipPitch">0.173300024616</joint><joint name="HeadPitch">-0.247016449035</joint><joint name="RElbowYaw">0.777696025408</joint><joint name="RHand">0.2052</joint><joint name="LElbowRoll">-1.19555053762</joint><joint name="RKneePitch">0.0614019048156</joint><joint name="LShoulderPitch">1.24616508592</joint><joint name="LHand">0.19</joint><joint name="LHipYawPitch">-0.268407204347</joint><joint name="LAnkleRoll">-0.237727806756</joint><joint name="RAnklePitch">-0.0214340394779</joint><joint name="LKneePitch">0.0551819004274</joint><joint name="LHipRoll">0.276161702214</joint><joint name="RAnkleRoll">-0.122677971392</joint><joint name="RShoulderPitch">1.24616508592</joint><joint name="RElbowRoll">1.03855991673</joint><joint name="RHipRoll">0.181053475285</joint></state><state><joint name="LShoulderRoll">-0.0820304748437</joint><joint name="LHipPitch">0.170316035194</joint><joint name="LElbowYaw">-0.91430643662</joint><joint name="LAnklePitch">-0.0138480706039</joint><joint name="LWristYaw">0.0137641377201</joint><joint name="RShoulderRoll">0.0820304748437</joint><joint name="RWristYaw">0.308291468414</joint><joint name="RHipYawPitch">-0.268407204347</joint><joint name="RHipPitch">0.173300024616</joint><joint name="HeadPitch">0.0250465219637</joint><joint name="RElbowYaw">0.777696025408</joint><joint name="RHand">0.2052</joint><joint name="LElbowRoll">-1.19555053762</joint><joint name="RKneePitch">0.0614019048156</joint><joint name="LShoulderPitch">1.24616508592</joint><joint name="LHand">0.19</joint><joint name="LHipYawPitch">-0.268407204347</joint><joint name="LAnkleRoll">-0.237727806756</joint><joint name="RAnklePitch">-0.0214340394779</joint><joint name="LKneePitch">0.0551819004274</joint><joint name="LHipRoll">0.276161702214</joint><joint name="RAnkleRoll">-0.122677971392</joint><joint name="RShoulderPitch">1.24616508592</joint><joint name="RElbowRoll">1.03855991673</joint><joint name="RHipRoll">0.181053475285</joint></state><state><joint name="LShoulderRoll">0.0925024503557</joint><joint name="LHipPitch">0.170316035194</joint><joint name="LElbowYaw">-0.91430643662</joint><joint name="LAnklePitch">-0.0138480706039</joint><joint name="LWristYaw">-0.904080552533</joint><joint name="RShoulderRoll">-0.0521979110052</joint><joint name="RWristYaw">0.308291468414</joint><joint name="RHipYawPitch">-0.268407204347</joint><joint name="RHipPitch">0.173300024616</joint><joint name="HeadPitch">0.0250465219637</joint><joint name="RElbowYaw">0.777696025408</joint><joint name="RHand">0.2052</joint><joint name="LElbowRoll">-1.19555053762</joint><joint name="RKneePitch">0.0614019048156</joint><joint name="LShoulderPitch">1.24616508592</joint><joint name="LHand">0.19</joint><joint name="LHipYawPitch">-0.268407204347</joint><joint name="LAnkleRoll">-0.237727806756</joint><joint name="RAnklePitch">-0.0214340394779</joint><joint name="LKneePitch">0.0551819004274</joint><joint name="LHipRoll">0.276161702214</joint><joint name="RAnkleRoll">-0.122677971392</joint><joint name="RShoulderPitch">1.32848528542</joint><joint name="RElbowRoll">1.03855991673</joint><joint name="RHipRoll">0.181053475285</joint></state><state><joint name="LShoulderRoll">0.0925024503557</joint><joint name="LHipPitch">0.170316035194</joint><joint name="LElbowYaw">-1.38404609683</joint><joint name="LAnklePitch">-0.0138480706039</joint><joint name="LWristYaw">-0.904080552533</joint><joint name="RShoulderRoll">-0.0521979110052</joint><joint name="RWristYaw">0.308291468414</joint><joint name="RHipYawPitch">-0.268407204347</joint><joint name="RHipPitch">0.173300024616</joint><joint name="HeadPitch">0.0250465219637</joint><joint name="RElbowYaw">0.777696025408</joint><joint name="RHand">0.2052</joint><joint name="LElbowRoll">-0.925024503557</joint><joint name="RKneePitch">0.0614019048156</joint><joint name="LShoulderPitch">1.24616508592</joint><joint name="LHand">0.55</joint><joint name="LHipYawPitch">-0.268407204347</joint><joint name="LAnkleRoll">-0.237727806756</joint><joint name="RAnklePitch">-0.0214340394779</joint><joint name="LKneePitch">0.0551819004274</joint><joint name="LHipRoll">0.276161702214</joint><joint name="RAnkleRoll">-0.122677971392</joint><joint name="RShoulderPitch">1.32848528542</joint><joint name="RElbowRoll">1.03855991673</joint><joint name="RHipRoll">0.181053475285</joint></state><state><joint name="LShoulderRoll">0.0925024503557</joint><joint name="LHipPitch">0.170316035194</joint><joint name="LElbowYaw">-1.38404609683</joint><joint name="LAnklePitch">-0.0138480706039</joint><joint name="LWristYaw">-0.904080552533</joint><joint name="RShoulderRoll">-0.0521979110052</joint><joint name="RWristYaw">0.308291468414</joint><joint name="RHipYawPitch">-0.268407204347</joint><joint name="RHipPitch">0.173300024616</joint><joint name="HeadPitch">-0.247016449035</joint><joint name="RElbowYaw">0.777696025408</joint><joint name="RHand">0.2052</joint><joint name="LElbowRoll">-0.925024503557</joint><joint name="RKneePitch">0.0614019048156</joint><joint name="LShoulderPitch">1.24616508592</joint><joint name="LHand">0.55</joint><joint name="LHipYawPitch">-0.268407204347</joint><joint name="LAnkleRoll">-0.237727806756</joint><joint name="RAnklePitch">-0.0214340394779</joint><joint name="LKneePitch">0.0551819004274</joint><joint name="LHipRoll">0.276161702214</joint><joint name="RAnkleRoll">-0.122677971392</joint><joint name="RShoulderPitch">1.32848528542</joint><joint name="RElbowRoll">1.03855991673</joint><joint name="RHipRoll">0.181053475285</joint></state><state><joint name="LShoulderRoll">-0.0820304748437</joint><joint name="LHipPitch">0.170316035194</joint><joint name="LElbowYaw">-1.38404609683</joint><joint name="LAnklePitch">-0.0138480706039</joint><joint name="LWristYaw">-0.904080552533</joint><joint name="RShoulderRoll">-0.0521979110052</joint><joint name="RWristYaw">0.308291468414</joint><joint name="RHipYawPitch">-0.268407204347</joint><joint name="RHipPitch">0.173300024616</joint><joint name="HeadPitch">-0.247016449035</joint><joint name="RElbowYaw">0.777696025408</joint><joint name="RHand">0.2052</joint><joint name="LElbowRoll">-1.25140107368</joint><joint name="RKneePitch">0.0614019048156</joint><joint name="LShoulderPitch">1.24616508592</joint><joint name="LHand">0.12</joint><joint name="LHipYawPitch">-0.268407204347</joint><joint name="LAnkleRoll">-0.237727806756</joint><joint name="RAnklePitch">-0.0214340394779</joint><joint name="LKneePitch">0.0551819004274</joint><joint name="LHipRoll">0.276161702214</joint><joint name="RAnkleRoll">-0.122677971392</joint><joint name="RShoulderPitch">1.32848528542</joint><joint name="RElbowRoll">1.03855991673</joint><joint name="RHipRoll">0.181053475285</joint></state><state><joint name="LShoulderRoll">-0.0820304748437</joint><joint name="LHipPitch">0.170316035194</joint><joint name="LElbowYaw">-1.38404609683</joint><joint name="LAnklePitch">-0.0138480706039</joint><joint name="LWristYaw">-0.904080552533</joint><joint name="RShoulderRoll">-0.0521979110052</joint><joint name="RWristYaw">0.308291468414</joint><joint name="RHipYawPitch">-0.268407204347</joint><joint name="RHipPitch">0.173300024616</joint><joint name="HeadPitch">-0.052053746809</joint><joint name="RElbowYaw">0.777696025408</joint><joint name="RHand">0.2052</joint><joint name="LElbowRoll">-1.25140107368</joint><joint name="RKneePitch">0.0614019048156</joint><joint name="LShoulderPitch">1.24616508592</joint><joint name="LHand">0.12</joint><joint name="LHipYawPitch">-0.268407204347</joint><joint name="LAnkleRoll">-0.237727806756</joint><joint name="RAnklePitch">-0.0214340394779</joint><joint name="LKneePitch">0.0551819004274</joint><joint name="LHipRoll">0.276161702214</joint><joint name="RAnkleRoll">-0.122677971392</joint><joint name="RShoulderPitch">1.32848528542</joint><joint name="RElbowRoll">1.03855991673</joint><joint name="RHipRoll">0.181053475285</joint></state><state><joint name="LShoulderRoll">0.0925024503557</joint><joint name="LHipPitch">0.170316035194</joint><joint name="LElbowYaw">-1.42244334038</joint><joint name="LAnklePitch">-0.0138480706039</joint><joint name="LWristYaw">-1.10828407502</joint><joint name="RShoulderRoll">-0.0521979110052</joint><joint name="RWristYaw">0.308291468414</joint><joint name="RHipYawPitch">-0.268407204347</joint><joint name="RHipPitch">0.173300024616</joint><joint name="HeadPitch">-0.052053746809</joint><joint name="RElbowYaw">0.777696025408</joint><joint name="RHand">0.2052</joint><joint name="LElbowRoll">-0.925024503557</joint><joint name="RKneePitch">0.0614019048156</joint><joint name="LShoulderPitch">1.24616508592</joint><joint name="LHand">0.55</joint><joint name="LHipYawPitch">-0.268407204347</joint><joint name="LAnkleRoll">-0.237727806756</joint><joint name="RAnklePitch">-0.0214340394779</joint><joint name="LKneePitch">0.0551819004274</joint><joint name="LHipRoll">0.276161702214</joint><joint name="RAnkleRoll">-0.122677971392</joint><joint name="RShoulderPitch">1.32848528542</joint><joint name="RElbowRoll">1.03855991673</joint><joint name="RHipRoll">0.181053475285</joint></state><state><joint name="LShoulderRoll">0.0925024503557</joint><joint name="LHipPitch">0.170316035194</joint><joint name="LElbowYaw">-1.42244334038</joint><joint name="LAnklePitch">-0.0138480706039</joint><joint name="LWristYaw">-1.10828407502</joint><joint name="RShoulderRoll">-0.0521979110052</joint><joint name="RWristYaw">0.308291468414</joint><joint name="RHipYawPitch">-0.268407204347</joint><joint name="RHipPitch">0.173300024616</joint><joint name="HeadPitch">-0.247016449035</joint><joint name="RElbowYaw">0.777696025408</joint><joint name="RHand">0.2052</joint><joint name="LElbowRoll">-0.925024503557</joint><joint name="RKneePitch">0.0614019048156</joint><joint name="LShoulderPitch">1.24616508592</joint><joint name="LHand">0.55</joint><joint name="LHipYawPitch">-0.268407204347</joint><joint name="LAnkleRoll">-0.237727806756</joint><joint name="RAnklePitch">-0.0214340394779</joint><joint name="LKneePitch">0.0551819004274</joint><joint name="LHipRoll">0.276161702214</joint><joint name="RAnkleRoll">-0.122677971392</joint><joint name="RShoulderPitch">1.32848528542</joint><joint name="RElbowRoll">1.03855991673</joint><joint name="RHipRoll">0.181053475285</joint></state><state><joint name="LShoulderRoll">0.0925024503557</joint><joint name="LHipPitch">0.170316035194</joint><joint name="LElbowYaw">-1.42244334038</joint><joint name="LAnklePitch">-0.0138480706039</joint><joint name="LWristYaw">-1.10828407502</joint><joint name="RShoulderRoll">-0.0521979110052</joint><joint name="RWristYaw">0.308291468414</joint><joint name="RHipYawPitch">-0.268407204347</joint><joint name="RHipPitch">0.173300024616</joint><joint name="HeadPitch">-0.247016449035</joint><joint name="RElbowYaw">0.777696025408</joint><joint name="RHand">0.2052</joint><joint name="LElbowRoll">-0.925024503557</joint><joint name="RKneePitch">0.0614019048156</joint><joint name="LShoulderPitch">1.24616508592</joint><joint name="LHand">0.55</joint><joint name="LHipYawPitch">-0.268407204347</joint><joint name="LAnkleRoll">-0.237727806756</joint><joint name="RAnklePitch">-0.0214340394779</joint><joint name="LKneePitch">0.0551819004274</joint><joint name="LHipRoll">0.276161702214</joint><joint name="RAnkleRoll">-0.122677971392</joint><joint name="RShoulderPitch">1.32848528542</joint><joint name="RElbowRoll">1.03855991673</joint><joint name="RHipRoll">0.181053475285</joint></state><state><joint name="LShoulderRoll">0.0925024503557</joint><joint name="LHipPitch">0.170316035194</joint><joint name="LElbowYaw">-1.42244334038</joint><joint name="LAnklePitch">-0.0138480706039</joint><joint name="LWristYaw">-1.10828407502</joint><joint name="RShoulderRoll">-0.0521979110052</joint><joint name="RWristYaw">0.308291468414</joint><joint name="RHipYawPitch">-0.268407204347</joint><joint name="RHipPitch">0.173300024616</joint><joint name="HeadPitch">-0.247016449035</joint><joint name="RElbowYaw">0.777696025408</joint><joint name="RHand">0.2052</joint><joint name="LElbowRoll">-1.15715329407</joint><joint name="RKneePitch">0.0614019048156</joint><joint name="LShoulderPitch">1.24616508592</joint><joint name="LHand">0.55</joint><joint name="LHipYawPitch">-0.268407204347</joint><joint name="LAnkleRoll">-0.237727806756</joint><joint name="RAnklePitch">-0.0214340394779</joint><joint name="LKneePitch">0.0551819004274</joint><joint name="LHipRoll">0.276161702214</joint><joint name="RAnkleRoll">-0.122677971392</joint><joint name="RShoulderPitch">1.32848528542</joint><joint name="RElbowRoll">1.03855991673</joint><joint name="RHipRoll">0.181053475285</joint></state><state><joint name="LShoulderRoll">-0.0820304748437</joint><joint name="LHipPitch">0.170316035194</joint><joint name="LElbowYaw">-0.91430643662</joint><joint name="LAnklePitch">-0.0138480706039</joint><joint name="LWristYaw">0.0137641377201</joint><joint name="RShoulderRoll">-0.0521979110052</joint><joint name="RWristYaw">0.308291468414</joint><joint name="RHipYawPitch">-0.268407204347</joint><joint name="RHipPitch">0.173300024616</joint><joint name="HeadPitch">-0.0820304748437</joint><joint name="RElbowYaw">0.777696025408</joint><joint name="RHand">0.2052</joint><joint name="LElbowRoll">-1.15715329407</joint><joint name="RKneePitch">0.0614019048156</joint><joint name="LShoulderPitch">1.24616508592</joint><joint name="LHand">0.1956</joint><joint name="LHipYawPitch">-0.268407204347</joint><joint name="LAnkleRoll">-0.237727806756</joint><joint name="RAnklePitch">-0.0214340394779</joint><joint name="LKneePitch">0.0551819004274</joint><joint name="LHipRoll">0.276161702214</joint><joint name="RAnkleRoll">-0.122677971392</joint><joint name="RShoulderPitch">1.32848528542</joint><joint name="RElbowRoll">1.03855991673</joint><joint name="RHipRoll">0.181053475285</joint></state><state><joint name="LShoulderRoll">-0.0820304748437</joint><joint name="LHipPitch">0.170316035194</joint><joint name="LElbowYaw">-0.91430643662</joint><joint name="LAnklePitch">-0.0138480706039</joint><joint name="LWristYaw">0.0137641377201</joint><joint name="RShoulderRoll">-0.0521979110052</joint><joint name="RWristYaw">0.308291468414</joint><joint name="RHipYawPitch">-0.268407204347</joint><joint name="RHipPitch">0.173300024616</joint><joint name="HeadPitch">-0.0820304748437</joint><joint name="RElbowYaw">0.777696025408</joint><joint name="RHand">0.2052</joint><joint name="LElbowRoll">-0.992455299208</joint><joint name="RKneePitch">0.0614019048156</joint><joint name="LShoulderPitch">1.24616508592</joint><joint name="LHand">0.1956</joint><joint name="LHipYawPitch">-0.268407204347</joint><joint name="LAnkleRoll">-0.237727806756</joint><joint name="RAnklePitch">-0.0214340394779</joint><joint name="LKneePitch">0.0551819004274</joint><joint name="LHipRoll">0.276161702214</joint><joint name="RAnkleRoll">-0.122677971392</joint><joint name="RShoulderPitch">1.32848528542</joint><joint name="RElbowRoll">1.03855991673</joint><joint name="RHipRoll">0.181053475285</joint></state><state name="pivot"><joint name="LShoulderRoll">0.0567160448399</joint><joint name="LHipPitch">0.170316035194</joint><joint name="LElbowYaw">-0.91430643662</joint><joint name="LAnklePitch">-0.0138480706039</joint><joint name="LWristYaw">0.0137641377201</joint><joint name="RShoulderRoll">-0.0521979110052</joint><joint name="RWristYaw">0.308291468414</joint><joint name="RHipYawPitch">-0.268407204347</joint><joint name="RHipPitch">0.173300024616</joint><joint name="HeadPitch">-0.247016449035</joint><joint name="RElbowYaw">0.777696025408</joint><joint name="RHand">0.2052</joint><joint name="LElbowRoll">-0.992455299208</joint><joint name="RKneePitch">0.0614019048156</joint><joint name="LShoulderPitch">1.38209132807</joint><joint name="LHand">0.1956</joint><joint name="LHipYawPitch">-0.268407204347</joint><joint name="LAnkleRoll">-0.237727806756</joint><joint name="RAnklePitch">-0.0214340394779</joint><joint name="LKneePitch">0.0551819004274</joint><joint name="LHipRoll">0.276161702214</joint><joint name="RAnkleRoll">-0.122677971392</joint><joint name="RShoulderPitch">1.32848528542</joint><joint name="RElbowRoll">1.03855991673</joint><joint name="RHipRoll">0.181053475285</joint></state></actuators><speed>neutral_norm</speed></robot>