<robot name="nao"><emotion name="neutral" /><repeat>0</repeat><actuators><state><joint name="LShoulderRoll">0.170232084857</joint><joint name="LHipPitch">-0.059783984599</joint><joint name="LElbowYaw">-1.95476876223</joint><joint name="LAnklePitch">-0.0874800909002</joint><joint name="LWristYaw">-0.684169066782</joint><joint name="RShoulderRoll">-0.280764135451</joint><joint name="RWristYaw">0.0873961405631</joint><joint name="HeadYaw">-0.237364778271</joint><joint name="RHipPitch">-0.081343862316</joint><joint name="HeadPitch">0.0209439510239</joint><joint name="RElbowYaw">1.23918376892</joint><joint name="RHand">0.64</joint><joint name="LElbowRoll">-0.993092344385</joint><joint name="RKneePitch">0.259287859006</joint><joint name="LShoulderPitch">1.21998514714</joint><joint name="RHipYawPitch">-0.220853963547</joint><joint name="LHand">0.84</joint><joint name="LHipYawPitch">-0.220853963547</joint><joint name="LAnkleRoll">-0.122677971392</joint><joint name="RAnklePitch">-0.0521139606682</joint><joint name="LKneePitch">0.256135794376</joint><joint name="LHipRoll">0.0936159704185</joint><joint name="RAnkleRoll">0.110489813627</joint><joint name="RShoulderPitch">1.21998514714</joint><joint name="RElbowRoll">1.54461638801</joint><joint name="RHipRoll">-0.104269983771</joint></state><state><joint name="LShoulderRoll">0.170232084857</joint><joint name="LHipPitch">0.124295891609</joint><joint name="LElbowYaw">-1.95476876223</joint><joint name="LAnklePitch">0.0781919722198</joint><joint name="LWristYaw">-0.684169066782</joint><joint name="RShoulderRoll">-0.280764135451</joint><joint name="RWristYaw">0.0873961405631</joint><joint name="HeadYaw">-0.237364778271</joint><joint name="RHipPitch">0.131881965203</joint><joint name="HeadPitch">0.0209439510239</joint><joint name="RElbowYaw">1.23918376892</joint><joint name="RHand">0.64</joint><joint name="LElbowRoll">-0.993092344385</joint><joint name="RKneePitch">-0.0751240324607</joint><joint name="LShoulderPitch">1.21998514714</joint><joint name="RHipYawPitch">-0.171766054736</joint><joint name="LHand">0.84</joint><joint name="LHipYawPitch">-0.171766054736</joint><joint name="LAnkleRoll">-0.121144001513</joint><joint name="RAnklePitch">0.081343862316</joint><joint name="LKneePitch">-0.081343862316</joint><joint name="LHipRoll">0.0905480306593</joint><joint name="RAnkleRoll">0.12889797578</joint><joint name="RShoulderPitch">1.21998514714</joint><joint name="RElbowRoll">1.54461638801</joint><joint name="RHipRoll">-0.0981341042531</joint></state><state><joint name="LShoulderRoll">0.170232084857</joint><joint name="LHipPitch">0.124295891609</joint><joint name="LElbowYaw">-1.04009406114</joint><joint name="LAnklePitch">0.0781919722198</joint><joint name="LWristYaw">-4.19617294752e-05</joint><joint name="RShoulderRoll">-0.280764135451</joint><joint name="RWristYaw">0.0873961405631</joint><joint name="HeadYaw">-0.0245859295741</joint><joint name="RHipPitch">0.131881965203</joint><joint name="HeadPitch">-0.17798518646</joint><joint name="RElbowYaw">0.966378334854</joint><joint name="RHand">0.17</joint><joint name="LElbowRoll">-1.22102187272</joint><joint name="RKneePitch">-0.0751240324607</joint><joint name="LShoulderPitch">1.48640442147</joint><joint name="RHipYawPitch">-0.171766054736</joint><joint name="LHand">0.2496</joint><joint name="LHipYawPitch">-0.171766054736</joint><joint name="LAnkleRoll">-0.121144001513</joint><joint name="RAnklePitch">0.081343862316</joint><joint name="LKneePitch">-0.081343862316</joint><joint name="LHipRoll">0.0905480306593</joint><joint name="RAnkleRoll">0.12889797578</joint><joint name="RShoulderPitch">1.49722546284</joint><joint name="RElbowRoll">1.33615600749</joint><joint name="RHipRoll">-0.0981341042531</joint></state><state name="pivot"><joint name="LShoulderRoll">0.170232084857</joint><joint name="LHipPitch">0.124295891609</joint><joint name="LElbowYaw">-1.04009406114</joint><joint name="LAnklePitch">0.0781919722198</joint><joint name="LWristYaw">-4.19617294752e-05</joint><joint name="RShoulderRoll">-0.280764135451</joint><joint name="RWristYaw">0.0873961405631</joint><joint name="HeadYaw">-0.0245859295741</joint><joint name="RHipPitch">0.131881965203</joint><joint name="HeadPitch">-0.17798518646</joint><joint name="RElbowYaw">0.966378334854</joint><joint name="RHand">0.17</joint><joint name="LElbowRoll">-1.22102187272</joint><joint name="RKneePitch">-0.0751240324607</joint><joint name="LShoulderPitch">1.48640442147</joint><joint name="RHipYawPitch">-0.171766054736</joint><joint name="LHand">0.2496</joint><joint name="LHipYawPitch">-0.171766054736</joint><joint name="LAnkleRoll">-0.121144001513</joint><joint name="RAnklePitch">0.081343862316</joint><joint name="LKneePitch">-0.081343862316</joint><joint name="LHipRoll">0.0905480306593</joint><joint name="RAnkleRoll">0.12889797578</joint><joint name="RShoulderPitch">1.49722546284</joint><joint name="RElbowRoll">1.33615600749</joint><joint name="RHipRoll">-0.0981341042531</joint></state></actuators><speed>neutral_norm</speed></robot>