<robot name="nao"><emotion name="neutral" /><repeat>0</repeat><actuators><state><joint name="LShoulderRoll">0.0291040634087</joint><joint name="LHipPitch">0.323716688343</joint><joint name="LElbowYaw">-1.01401535146</joint><joint name="LAnklePitch">0.0490460209091</joint><joint name="LWristYaw">-0.348259508284</joint><joint name="RShoulderRoll">-0.0721400430385</joint><joint name="RWristYaw">0.519984198717</joint><joint name="HeadYaw">0.0766580023402</joint><joint name="RHipPitch">0.334370178097</joint><joint name="HeadPitch">0.164060949687</joint><joint name="RElbowYaw">1.0507475509</joint><joint name="RHand">0.1116</joint><joint name="LElbowRoll">-1.14125334459</joint><joint name="RKneePitch">-0.0919980502019</joint><joint name="LShoulderPitch">1.40049931569</joint><joint name="RHipYawPitch">-0.165630175218</joint><joint name="LHand">0.1212</joint><joint name="LHipYawPitch">-0.165630175218</joint><joint name="LAnkleRoll">-0.145688043185</joint><joint name="RAnklePitch">0.0583337905236</joint><joint name="LKneePitch">-0.0920820005389</joint><joint name="LHipRoll">0.162646011263</joint><joint name="RAnkleRoll">0.107421873868</joint><joint name="RShoulderPitch">1.51409930604</joint><joint name="RElbowRoll">1.15667856452</joint><joint name="RHipRoll">-0.0996680741327</joint></state><state><joint name="LShoulderRoll">0.0475120510295</joint><joint name="LHipPitch">0.323716688343</joint><joint name="LElbowYaw">-0.987938387104</joint><joint name="LAnklePitch">0.0490460209091</joint><joint name="LWristYaw">-0.452572601688</joint><joint name="RShoulderRoll">-0.0614019048156</joint><joint name="RWristYaw">0.542994619576</joint><joint name="HeadYaw">0.0766580023402</joint><joint name="RHipPitch">0.334370178097</joint><joint name="HeadPitch">0.0275700935291</joint><joint name="RElbowYaw">1.00166016568</joint><joint name="RHand">0.036</joint><joint name="LElbowRoll">-1.28698484647</joint><joint name="RKneePitch">-0.0919980502019</joint><joint name="LShoulderPitch">1.38362547248</joint><joint name="RHipYawPitch">-0.165630175218</joint><joint name="LHand">0.044</joint><joint name="LHipYawPitch">-0.165630175218</joint><joint name="LAnkleRoll">-0.145688043185</joint><joint name="RAnklePitch">0.0583337905236</joint><joint name="LKneePitch">-0.0920820005389</joint><joint name="LHipRoll">0.162646011263</joint><joint name="RAnkleRoll">0.107421873868</joint><joint name="RShoulderPitch">1.45887534318</joint><joint name="RElbowRoll">1.26559234583</joint><joint name="RHipRoll">-0.0996680741327</joint></state><state><joint name="LShoulderRoll">0.0183660997187</joint><joint name="LHipPitch">0.286900713101</joint><joint name="LElbowYaw">-1.42205936794</joint><joint name="LAnklePitch">0.0490460209091</joint><joint name="LWristYaw">-0.895898449</joint><joint name="RShoulderRoll">-0.0506639411257</joint><joint name="RWristYaw">0.572139872755</joint><joint name="HeadYaw">0.0766580023402</joint><joint name="RHipPitch">0.279146215235</joint><joint name="HeadPitch">0.0275700935291</joint><joint name="RElbowYaw">1.00166016568</joint><joint name="RHand">0.5116</joint><joint name="LElbowRoll">-1.28698484647</joint><joint name="RKneePitch">-0.0919980502019</joint><joint name="LShoulderPitch">1.22085781177</joint><joint name="RHipYawPitch">-0.165630175218</joint><joint name="LHand">0.5088</joint><joint name="LHipYawPitch">-0.165630175218</joint><joint name="LAnkleRoll">-0.11040586329</joint><joint name="RAnklePitch">0.0583337905236</joint><joint name="LKneePitch">-0.0920820005389</joint><joint name="LHipRoll">0.101285994349</joint><joint name="RAnkleRoll">0.144238023642</joint><joint name="RShoulderPitch">1.23831110429</joint><joint name="RElbowRoll">1.26559234583</joint><joint name="RHipRoll">-0.157959976754</joint></state><state><joint name="LShoulderRoll">0.0183660997187</joint><joint name="LHipPitch">0.286900713101</joint><joint name="LElbowYaw">-1.42205936794</joint><joint name="LAnklePitch">0.0490460209091</joint><joint name="LWristYaw">-0.895898449</joint><joint name="RShoulderRoll">-0.0506639411257</joint><joint name="RWristYaw">0.572139872755</joint><joint name="HeadYaw">0.0766580023402</joint><joint name="RHipPitch">0.279146215235</joint><joint name="HeadPitch">0.0275700935291</joint><joint name="RElbowYaw">1.00166016568</joint><joint name="RHand">0.5116</joint><joint name="LElbowRoll">-1.02160229772</joint><joint name="RKneePitch">-0.0919980502019</joint><joint name="LShoulderPitch">1.39436448337</joint><joint name="RHipYawPitch">-0.165630175218</joint><joint name="LHand">0.5088</joint><joint name="LHipYawPitch">-0.165630175218</joint><joint name="LAnkleRoll">-0.11040586329</joint><joint name="RAnklePitch">0.0583337905236</joint><joint name="LKneePitch">-0.0920820005389</joint><joint name="LHipRoll">0.101285994349</joint><joint name="RAnkleRoll">0.144238023642</joint><joint name="RShoulderPitch">1.43126423441</joint><joint name="RElbowRoll">1.145210006</joint><joint name="RHipRoll">-0.157959976754</joint></state><state><joint name="LShoulderRoll">0.0720560927015</joint><joint name="LHipPitch">0.31604596628</joint><joint name="LElbowYaw">-1.10452114515</joint><joint name="LAnklePitch">0.059783984599</joint><joint name="LWristYaw">-0.59676821383</joint><joint name="RShoulderRoll">-0.0767419526773</joint><joint name="RWristYaw">0.553731885134</joint><joint name="HeadYaw">0.0766580023402</joint><joint name="RHipPitch">0.326699456035</joint><joint name="HeadPitch">0.200712863979</joint><joint name="RElbowYaw">0.986320466887</joint><joint name="RHand">0.1884</joint><joint name="LElbowRoll">-1.16886619868</joint><joint name="RKneePitch">-0.0923279174305</joint><joint name="LShoulderPitch">1.43884943534</joint><joint name="RHipYawPitch">-0.167164145098</joint><joint name="LHand">0.1936</joint><joint name="LHipYawPitch">-0.167164145098</joint><joint name="LAnkleRoll">-0.131881965203</joint><joint name="RAnklePitch">0.0644700191077</joint><joint name="LKneePitch">-0.0828778321956</joint><joint name="LHipRoll">0.142704053763</joint><joint name="RAnkleRoll">0.11816001209</joint><joint name="RShoulderPitch">1.41592453562</joint><joint name="RElbowRoll">1.19962937208</joint><joint name="RHipRoll">-0.119610031633</joint></state><state><joint name="LShoulderRoll">0.0720560927015</joint><joint name="LHipPitch">0.31604596628</joint><joint name="LElbowYaw">-1.10452114515</joint><joint name="LAnklePitch">0.059783984599</joint><joint name="LWristYaw">-0.59676821383</joint><joint name="RShoulderRoll">-0.0767419526773</joint><joint name="RWristYaw">0.553731885134</joint><joint name="HeadYaw">0.0582500147195</joint><joint name="RHipPitch">0.326699456035</joint><joint name="HeadPitch">0.101202044012</joint><joint name="RElbowYaw">0.986320466887</joint><joint name="RHand">0.1884</joint><joint name="LElbowRoll">-1.16886619868</joint><joint name="RKneePitch">-0.0923279174305</joint><joint name="LShoulderPitch">1.43884943534</joint><joint name="RHipYawPitch">-0.167164145098</joint><joint name="LHand">0.1936</joint><joint name="LHipYawPitch">-0.167164145098</joint><joint name="LAnkleRoll">-0.131881965203</joint><joint name="RAnklePitch">0.0644700191077</joint><joint name="LKneePitch">-0.0828778321956</joint><joint name="LHipRoll">0.142704053763</joint><joint name="RAnkleRoll">0.11816001209</joint><joint name="RShoulderPitch">1.41592453562</joint><joint name="RElbowRoll">1.19962937208</joint><joint name="RHipRoll">-0.119610031633</joint></state><state name="pivot"><joint name="LShoulderRoll">0.0459780811499</joint><joint name="LHipPitch">0.32218254393</joint><joint name="LElbowYaw">-1.01554949587</joint><joint name="LAnklePitch">0.0505799907886</joint><joint name="LWristYaw">-0.497057553663</joint><joint name="RShoulderRoll">-0.0506639411257</joint><joint name="RWristYaw">0.572139872755</joint><joint name="HeadYaw">0.0582500147195</joint><joint name="RHipPitch">0.334370178097</joint><joint name="HeadPitch">0.101202044012</joint><joint name="RElbowYaw">1.00166016568</joint><joint name="RHand">0.0308</joint><joint name="LElbowRoll">-1.29311967879</joint><joint name="RKneePitch">-0.0919980502019</joint><joint name="LShoulderPitch">1.39436448337</joint><joint name="RHipYawPitch">-0.165630175218</joint><joint name="LHand">0.0408</joint><joint name="LHipYawPitch">-0.165630175218</joint><joint name="LAnkleRoll">-0.145688043185</joint><joint name="RAnklePitch">0.0583337905236</joint><joint name="LKneePitch">-0.0920820005389</joint><joint name="LHipRoll">0.156509957212</joint><joint name="RAnkleRoll">0.11816001209</joint><joint name="RShoulderPitch">1.43126423441</joint><joint name="RElbowRoll">1.26559234583</joint><joint name="RHipRoll">-0.119610031633</joint></state></actuators><speed>neutral_norm</speed></robot>