<robot name="nao"><emotion name="neutral" /><repeat>0</repeat><actuators><state><joint name="LShoulderRoll">-0.035323893264</joint><joint name="LHipPitch">0.199461462906</joint><joint name="LElbowYaw">-1.36530300599</joint><joint name="LAnklePitch">0.0367740873395</joint><joint name="LWristYaw">-0.7762456568</joint><joint name="RShoulderRoll">-0.102819964229</joint><joint name="RWristYaw">0.943367913995</joint><joint name="HeadYaw">0.0321720031679</joint><joint name="RHipPitch">0.170232084857</joint><joint name="HeadPitch">-0.182587619697</joint><joint name="RElbowYaw">1.40817003775</joint><joint name="RHand">0.3488</joint><joint name="LElbowRoll">-0.9878546113</joint><joint name="RKneePitch">-0.0843278517381</joint><joint name="LShoulderPitch">1.47873369941</joint><joint name="RHipYawPitch">-0.17483486716</joint><joint name="LHand">0.8568</joint><joint name="LHipYawPitch">-0.17483486716</joint><joint name="LAnkleRoll">-0.0889301104427</joint><joint name="RAnklePitch">0.0660039889873</joint><joint name="LKneePitch">-0.0859461210206</joint><joint name="LHipRoll">0.0828778321956</joint><joint name="RAnkleRoll">0.138101969591</joint><joint name="RShoulderPitch">1.51716759487</joint><joint name="RElbowRoll">1.43433252324</joint><joint name="RHipRoll">-0.134950079495</joint></state><state><joint name="LShoulderRoll">-0.0230519596945</joint><joint name="LHipPitch">0.260822003418</joint><joint name="LElbowYaw">-1.38677753711</joint><joint name="LAnklePitch">0.0137641377201</joint><joint name="LWristYaw">-0.767042535654</joint><joint name="RShoulderRoll">-0.135034029832</joint><joint name="RWristYaw">1.12898193462</joint><joint name="HeadYaw">0.0321720031679</joint><joint name="RHipPitch">0.234659517931</joint><joint name="HeadPitch">0.0628318530718</joint><joint name="RElbowYaw">1.57537607075</joint><joint name="RHand">0.8544</joint><joint name="LElbowRoll">-1.09830253702</joint><joint name="RKneePitch">-0.0843278517381</joint><joint name="LShoulderPitch">1.51554967465</joint><joint name="RHipYawPitch">-0.17483486716</joint><joint name="LHand">0.7036</joint><joint name="LHipYawPitch">-0.17483486716</joint><joint name="LAnkleRoll">-0.0919980502019</joint><joint name="RAnklePitch">0.0368580376765</joint><joint name="LKneePitch">-0.0859461210206</joint><joint name="LHipRoll">0.081343862316</joint><joint name="RAnkleRoll">0.139636114003</joint><joint name="RShoulderPitch">1.51716759487</joint><joint name="RElbowRoll">0.892830160175</joint><joint name="RHipRoll">-0.139552163666</joint></state><state name="pivot"><joint name="LShoulderRoll">-0.0230519596945</joint><joint name="LHipPitch">0.260822003418</joint><joint name="LElbowYaw">-1.38677753711</joint><joint name="LAnklePitch">0.0137641377201</joint><joint name="LWristYaw">-0.767042535654</joint><joint name="RShoulderRoll">-0.107421873868</joint><joint name="RWristYaw">1.10137082585</joint><joint name="HeadYaw">0.0321720031679</joint><joint name="RHipPitch">0.234659517931</joint><joint name="HeadPitch">-0.159577896971</joint><joint name="RElbowYaw">1.54929736107</joint><joint name="RHand">0.6968</joint><joint name="LElbowRoll">-1.09830253702</joint><joint name="RKneePitch">-0.0843278517381</joint><joint name="LShoulderPitch">1.51554967465</joint><joint name="RHipYawPitch">-0.17483486716</joint><joint name="LHand">0.7036</joint><joint name="LHipYawPitch">-0.17483486716</joint><joint name="LAnkleRoll">-0.0919980502019</joint><joint name="RAnklePitch">0.0368580376765</joint><joint name="LKneePitch">-0.0859461210206</joint><joint name="LHipRoll">0.081343862316</joint><joint name="RAnkleRoll">0.139636114003</joint><joint name="RShoulderPitch">1.54631459338</joint><joint name="RElbowRoll">1.08304661403</joint><joint name="RHipRoll">-0.139552163666</joint></state></actuators><speed>neutral_norm</speed></robot>