<robot name="nao"><emotion name="neutral" /><repeat>0</repeat><actuators><state><joint name="LShoulderPitch">1.24616508592</joint><joint name="LShoulderRoll">-0.0820304748437</joint><joint name="LHand">0.19</joint><joint name="LElbowYaw">-0.91430643662</joint><joint name="LWristYaw">0.0137641377201</joint><joint name="RShoulderRoll">0.0820304748437</joint><joint name="RWristYaw">0.308291468414</joint><joint name="HeadYaw">-0.17798518646</joint><joint name="RShoulderPitch">1.24616508592</joint><joint name="RElbowYaw">0.777696025408</joint><joint name="RElbowRoll">1.19555053762</joint><joint name="HeadPitch">0.11344640138</joint><joint name="RHand">0.19</joint><joint name="LElbowRoll">-1.19555053762</joint></state><state><joint name="LShoulderPitch">1.24616508592</joint><joint name="LShoulderRoll">0.0925024503557</joint><joint name="LHand">0.55</joint><joint name="LElbowYaw">-0.91430643662</joint><joint name="LWristYaw">-0.904080552533</joint><joint name="RShoulderRoll">-0.0925024503557</joint><joint name="RWristYaw">0.904080552533</joint><joint name="HeadYaw">-0.17798518646</joint><joint name="RShoulderPitch">1.24616508592</joint><joint name="RElbowYaw">0.777696025408</joint><joint name="RElbowRoll">0.925024503557</joint><joint name="HeadPitch">0.11344640138</joint><joint name="RHand">0.55</joint><joint name="LElbowRoll">-0.925024503557</joint></state><state><joint name="LShoulderPitch">1.24616508592</joint><joint name="LShoulderRoll">0.0925024503557</joint><joint name="LHand">0.55</joint><joint name="LElbowYaw">-0.91430643662</joint><joint name="LWristYaw">-0.904080552533</joint><joint name="RShoulderRoll">-0.0925024503557</joint><joint name="RWristYaw">0.904080552533</joint><joint name="HeadYaw">-0.17798518646</joint><joint name="RShoulderPitch">1.24616508592</joint><joint name="RElbowYaw">0.777696025408</joint><joint name="RElbowRoll">0.925024503557</joint><joint name="HeadPitch">-0.247016449035</joint><joint name="RHand">0.55</joint><joint name="LElbowRoll">-0.925024503557</joint></state><state><joint name="LShoulderPitch">1.24616508592</joint><joint name="LShoulderRoll">-0.0820304748437</joint><joint name="LHand">0.1956</joint><joint name="LElbowYaw">-0.91430643662</joint><joint name="LWristYaw">0.0137641377201</joint><joint name="RShoulderRoll">0.0820304748437</joint><joint name="RWristYaw">0.308291468414</joint><joint name="HeadYaw">-0.17798518646</joint><joint name="RShoulderPitch">1.24616508592</joint><joint name="RElbowYaw">0.777696025408</joint><joint name="RElbowRoll">1.03855991673</joint><joint name="HeadPitch">-0.247016449035</joint><joint name="RHand">0.2052</joint><joint name="LElbowRoll">-0.992455299208</joint></state><state name="pivot"><joint name="LShoulderPitch">1.24616508592</joint><joint name="LShoulderRoll">-0.0820304748437</joint><joint name="LHand">0.1956</joint><joint name="LElbowYaw">-0.91430643662</joint><joint name="LWristYaw">0.0137641377201</joint><joint name="RShoulderRoll">0.0820304748437</joint><joint name="RWristYaw">0.308291468414</joint><joint name="HeadYaw">-0.17798518646</joint><joint name="RShoulderPitch">1.24616508592</joint><joint name="RElbowYaw">0.777696025408</joint><joint name="RElbowRoll">1.03855991673</joint><joint name="HeadPitch">-0.247016449035</joint><joint name="RHand">0.2052</joint><joint name="LElbowRoll">-0.992455299208</joint></state></actuators><speed>neutral_norm</speed></robot>