<robot name="nao"><emotion name="neutral" /><repeat>0</repeat><actuators><state><joint name="LShoulderRoll">0.0260359491166</joint><joint name="LHipPitch">0.446436024038</joint><joint name="LElbowYaw">-1.18428967328</joint><joint name="LAnklePitch">0.0106959361616</joint><joint name="LWristYaw">-0.918908869858</joint><joint name="RShoulderRoll">-0.11969398197</joint><joint name="RWristYaw">-0.0767419526773</joint><joint name="HeadYaw">-0.0245859295741</joint><joint name="RHipPitch">0.483979801578</joint><joint name="HeadPitch">-0.0506145483078</joint><joint name="RElbowYaw">1.38362547248</joint><joint name="RHand">0.5008</joint><joint name="LElbowRoll">-1.42811216979</joint><joint name="RKneePitch">-0.0904640803223</joint><joint name="LShoulderPitch">1.07222382734</joint><joint name="RHipYawPitch">-0.315962190476</joint><joint name="LHand">0.0984</joint><joint name="LHipYawPitch">-0.315962190476</joint><joint name="LAnkleRoll">-0.038308231752</joint><joint name="RAnklePitch">-0.0398422016316</joint><joint name="LKneePitch">-0.081343862316</joint><joint name="LHipRoll">0.0598679349361</joint><joint name="RAnkleRoll">0.13196591554</joint><joint name="RShoulderPitch">1.80863234396</joint><joint name="RElbowRoll">0.874422172554</joint><joint name="RHipRoll">-0.205514264752</joint></state><state><joint name="LShoulderRoll">-4.19617294752e-05</joint><joint name="LHipPitch">0.216335306114</joint><joint name="LElbowYaw">-1.19502868417</joint><joint name="LAnklePitch">0.0199000695983</joint><joint name="LWristYaw">-0.90816985897</joint><joint name="RShoulderRoll">-0.145771993522</joint><joint name="RWristYaw">-0.0767419526773</joint><joint name="HeadYaw">-0.102819964229</joint><joint name="RHipPitch">0.220853963547</joint><joint name="HeadPitch">0.150098315672</joint><joint name="RElbowYaw">1.50788069792</joint><joint name="RHand">0.28</joint><joint name="LElbowRoll">-0.623082542962</joint><joint name="RKneePitch">0.081343862316</joint><joint name="LShoulderPitch">0.855211333477</joint><joint name="RHipYawPitch">-0.346641588068</joint><joint name="LHand">0.84</joint><joint name="LHipYawPitch">-0.346641588068</joint><joint name="LAnkleRoll">0.00310993238096</joint><joint name="RAnklePitch">-0.0444441112703</joint><joint name="LKneePitch">0.0398422016316</joint><joint name="LHipRoll">0.00157594679342</joint><joint name="RAnkleRoll">0.141170083883</joint><joint name="RShoulderPitch">1.81783022912</joint><joint name="RElbowRoll">0.898966737825</joint><joint name="RHipRoll">-0.180969699481</joint></state><state><joint name="LShoulderRoll">-4.19617294752e-05</joint><joint name="LHipPitch">0.216335306114</joint><joint name="LElbowYaw">-1.19502868417</joint><joint name="LAnklePitch">0.0199000695983</joint><joint name="LWristYaw">-0.90816985897</joint><joint name="RShoulderRoll">-0.145771993522</joint><joint name="RWristYaw">-0.0767419526773</joint><joint name="HeadYaw">-0.102819964229</joint><joint name="RHipPitch">0.220853963547</joint><joint name="HeadPitch">-0.132645023152</joint><joint name="RElbowYaw">1.50788069792</joint><joint name="RHand">0.28</joint><joint name="LElbowRoll">-0.623082542962</joint><joint name="RKneePitch">0.081343862316</joint><joint name="LShoulderPitch">0.855211333477</joint><joint name="RHipYawPitch">-0.346641588068</joint><joint name="LHand">0.84</joint><joint name="LHipYawPitch">-0.346641588068</joint><joint name="LAnkleRoll">0.00310993238096</joint><joint name="RAnklePitch">-0.0444441112703</joint><joint name="LKneePitch">0.0398422016316</joint><joint name="LHipRoll">0.00157594679342</joint><joint name="RAnkleRoll">0.141170083883</joint><joint name="RShoulderPitch">1.81783022912</joint><joint name="RElbowRoll">0.898966737825</joint><joint name="RHipRoll">-0.180969699481</joint></state><state><joint name="LShoulderRoll">0.00149202438166</joint><joint name="LHipPitch">0.296103834247</joint><joint name="LElbowYaw">-1.2502509017</joint><joint name="LAnklePitch">0.0582500147195</joint><joint name="LWristYaw">-0.918908869858</joint><joint name="RShoulderRoll">-0.156509957212</joint><joint name="RWristYaw">-0.0767419526773</joint><joint name="HeadYaw">-0.144238023642</joint><joint name="RHipPitch">0.322098768126</joint><joint name="HeadPitch">0.164060949687</joint><joint name="RElbowYaw">1.56463880519</joint><joint name="RHand">0.14</joint><joint name="LElbowRoll">-0.737811761342</joint><joint name="RKneePitch">-0.0827938818586</joint><joint name="LShoulderPitch">0.894280528783</joint><joint name="RHipYawPitch">-0.351244021305</joint><joint name="LHand">0.7</joint><joint name="LHipYawPitch">-0.351244021305</joint><joint name="LAnkleRoll">0.0261198994536</joint><joint name="RAnklePitch">0.0445280616074</joint><joint name="LKneePitch">-0.0736740129181</joint><joint name="LHipRoll">-0.015298125053</joint><joint name="RAnkleRoll">0.15037390316</joint><joint name="RShoulderPitch">1.84236955841</joint><joint name="RElbowRoll">0.926577846591</joint><joint name="RHipRoll">-0.205514264752</joint></state><state><joint name="LShoulderRoll">-0.00924586425915</joint><joint name="LHipPitch">0.23781158256</joint><joint name="LElbowYaw">-0.971064543895</joint><joint name="LAnklePitch">0.127280055564</joint><joint name="LWristYaw">-0.101285994349</joint><joint name="RShoulderRoll">-0.167248095435</joint><joint name="RWristYaw">-0.0767419526773</joint><joint name="HeadYaw">-0.095149940298</joint><joint name="RHipPitch">0.292951769618</joint><joint name="HeadPitch">-0.0383920075561</joint><joint name="RElbowYaw">1.53395766227</joint><joint name="RHand">0.1532</joint><joint name="LElbowRoll">-1.04154442975</joint><joint name="RKneePitch">-0.0735900625811</joint><joint name="LShoulderPitch">1.2026138851</joint><joint name="RHipYawPitch">-0.35431231013</joint><joint name="LHand">0.436</joint><joint name="LHipYawPitch">-0.35431231013</joint><joint name="LAnkleRoll">-0.038308231752</joint><joint name="RAnklePitch">0.0767419526773</joint><joint name="LKneePitch">-0.0752079827977</joint><joint name="LHipRoll">0.0690719287465</joint><joint name="RAnkleRoll">0.081343862316</joint><joint name="RShoulderPitch">1.80709645422</joint><joint name="RElbowRoll">0.733294849238</joint><joint name="RHipRoll">-0.095065989961</joint></state><state name="pivot"><joint name="LShoulderRoll">-0.0307219836253</joint><joint name="LHipPitch">0.224006028176</joint><joint name="LElbowYaw">-0.929646135416</joint><joint name="LAnklePitch">0.147222013064</joint><joint name="LWristYaw">0.145688043185</joint><joint name="RShoulderRoll">-0.197927318493</joint><joint name="RWristYaw">-0.0767419526773</joint><joint name="HeadYaw">-0.095149940298</joint><joint name="RHipPitch">0.289883480793</joint><joint name="HeadPitch">-0.0583337905236</joint><joint name="RElbowYaw">1.53549180669</joint><joint name="RHand">0.1532</joint><joint name="LElbowRoll">-1.11210809141</joint><joint name="RKneePitch">-0.0766580023402</joint><joint name="LShoulderPitch">1.18880833072</joint><joint name="RHipYawPitch">-0.349709876893</joint><joint name="LHand">0.3828</joint><joint name="LHipYawPitch">-0.349709876893</joint><joint name="LAnkleRoll">-0.0459780811499</joint><joint name="RAnklePitch">0.0890140607797</joint><joint name="LKneePitch">-0.070606073159</joint><joint name="LHipRoll">0.0890140607797</joint><joint name="RAnkleRoll">0.0583337905236</joint><joint name="RShoulderPitch">1.81783022912</joint><joint name="RElbowRoll">0.708750283967</joint><joint name="RHipRoll">-0.0781919722198</joint></state></actuators><speed>neutral_norm</speed></robot>