<robot name="nao"><emotion name="neutral" /><repeat>0</repeat><actuators><state><joint name="LShoulderRoll">-0.0244346095279</joint><joint name="LHipPitch">-0.268492725481</joint><joint name="LElbowYaw">-0.799360797413</joint><joint name="LAnklePitch">-0.10887189341</joint><joint name="LWristYaw">-0.733038285838</joint><joint name="RShoulderRoll">-0.0925024503557</joint><joint name="RWristYaw">0.289724655831</joint><joint name="HeadYaw">0.0506639411257</joint><joint name="RHipPitch">-0.217785674722</joint><joint name="HeadPitch">0.0</joint><joint name="RElbowYaw">0.799360797413</joint><joint name="RHand">0.2</joint><joint name="LElbowRoll">-1.15715329407</joint><joint name="RKneePitch">0.418739394138</joint><joint name="LShoulderPitch">1.15540796482</joint><joint name="RHipYawPitch">-0.193242854781</joint><joint name="LHand">0.35</joint><joint name="LHipYawPitch">-0.193242854781</joint><joint name="LAnkleRoll">-0.105803953651</joint><joint name="RAnklePitch">-0.136567999711</joint><joint name="LKneePitch">0.434164614068</joint><joint name="LHipRoll">0.0767419526773</joint><joint name="RAnkleRoll">0.056799820644</joint><joint name="RShoulderPitch">1.12573736754</joint><joint name="RElbowRoll">0.989601685881</joint><joint name="RHipRoll">0.00157594679342</joint></state><state name="pivot"><joint name="LShoulderRoll">-0.0244346095279</joint><joint name="LHipPitch">-0.0659200386503</joint><joint name="LElbowYaw">-0.720820981074</joint><joint name="LAnklePitch">0.159493946634</joint><joint name="LWristYaw">-0.596902604182</joint><joint name="RShoulderRoll">0.169296937443</joint><joint name="RWristYaw">0.153588974176</joint><joint name="HeadYaw">0.0506639411257</joint><joint name="RHipPitch">-0.0491299712461</joint><joint name="HeadPitch">-0.15037390316</joint><joint name="RElbowYaw">0.386525852134</joint><joint name="RHand">0.15</joint><joint name="LElbowRoll">-0.228638132011</joint><joint name="RKneePitch">-0.0827938818586</joint><joint name="LShoulderPitch">1.15540796482</joint><joint name="RHipYawPitch">-0.243864384406</joint><joint name="LHand">0.57</joint><joint name="LHipYawPitch">-0.243864384406</joint><joint name="LAnkleRoll">-0.105803953651</joint><joint name="RAnklePitch">0.156509957212</joint><joint name="LKneePitch">-0.0890140607797</joint><joint name="LHipRoll">0.0767419526773</joint><joint name="RAnkleRoll">0.056799820644</joint><joint name="RShoulderPitch">0.914552528045</joint><joint name="RElbowRoll">1.25140107368</joint><joint name="RHipRoll">0.00157594679342</joint></state></actuators><speed>neutral_norm</speed></robot>