<robot name="nao"><emotion name="neutral" /><repeat>0</repeat><actuators><state><joint name="LShoulderRoll">-0.15190787304</joint><joint name="LHipPitch">-0.268492725481</joint><joint name="LElbowYaw">-0.799360797413</joint><joint name="LAnklePitch">-0.10887189341</joint><joint name="LWristYaw">-0.733038285838</joint><joint name="RShoulderRoll">-0.0925024503557</joint><joint name="RWristYaw">0.289724655831</joint><joint name="HeadYaw">0.0506639411257</joint><joint name="RHipPitch">-0.217785674722</joint><joint name="HeadPitch">0.0</joint><joint name="RElbowYaw">0.799360797413</joint><joint name="RHand">0.2</joint><joint name="LElbowRoll">-1.15715329407</joint><joint name="RKneePitch">0.418739394138</joint><joint name="LShoulderPitch">1.3962634016</joint><joint name="RHipYawPitch">-0.193242854781</joint><joint name="LHand">0.35</joint><joint name="LHipYawPitch">-0.193242854781</joint><joint name="LAnkleRoll">-0.127280055564</joint><joint name="RAnklePitch">-0.136567999711</joint><joint name="LKneePitch">0.434164614068</joint><joint name="LHipRoll">0.0828778321956</joint><joint name="RAnkleRoll">0.0982178800572</joint><joint name="RShoulderPitch">1.12573736754</joint><joint name="RElbowRoll">0.989601685881</joint><joint name="RHipRoll">-0.059783984599</joint></state><state><joint name="LShoulderRoll">-0.15190787304</joint><joint name="LHipPitch">-0.596684438026</joint><joint name="LElbowYaw">-1.43126423441</joint><joint name="LAnklePitch">-0.391212061176</joint><joint name="LWristYaw">0.582878883642</joint><joint name="RShoulderRoll">-0.0291878392128</joint><joint name="RWristYaw">0.00762796149584</joint><joint name="HeadYaw">0.0506639411257</joint><joint name="RHipPitch">-0.67500259755</joint><joint name="HeadPitch">-0.15037390316</joint><joint name="RElbowYaw">0.546061163071</joint><joint name="RHand">0.1564</joint><joint name="LElbowRoll">-1.19187661954</joint><joint name="RKneePitch">0.96799625507</joint><joint name="LShoulderPitch">1.3962634016</joint><joint name="RHipYawPitch">-0.251533361139</joint><joint name="LHand">0.24</joint><joint name="LHipYawPitch">-0.251533361139</joint><joint name="LAnkleRoll">-0.127280055564</joint><joint name="RAnklePitch">-0.303690780506</joint><joint name="LKneePitch">0.99398944362</joint><joint name="LHipRoll">0.0828778321956</joint><joint name="RAnkleRoll">0.0982178800572</joint><joint name="RShoulderPitch">1.19042625093</joint><joint name="RElbowRoll">1.42666180118</joint><joint name="RHipRoll">-0.059783984599</joint></state><state name="pivot"><joint name="LShoulderRoll">-0.15190787304</joint><joint name="LHipPitch">-0.596684438026</joint><joint name="LElbowYaw">-1.43126423441</joint><joint name="LAnklePitch">-0.391212061176</joint><joint name="LWristYaw">0.582878883642</joint><joint name="RShoulderRoll">-0.0291878392128</joint><joint name="RWristYaw">0.00762796149584</joint><joint name="HeadYaw">0.0506639411257</joint><joint name="RHipPitch">-0.67500259755</joint><joint name="HeadPitch">-0.15037390316</joint><joint name="RElbowYaw">0.546061163071</joint><joint name="RHand">0.1564</joint><joint name="LElbowRoll">-1.19187661954</joint><joint name="RKneePitch">0.96799625507</joint><joint name="LShoulderPitch">1.3962634016</joint><joint name="RHipYawPitch">-0.251533361139</joint><joint name="LHand">0.24</joint><joint name="LHipYawPitch">-0.251533361139</joint><joint name="LAnkleRoll">-0.127280055564</joint><joint name="RAnklePitch">-0.303690780506</joint><joint name="LKneePitch">0.99398944362</joint><joint name="LHipRoll">0.0828778321956</joint><joint name="RAnkleRoll">0.0982178800572</joint><joint name="RShoulderPitch">1.19042625093</joint><joint name="RElbowRoll">1.42666180118</joint><joint name="RHipRoll">-0.059783984599</joint></state></actuators><speed>neutral_norm</speed></robot>