<robot name="nao"><emotion name="neutral" /><repeat>0</repeat><actuators><state><joint name="LShoulderRoll">0.0925024503557</joint><joint name="LHipPitch">-0.268492725481</joint><joint name="LElbowYaw">-0.799360797413</joint><joint name="LAnklePitch">-0.10887189341</joint><joint name="LWristYaw">-0.289724655831</joint><joint name="RShoulderRoll">0.0244346095279</joint><joint name="RWristYaw">0.733038285838</joint><joint name="HeadYaw">0.0506639411257</joint><joint name="RHipPitch">-0.217785674722</joint><joint name="HeadPitch">0.0</joint><joint name="RElbowYaw">0.799360797413</joint><joint name="RHand">0.35</joint><joint name="LElbowRoll">-0.989601685881</joint><joint name="RKneePitch">0.418739394138</joint><joint name="LShoulderPitch">1.12573736754</joint><joint name="RHipYawPitch">-0.193242854781</joint><joint name="LHand">0.2</joint><joint name="LHipYawPitch">-0.193242854781</joint><joint name="LAnkleRoll">-0.127280055564</joint><joint name="RAnklePitch">-0.136567999711</joint><joint name="LKneePitch">0.434164614068</joint><joint name="LHipRoll">0.112024132572</joint><joint name="RAnkleRoll">0.0782759225568</joint><joint name="RShoulderPitch">1.24616508592</joint><joint name="RElbowRoll">1.15715329407</joint><joint name="RHipRoll">-0.0705221228219</joint></state><state name="pivot"><joint name="LShoulderRoll">-0.169296937443</joint><joint name="LHipPitch">0.271559268976</joint><joint name="LElbowYaw">-0.386525852134</joint><joint name="LAnklePitch">-0.136567999711</joint><joint name="LWristYaw">-0.153588974176</joint><joint name="RShoulderRoll">0.0244346095279</joint><joint name="RWristYaw">0.596902604182</joint><joint name="HeadYaw">0.0506639411257</joint><joint name="RHipPitch">0.279146215235</joint><joint name="HeadPitch">-0.15037390316</joint><joint name="RElbowYaw">0.720820981074</joint><joint name="RHand">0.57</joint><joint name="LElbowRoll">-1.25140107368</joint><joint name="RKneePitch">0.102819964229</joint><joint name="LShoulderPitch">0.914552528045</joint><joint name="RHipYawPitch">-0.173300024616</joint><joint name="LHand">0.15</joint><joint name="LHipYawPitch">-0.173300024616</joint><joint name="LAnkleRoll">-0.127280055564</joint><joint name="RAnklePitch">-0.217785674722</joint><joint name="LKneePitch">0.0536479305478</joint><joint name="LHipRoll">0.112024132572</joint><joint name="RAnkleRoll">0.0782759225568</joint><joint name="RShoulderPitch">1.24616508592</joint><joint name="RElbowRoll">0.228638132011</joint><joint name="RHipRoll">-0.0705221228219</joint></state></actuators><speed>neutral_norm</speed></robot>