<robot name="nao"><emotion name="neutral" /><repeat>0</repeat><actuators><state><joint name="LShoulderRoll">0.142620103425</joint><joint name="LHipPitch">-0.059783984599</joint><joint name="LElbowYaw">-1.28860276669</joint><joint name="LAnklePitch">-0.0874800909002</joint><joint name="LWristYaw">-0.93731511215</joint><joint name="RShoulderRoll">-0.0721400430385</joint><joint name="RWristYaw">0.793035724204</joint><joint name="HeadYaw">0.0</joint><joint name="RHipPitch">-0.081343862316</joint><joint name="HeadPitch">0.0209439510239</joint><joint name="RElbowYaw">1.45879156738</joint><joint name="RHand">0.024</joint><joint name="LElbowRoll">-1.00012602127</joint><joint name="RKneePitch">0.259287859006</joint><joint name="LShoulderPitch">0.918823348725</joint><joint name="RHipYawPitch">-0.220853963547</joint><joint name="LHand">0.3168</joint><joint name="LHipYawPitch">-0.220853963547</joint><joint name="LAnkleRoll">-0.122677971392</joint><joint name="RAnklePitch">-0.0521139606682</joint><joint name="LKneePitch">0.256135794376</joint><joint name="LHipRoll">0.0936159704185</joint><joint name="RAnkleRoll">0.110489813627</joint><joint name="RShoulderPitch">0.570689504146</joint><joint name="RElbowRoll">1.08918144635</joint><joint name="RHipRoll">-0.104269983771</joint></state><state><joint name="LShoulderRoll">0.142620103425</joint><joint name="LHipPitch">-0.059783984599</joint><joint name="LElbowYaw">-1.28860276669</joint><joint name="LAnklePitch">-0.0874800909002</joint><joint name="LWristYaw">-0.93731511215</joint><joint name="RShoulderRoll">-0.252966276455</joint><joint name="RWristYaw">1.22509547119</joint><joint name="HeadYaw">0.0</joint><joint name="RHipPitch">-0.081343862316</joint><joint name="HeadPitch">-0.155334303427</joint><joint name="RElbowYaw">1.65201347821</joint><joint name="RHand">0.72</joint><joint name="LElbowRoll">-1.00012602127</joint><joint name="RKneePitch">0.259287859006</joint><joint name="LShoulderPitch">0.918823348725</joint><joint name="RHipYawPitch">-0.220853963547</joint><joint name="LHand">0.3168</joint><joint name="LHipYawPitch">-0.220853963547</joint><joint name="LAnkleRoll">-0.122677971392</joint><joint name="RAnklePitch">-0.0521139606682</joint><joint name="LKneePitch">0.256135794376</joint><joint name="LHipRoll">0.0936159704185</joint><joint name="RAnkleRoll">0.110489813627</joint><joint name="RShoulderPitch">0.487636266361</joint><joint name="RElbowRoll">0.41553846029</joint><joint name="RHipRoll">-0.104269983771</joint></state><state><joint name="LShoulderRoll">0.252966276455</joint><joint name="LHipPitch">-0.059783984599</joint><joint name="LElbowYaw">-1.65201347821</joint><joint name="LAnklePitch">-0.0874800909002</joint><joint name="LWristYaw">-1.22341122847</joint><joint name="RShoulderRoll">-0.252966276455</joint><joint name="RWristYaw">1.22509547119</joint><joint name="HeadYaw">0.0</joint><joint name="RHipPitch">-0.081343862316</joint><joint name="HeadPitch">-0.155334303427</joint><joint name="RElbowYaw">1.65201347821</joint><joint name="RHand">0.72</joint><joint name="LElbowRoll">-0.414292295204</joint><joint name="RKneePitch">0.259287859006</joint><joint name="LShoulderPitch">0.802022424523</joint><joint name="RHipYawPitch">-0.220853963547</joint><joint name="LHand">0.72</joint><joint name="LHipYawPitch">-0.220853963547</joint><joint name="LAnkleRoll">-0.122677971392</joint><joint name="RAnklePitch">-0.0521139606682</joint><joint name="LKneePitch">0.256135794376</joint><joint name="LHipRoll">0.0936159704185</joint><joint name="RAnkleRoll">0.110489813627</joint><joint name="RShoulderPitch">0.487636266361</joint><joint name="RElbowRoll">0.41553846029</joint><joint name="RHipRoll">-0.104269983771</joint></state><state><joint name="LShoulderRoll">0.252966276455</joint><joint name="LHipPitch">0.123486407902</joint><joint name="LElbowYaw">-1.65201347821</joint><joint name="LAnklePitch">0.0850586210959</joint><joint name="LWristYaw">-1.22341122847</joint><joint name="RShoulderRoll">-0.252966276455</joint><joint name="RWristYaw">1.22509547119</joint><joint name="HeadYaw">0.0</joint><joint name="RHipPitch">0.123486407902</joint><joint name="HeadPitch">-0.155334303427</joint><joint name="RElbowYaw">1.65201347821</joint><joint name="RHand">0.72</joint><joint name="LElbowRoll">-0.414292295204</joint><joint name="RKneePitch">-0.0811279650875</joint><joint name="LShoulderPitch">0.802022424523</joint><joint name="RHipYawPitch">-0.169999956066</joint><joint name="LHand">0.72</joint><joint name="LHipYawPitch">-0.169999956066</joint><joint name="LAnkleRoll">-0.121470378083</joint><joint name="RAnklePitch">0.0850586210959</joint><joint name="LKneePitch">-0.0811279650875</joint><joint name="LHipRoll">0.0988769163828</joint><joint name="RAnkleRoll">0.121470378083</joint><joint name="RShoulderPitch">0.487636266361</joint><joint name="RElbowRoll">0.41553846029</joint><joint name="RHipRoll">-0.0988769163828</joint></state><state name="pivot"><joint name="LShoulderRoll">0.252966276455</joint><joint name="LHipPitch">0.123486407902</joint><joint name="LElbowYaw">-1.65201347821</joint><joint name="LAnklePitch">0.0850586210959</joint><joint name="LWristYaw">-1.22341122847</joint><joint name="RShoulderRoll">-0.252966276455</joint><joint name="RWristYaw">1.22509547119</joint><joint name="HeadYaw">0.0</joint><joint name="RHipPitch">0.123486407902</joint><joint name="HeadPitch">-0.155334303427</joint><joint name="RElbowYaw">1.65201347821</joint><joint name="RHand">0.72</joint><joint name="LElbowRoll">-0.414292295204</joint><joint name="RKneePitch">-0.0811279650875</joint><joint name="LShoulderPitch">0.802022424523</joint><joint name="RHipYawPitch">-0.169999956066</joint><joint name="LHand">0.72</joint><joint name="LHipYawPitch">-0.169999956066</joint><joint name="LAnkleRoll">-0.121470378083</joint><joint name="RAnklePitch">0.0850586210959</joint><joint name="LKneePitch">-0.0811279650875</joint><joint name="LHipRoll">0.0988769163828</joint><joint name="RAnkleRoll">0.121470378083</joint><joint name="RShoulderPitch">0.487636266361</joint><joint name="RElbowRoll">0.41553846029</joint><joint name="RHipRoll">-0.0988769163828</joint></state></actuators><speed>neutral_norm</speed></robot>