<robot name="nao"><emotion name="neutral" /><repeat>0</repeat><actuators><state><joint name="LShoulderRoll">-0.0613179544786</joint><joint name="LHipPitch">0.363515431276</joint><joint name="LElbowYaw">-1.37749064016</joint><joint name="LAnklePitch">0.00771189437957</joint><joint name="LWristYaw">-0.650374256475</joint><joint name="RShoulderRoll">0.056799820644</joint><joint name="RWristYaw">0.484786143692</joint><joint name="HeadYaw">0.181053475285</joint><joint name="RHipPitch">0.340590531551</joint><joint name="HeadPitch">-0.104353934108</joint><joint name="RElbowYaw">1.04469649438</joint><joint name="RHand">0.1376</joint><joint name="LElbowRoll">-1.51256690696</joint><joint name="RKneePitch">-0.0828778321956</joint><joint name="LShoulderPitch">1.38217510387</joint><joint name="RHipYawPitch">-0.167164145098</joint><joint name="LHand">0.1396</joint><joint name="LHipYawPitch">-0.167164145098</joint><joint name="LAnkleRoll">-0.0905480306593</joint><joint name="RAnklePitch">0.00916194882871</joint><joint name="LKneePitch">-0.0904640803223</joint><joint name="LHipRoll">0.0873961405631</joint><joint name="RAnkleRoll">0.176367266243</joint><joint name="RShoulderPitch">1.38209132807</joint><joint name="RElbowRoll">1.47106472268</joint><joint name="RHipRoll">-0.204063896143</joint></state><state><joint name="LShoulderRoll">-0.0613179544786</joint><joint name="LHipPitch">0.251533361139</joint><joint name="LElbowYaw">-1.37749064016</joint><joint name="LAnklePitch">-0.0277404376641</joint><joint name="LWristYaw">-0.650374256475</joint><joint name="RShoulderRoll">0.056799820644</joint><joint name="RWristYaw">0.857548329346</joint><joint name="HeadYaw">0.181053475285</joint><joint name="RHipPitch">0.23781158256</joint><joint name="HeadPitch">-0.104353934108</joint><joint name="RElbowYaw">1.04469649438</joint><joint name="RHand">0.7536</joint><joint name="LElbowRoll">-1.51256690696</joint><joint name="RKneePitch">0.0183660997187</joint><joint name="LShoulderPitch">1.38217510387</joint><joint name="RHipYawPitch">-0.187106277131</joint><joint name="LHand">0.1396</joint><joint name="LHipYawPitch">-0.187106277131</joint><joint name="LAnkleRoll">-0.0905480306593</joint><joint name="RAnklePitch">-0.0308923277603</joint><joint name="LKneePitch">0.0199840199353</joint><joint name="LHipRoll">0.0873961405631</joint><joint name="RAnkleRoll">0.176367266243</joint><joint name="RShoulderPitch">1.30845937759</joint><joint name="RElbowRoll">0.954106924883</joint><joint name="RHipRoll">-0.204063896143</joint></state><state><joint name="LShoulderRoll">-0.0613179544786</joint><joint name="LHipPitch">0.251533361139</joint><joint name="LElbowYaw">-1.51248138583</joint><joint name="LAnklePitch">-0.0277404376641</joint><joint name="LWristYaw">-0.898882962021</joint><joint name="RShoulderRoll">0.056799820644</joint><joint name="RWristYaw">0.834537908487</joint><joint name="HeadYaw">0.15344184292</joint><joint name="RHipPitch">0.23781158256</joint><joint name="HeadPitch">0.0643860687707</joint><joint name="RElbowYaw">1.04469649438</joint><joint name="RHand">0.61</joint><joint name="LElbowRoll">-1.18582381769</joint><joint name="RKneePitch">0.0183660997187</joint><joint name="LShoulderPitch">1.40978795797</joint><joint name="RHipYawPitch">-0.187106277131</joint><joint name="LHand">0.7576</joint><joint name="LHipYawPitch">-0.187106277131</joint><joint name="LAnkleRoll">-0.0905480306593</joint><joint name="RAnklePitch">-0.0308923277603</joint><joint name="LKneePitch">0.0199840199353</joint><joint name="LHipRoll">0.0873961405631</joint><joint name="RAnkleRoll">0.176367266243</joint><joint name="RShoulderPitch">1.31306181082</joint><joint name="RElbowRoll">1.22075134669</joint><joint name="RHipRoll">-0.204063896143</joint></state><state><joint name="LShoulderRoll">-0.0613179544786</joint><joint name="LHipPitch">0.305223179589</joint><joint name="LElbowYaw">-1.51248138583</joint><joint name="LAnklePitch">0.0184500500558</joint><joint name="LWristYaw">-0.898882962021</joint><joint name="RShoulderRoll">0.056799820644</joint><joint name="RWristYaw">0.834537908487</joint><joint name="HeadYaw">0.15344184292</joint><joint name="RHipPitch">0.306841099805</joint><joint name="HeadPitch">0.0643860687707</joint><joint name="RElbowYaw">1.04469649438</joint><joint name="RHand">0.61</joint><joint name="LElbowRoll">-1.40254484157</joint><joint name="RKneePitch">-0.0828778321956</joint><joint name="LShoulderPitch">1.32556534958</joint><joint name="RHipYawPitch">-0.167164145098</joint><joint name="LHand">0.61</joint><joint name="LHipYawPitch">-0.167164145098</joint><joint name="LAnkleRoll">-0.0905480306593</joint><joint name="RAnklePitch">0.00916194882871</joint><joint name="LKneePitch">-0.0904640803223</joint><joint name="LHipRoll">0.0873961405631</joint><joint name="RAnkleRoll">0.176367266243</joint><joint name="RShoulderPitch">1.31306181082</joint><joint name="RElbowRoll">1.22075134669</joint><joint name="RHipRoll">-0.204063896143</joint></state><state><joint name="LShoulderRoll">-0.0613179544786</joint><joint name="LHipPitch">0.305223179589</joint><joint name="LElbowYaw">-1.51248138583</joint><joint name="LAnklePitch">0.0184500500558</joint><joint name="LWristYaw">-0.898882962021</joint><joint name="RShoulderRoll">0.056799820644</joint><joint name="RWristYaw">0.834537908487</joint><joint name="HeadYaw">0.15344184292</joint><joint name="RHipPitch">0.306841099805</joint><joint name="HeadPitch">0.0643860687707</joint><joint name="RElbowYaw">1.04469649438</joint><joint name="RHand">0.61</joint><joint name="LElbowRoll">-1.40254484157</joint><joint name="RKneePitch">-0.0828778321956</joint><joint name="LShoulderPitch">1.32556534958</joint><joint name="RHipYawPitch">-0.167164145098</joint><joint name="LHand">0.61</joint><joint name="LHipYawPitch">-0.167164145098</joint><joint name="LAnkleRoll">-0.0905480306593</joint><joint name="RAnklePitch">0.00916194882871</joint><joint name="LKneePitch">-0.0904640803223</joint><joint name="LHipRoll">0.0873961405631</joint><joint name="RAnkleRoll">0.176367266243</joint><joint name="RShoulderPitch">1.31306181082</joint><joint name="RElbowRoll">1.22075134669</joint><joint name="RHipRoll">-0.204063896143</joint></state><state><joint name="LShoulderRoll">-0.038308231752</joint><joint name="LHipPitch">0.305223179589</joint><joint name="LElbowYaw">-1.02620473095</joint><joint name="LAnklePitch">0.0184500500558</joint><joint name="LWristYaw">-0.70713236375</joint><joint name="RShoulderRoll">-0.024501979237</joint><joint name="RWristYaw">0.642787310217</joint><joint name="HeadYaw">0.15344184292</joint><joint name="RHipPitch">0.306841099805</joint><joint name="HeadPitch">-0.0629590875743</joint><joint name="RElbowYaw">0.8360720529</joint><joint name="RHand">0.1884</joint><joint name="LElbowRoll">-1.49415717401</joint><joint name="RKneePitch">-0.0828778321956</joint><joint name="LShoulderPitch">1.40058483682</joint><joint name="RHipYawPitch">-0.167164145098</joint><joint name="LHand">0.188</joint><joint name="LHipYawPitch">-0.167164145098</joint><joint name="LAnkleRoll">-0.0905480306593</joint><joint name="RAnklePitch">0.00916194882871</joint><joint name="LKneePitch">-0.0904640803223</joint><joint name="LHipRoll">0.0873961405631</joint><joint name="RAnkleRoll">0.176367266243</joint><joint name="RShoulderPitch">1.42044144772</joint><joint name="RElbowRoll">1.37135406251</joint><joint name="RHipRoll">-0.204063896143</joint></state><state><joint name="LShoulderRoll">-0.038308231752</joint><joint name="LHipPitch">0.289883480793</joint><joint name="LElbowYaw">-1.02620473095</joint><joint name="LAnklePitch">0.0276538693332</joint><joint name="LWristYaw">-0.70713236375</joint><joint name="RShoulderRoll">-0.024501979237</joint><joint name="RWristYaw">0.642787310217</joint><joint name="HeadYaw">0.148839933281</joint><joint name="RHipPitch">0.293035545422</joint><joint name="HeadPitch">0.0314159265359</joint><joint name="RElbowYaw">0.8360720529</joint><joint name="RHand">0.1884</joint><joint name="LElbowRoll">-1.49415717401</joint><joint name="RKneePitch">-0.0782759225568</joint><joint name="LShoulderPitch">1.40058483682</joint><joint name="RHipYawPitch">-0.173300024616</joint><joint name="LHand">0.188</joint><joint name="LHipYawPitch">-0.173300024616</joint><joint name="LAnkleRoll">-0.139636114003</joint><joint name="RAnklePitch">0.0122299234945</joint><joint name="LKneePitch">-0.081259911979</joint><joint name="LHipRoll">0.142620103425</joint><joint name="RAnkleRoll">0.133415935082</joint><joint name="RShoulderPitch">1.42044144772</joint><joint name="RElbowRoll">1.37135406251</joint><joint name="RHipRoll">-0.142704053763</joint></state><state><joint name="LShoulderRoll">0.0123138389249</joint><joint name="LHipPitch">0.340506755747</joint><joint name="LElbowYaw">-0.805308879504</joint><joint name="LAnklePitch">0.0322559535049</joint><joint name="LWristYaw">-0.285282792885</joint><joint name="RShoulderRoll">-0.113474152115</joint><joint name="RWristYaw">0.544612539792</joint><joint name="HeadYaw">0.148839933281</joint><joint name="RHipPitch">0.339056387139</joint><joint name="HeadPitch">-0.0872664625997</joint><joint name="RElbowYaw">0.819198209692</joint><joint name="RHand">0.1964</joint><joint name="LElbowRoll">-1.40365138032</joint><joint name="RKneePitch">-0.0890140607797</joint><joint name="LShoulderPitch">1.35149570628</joint><joint name="RHipYawPitch">-0.171766054736</joint><joint name="LHand">0.206</joint><joint name="LHipYawPitch">-0.171766054736</joint><joint name="LAnkleRoll">-0.156509957212</joint><joint name="RAnklePitch">0.00916194882871</joint><joint name="LKneePitch">-0.0923279174305</joint><joint name="LHipRoll">0.179435555068</joint><joint name="RAnkleRoll">0.119610031633</joint><joint name="RShoulderPitch">1.3544802193</joint><joint name="RElbowRoll">1.45112259064</joint><joint name="RHipRoll">-0.127364005901</joint></state><state name="pivot"><joint name="LShoulderRoll">0.0123138389249</joint><joint name="LHipPitch">0.340506755747</joint><joint name="LElbowYaw">-0.805308879504</joint><joint name="LAnklePitch">0.0322559535049</joint><joint name="LWristYaw">-0.285282792885</joint><joint name="RShoulderRoll">-0.113474152115</joint><joint name="RWristYaw">0.544612539792</joint><joint name="HeadYaw">0.148839933281</joint><joint name="RHipPitch">0.339056387139</joint><joint name="HeadPitch">-0.0872664625997</joint><joint name="RElbowYaw">0.819198209692</joint><joint name="RHand">0.1964</joint><joint name="LElbowRoll">-1.40365138032</joint><joint name="RKneePitch">-0.0890140607797</joint><joint name="LShoulderPitch">1.35149570628</joint><joint name="RHipYawPitch">-0.171766054736</joint><joint name="LHand">0.206</joint><joint name="LHipYawPitch">-0.171766054736</joint><joint name="LAnkleRoll">-0.156509957212</joint><joint name="RAnklePitch">0.00916194882871</joint><joint name="LKneePitch">-0.0923279174305</joint><joint name="LHipRoll">0.179435555068</joint><joint name="RAnkleRoll">0.119610031633</joint><joint name="RShoulderPitch">1.3544802193</joint><joint name="RElbowRoll">1.45112259064</joint><joint name="RHipRoll">-0.127364005901</joint></state></actuators><speed>neutral_norm</speed></robot>