<robot name="nao"><emotion name="neutral" /><repeat>0</repeat><actuators><state><joint name="LShoulderRoll">0.223402144255</joint><joint name="LHipPitch">-0.0689881529424</joint><joint name="LElbowYaw">-1.2287117934</joint><joint name="LAnklePitch">-0.167248095435</joint><joint name="LWristYaw">-0.797721933246</joint><joint name="RShoulderRoll">-0.0368580376765</joint><joint name="RWristYaw">1.05228169531</joint><joint name="RHipYawPitch">-0.203980120339</joint><joint name="RHipPitch">0.0337059730474</joint><joint name="HeadPitch">0.211650842402</joint><joint name="RElbowYaw">1.07068968293</joint><joint name="RHand">1.0</joint><joint name="LElbowRoll">-0.930260491313</joint><joint name="RKneePitch">0.263890292243</joint><joint name="LShoulderPitch">1.33517687778</joint><joint name="LHand">0.19</joint><joint name="LHipYawPitch">-0.203980120339</joint><joint name="LAnkleRoll">-0.0797259420994</joint><joint name="RAnklePitch">-0.101202044012</joint><joint name="LKneePitch">0.429478405026</joint><joint name="LHipRoll">0.116626042211</joint><joint name="RAnkleRoll">0.0598679349361</joint><joint name="RShoulderPitch">0.977199376216</joint><joint name="RElbowRoll">0.860447321233</joint><joint name="RHipRoll">-0.00302601695052</joint></state><state><joint name="LShoulderRoll">0.223402144255</joint><joint name="LHipPitch">0.0475960013665</joint><joint name="LElbowYaw">-1.2287117934</joint><joint name="LAnklePitch">-0.0920820005389</joint><joint name="LWristYaw">-0.797721933246</joint><joint name="RShoulderRoll">-0.0368580376765</joint><joint name="RWristYaw">1.05228169531</joint><joint name="RHipYawPitch">-0.168698114977</joint><joint name="RHipPitch">0.191708710368</joint><joint name="HeadPitch">0.211650842402</joint><joint name="RElbowYaw">1.07068968293</joint><joint name="RHand">1.0</joint><joint name="LElbowRoll">-0.930260491313</joint><joint name="RKneePitch">-0.0398422016316</joint><joint name="LShoulderPitch">1.33517687778</joint><joint name="LHand">0.19</joint><joint name="LHipYawPitch">-0.168698114977</joint><joint name="LAnkleRoll">-0.0735900625811</joint><joint name="RAnklePitch">0.035323893264</joint><joint name="LKneePitch">0.217785674722</joint><joint name="LHipRoll">0.0844118020752</joint><joint name="RAnkleRoll">-0.00149202438166</joint><joint name="RShoulderPitch">0.977199376216</joint><joint name="RElbowRoll">0.860447321233</joint><joint name="RHipRoll">0.0414601218482</joint></state><state><joint name="LShoulderRoll">0.194775253864</joint><joint name="LHipPitch">0.0475960013665</joint><joint name="LElbowYaw">-1.28093204462</joint><joint name="LAnklePitch">-0.0920820005389</joint><joint name="LWristYaw">-0.378940651205</joint><joint name="RShoulderRoll">0.162562060926</joint><joint name="RWristYaw">0.843657253829</joint><joint name="RHipYawPitch">-0.168698114977</joint><joint name="RHipPitch">0.191708710368</joint><joint name="HeadPitch">-0.11969398197</joint><joint name="RElbowYaw">0.375788586576</joint><joint name="RHand">0.45</joint><joint name="LElbowRoll">-0.483168223476</joint><joint name="RKneePitch">-0.0398422016316</joint><joint name="LShoulderPitch">1.51094724141</joint><joint name="LHand">0.6624</joint><joint name="LHipYawPitch">-0.168698114977</joint><joint name="LAnkleRoll">-0.0735900625811</joint><joint name="RAnklePitch">0.035323893264</joint><joint name="LKneePitch">0.217785674722</joint><joint name="LHipRoll">0.0844118020752</joint><joint name="RAnkleRoll">-0.00149202438166</joint><joint name="RShoulderPitch">0.713352717204</joint><joint name="RElbowRoll">1.54461638801</joint><joint name="RHipRoll">0.0414601218482</joint></state><state name="pivot"><joint name="LShoulderRoll">0.194775253864</joint><joint name="LHipPitch">0.0475960013665</joint><joint name="LElbowYaw">-1.28093204462</joint><joint name="LAnklePitch">-0.0920820005389</joint><joint name="LWristYaw">-0.378940651205</joint><joint name="RShoulderRoll">0.162562060926</joint><joint name="RWristYaw">0.843657253829</joint><joint name="RHipYawPitch">-0.168698114977</joint><joint name="RHipPitch">0.191708710368</joint><joint name="HeadPitch">-0.11969398197</joint><joint name="RElbowYaw">0.375788586576</joint><joint name="RHand">0.45</joint><joint name="LElbowRoll">-0.483168223476</joint><joint name="RKneePitch">-0.0398422016316</joint><joint name="LShoulderPitch">1.51094724141</joint><joint name="LHand">0.6624</joint><joint name="LHipYawPitch">-0.168698114977</joint><joint name="LAnkleRoll">-0.0735900625811</joint><joint name="RAnklePitch">0.035323893264</joint><joint name="LKneePitch">0.217785674722</joint><joint name="LHipRoll">0.0844118020752</joint><joint name="RAnkleRoll">-0.00149202438166</joint><joint name="RShoulderPitch">0.713352717204</joint><joint name="RElbowRoll">1.54461638801</joint><joint name="RHipRoll">0.0414601218482</joint></state></actuators><speed>neutral_norm</speed></robot>