<robot name="nao"><emotion name="neutral" /><repeat>0</repeat><actuators><state><joint name="LShoulderRoll">0.411897703471</joint><joint name="LHipPitch">-0.194775253864</joint><joint name="LElbowYaw">-1.65631746014</joint><joint name="LAnklePitch">-0.17798518646</joint><joint name="LWristYaw">0.230057084693</joint><joint name="RShoulderRoll">0.212930168743</joint><joint name="RWristYaw">0.0506145483078</joint><joint name="HeadYaw">-0.161112041383</joint><joint name="RHipPitch">-0.0123138389249</joint><joint name="HeadPitch">-0.0629360492281</joint><joint name="RElbowYaw">0.799360797413</joint><joint name="RHand">0.19</joint><joint name="LElbowRoll">-1.47829387644</joint><joint name="RKneePitch">0.277695846626</joint><joint name="LShoulderPitch">2.08566845613</joint><joint name="RHipYawPitch">-0.268407204347</joint><joint name="LHand">0.5</joint><joint name="LHipYawPitch">-0.268407204347</joint><joint name="LAnkleRoll">0.00924586425915</joint><joint name="RAnklePitch">-0.0781919722198</joint><joint name="LKneePitch">0.536858041926</joint><joint name="LHipRoll">-0.0045599868301</joint><joint name="RAnkleRoll">0.0537318808848</joint><joint name="RShoulderPitch">1.55398357011</joint><joint name="RElbowRoll">1.54461638801</joint><joint name="RHipRoll">-0.0229680093575</joint></state><state><joint name="LShoulderRoll">0.223402144255</joint><joint name="LHipPitch">0.197927318493</joint><joint name="LElbowYaw">-1.53938040026</joint><joint name="LAnklePitch">-0.00464391971383</joint><joint name="LWristYaw">0.230057084693</joint><joint name="RShoulderRoll">0.212930168743</joint><joint name="RWristYaw">0.0506145483078</joint><joint name="HeadYaw">-0.161112041383</joint><joint name="RHipPitch">0.243864384406</joint><joint name="HeadPitch">-0.0629360492281</joint><joint name="RElbowYaw">0.799360797413</joint><joint name="RHand">0.19</joint><joint name="LElbowRoll">-1.0506882097</joint><joint name="RKneePitch">-0.0413761715112</joint><joint name="LShoulderPitch">1.78547182479</joint><joint name="RHipYawPitch">-0.266874805264</joint><joint name="LHand">0.5</joint><joint name="LHipYawPitch">-0.266874805264</joint><joint name="LAnkleRoll">0.00924586425915</joint><joint name="RAnklePitch">0.0276538693332</joint><joint name="LKneePitch">0.059783984599</joint><joint name="LHipRoll">-0.0045599868301</joint><joint name="RAnkleRoll">0.0537318808848</joint><joint name="RShoulderPitch">1.55398357011</joint><joint name="RElbowRoll">1.54461638801</joint><joint name="RHipRoll">-0.0229680093575</joint></state><state><joint name="LShoulderRoll">0.411897703471</joint><joint name="LHipPitch">-0.194775253864</joint><joint name="LElbowYaw">-1.65631746014</joint><joint name="LAnklePitch">-0.17798518646</joint><joint name="LWristYaw">0.230057084693</joint><joint name="RShoulderRoll">-0.00924586425915</joint><joint name="RWristYaw">0.245398528818</joint><joint name="HeadYaw">-0.161112041383</joint><joint name="RHipPitch">-0.0123138389249</joint><joint name="HeadPitch">-0.376991118431</joint><joint name="RElbowYaw">1.49407339821</joint><joint name="RHand">0.0</joint><joint name="LElbowRoll">-1.47829387644</joint><joint name="RKneePitch">0.277695846626</joint><joint name="LShoulderPitch">2.08566845613</joint><joint name="RHipYawPitch">-0.268407204347</joint><joint name="LHand">0.5</joint><joint name="LHipYawPitch">-0.268407204347</joint><joint name="LAnkleRoll">0.00924586425915</joint><joint name="RAnklePitch">-0.0781919722198</joint><joint name="LKneePitch">0.536858041926</joint><joint name="LHipRoll">-0.0045599868301</joint><joint name="RAnkleRoll">0.0537318808848</joint><joint name="RShoulderPitch">0.52534410485</joint><joint name="RElbowRoll">1.54461638801</joint><joint name="RHipRoll">-0.0229680093575</joint></state><state><joint name="LShoulderRoll">0.411897703471</joint><joint name="LHipPitch">-0.194775253864</joint><joint name="LElbowYaw">-1.65631746014</joint><joint name="LAnklePitch">-0.17798518646</joint><joint name="LWristYaw">0.230057084693</joint><joint name="RShoulderRoll">-0.00924586425915</joint><joint name="RWristYaw">0.245398528818</joint><joint name="HeadYaw">-0.161112041383</joint><joint name="RHipPitch">-0.0123138389249</joint><joint name="HeadPitch">-0.376991118431</joint><joint name="RElbowYaw">1.49407339821</joint><joint name="RHand">0.95</joint><joint name="LElbowRoll">-1.47829387644</joint><joint name="RKneePitch">0.277695846626</joint><joint name="LShoulderPitch">2.08566845613</joint><joint name="RHipYawPitch">-0.268407204347</joint><joint name="LHand">0.5</joint><joint name="LHipYawPitch">-0.268407204347</joint><joint name="LAnkleRoll">0.00924586425915</joint><joint name="RAnklePitch">-0.0781919722198</joint><joint name="LKneePitch">0.536858041926</joint><joint name="LHipRoll">-0.0045599868301</joint><joint name="RAnkleRoll">0.0537318808848</joint><joint name="RShoulderPitch">0.678070886375</joint><joint name="RElbowRoll">0.797721933246</joint><joint name="RHipRoll">-0.0229680093575</joint></state><state><joint name="LShoulderRoll">0.223402144255</joint><joint name="LHipPitch">0.197927318493</joint><joint name="LElbowYaw">-1.53938040026</joint><joint name="LAnklePitch">-0.00464391971383</joint><joint name="LWristYaw">0.230057084693</joint><joint name="RShoulderRoll">-0.00924586425915</joint><joint name="RWristYaw">0.245398528818</joint><joint name="HeadYaw">-0.161112041383</joint><joint name="RHipPitch">0.243864384406</joint><joint name="HeadPitch">-0.0629360492281</joint><joint name="RElbowYaw">1.49407339821</joint><joint name="RHand">0.95</joint><joint name="LElbowRoll">-1.0506882097</joint><joint name="RKneePitch">-0.0413761715112</joint><joint name="LShoulderPitch">1.78547182479</joint><joint name="RHipYawPitch">-0.266874805264</joint><joint name="LHand">0.5</joint><joint name="LHipYawPitch">-0.266874805264</joint><joint name="LAnkleRoll">0.00924586425915</joint><joint name="RAnklePitch">0.0276538693332</joint><joint name="LKneePitch">0.059783984599</joint><joint name="LHipRoll">-0.0045599868301</joint><joint name="RAnkleRoll">0.0537318808848</joint><joint name="RShoulderPitch">0.678070886375</joint><joint name="RElbowRoll">0.797721933246</joint><joint name="RHipRoll">-0.0229680093575</joint></state><state name="pivot"><joint name="LShoulderRoll">0.223402144255</joint><joint name="LHipPitch">0.197927318493</joint><joint name="LElbowYaw">-1.53938040026</joint><joint name="LAnklePitch">-0.00464391971383</joint><joint name="LWristYaw">0.230057084693</joint><joint name="RShoulderRoll">-0.00924586425915</joint><joint name="RWristYaw">0.245398528818</joint><joint name="HeadYaw">-0.161112041383</joint><joint name="RHipPitch">0.243864384406</joint><joint name="HeadPitch">-0.0629360492281</joint><joint name="RElbowYaw">1.49407339821</joint><joint name="RHand">0.95</joint><joint name="LElbowRoll">-1.0506882097</joint><joint name="RKneePitch">-0.0413761715112</joint><joint name="LShoulderPitch">1.78547182479</joint><joint name="RHipYawPitch">-0.266874805264</joint><joint name="LHand">0.5</joint><joint name="LHipYawPitch">-0.266874805264</joint><joint name="LAnkleRoll">0.00924586425915</joint><joint name="RAnklePitch">0.0276538693332</joint><joint name="LKneePitch">0.059783984599</joint><joint name="LHipRoll">-0.0045599868301</joint><joint name="RAnkleRoll">0.0537318808848</joint><joint name="RShoulderPitch">0.678070886375</joint><joint name="RElbowRoll">0.797721933246</joint><joint name="RHipRoll">-0.0229680093575</joint></state></actuators><speed>neutral_norm</speed></robot>