<robot name="nao"><emotion name="neutral" /><repeat>0</repeat><actuators><state><joint name="LShoulderRoll">0.339056387139</joint><joint name="LHipPitch">0.0935320200815</joint><joint name="LElbowYaw">-1.24556643799</joint><joint name="LAnklePitch">-0.127280055564</joint><joint name="LWristYaw">-0.785366747471</joint><joint name="RShoulderRoll">0.0859461210206</joint><joint name="RWristYaw">1.47881747521</joint><joint name="HeadYaw">-0.220853963547</joint><joint name="RHipPitch">0.108955843747</joint><joint name="HeadPitch">-0.15344184292</joint><joint name="RElbowYaw">1.28860276669</joint><joint name="RHand">0.28</joint><joint name="LElbowRoll">-0.642787310217</joint><joint name="RKneePitch">0.237727806756</joint><joint name="LShoulderPitch">1.69511263876</joint><joint name="RHipYawPitch">-0.234659517931</joint><joint name="LHand">0.28</joint><joint name="LHipYawPitch">-0.234659517931</joint><joint name="LAnkleRoll">-0.154975812799</joint><joint name="RAnklePitch">-0.116626042211</joint><joint name="LKneePitch">0.248550593447</joint><joint name="LHipRoll">0.156426006875</joint><joint name="RAnkleRoll">0.0229680093575</joint><joint name="RShoulderPitch">0.958707612791</joint><joint name="RElbowRoll">1.53395766227</joint><joint name="RHipRoll">-0.0169160452696</joint></state><state><joint name="LShoulderRoll">0.339056387139</joint><joint name="LHipPitch">0.0935320200815</joint><joint name="LElbowYaw">-1.24556643799</joint><joint name="LAnklePitch">-0.127280055564</joint><joint name="LWristYaw">-0.785366747471</joint><joint name="RShoulderRoll">0.0859461210206</joint><joint name="RWristYaw">1.47881747521</joint><joint name="HeadYaw">-0.220853963547</joint><joint name="RHipPitch">0.108955843747</joint><joint name="HeadPitch">-0.15344184292</joint><joint name="RElbowYaw">1.28860276669</joint><joint name="RHand">0.28</joint><joint name="LElbowRoll">-0.642787310217</joint><joint name="RKneePitch">0.237727806756</joint><joint name="LShoulderPitch">1.69511263876</joint><joint name="RHipYawPitch">-0.234659517931</joint><joint name="LHand">0.28</joint><joint name="LHipYawPitch">-0.234659517931</joint><joint name="LAnkleRoll">-0.154975812799</joint><joint name="RAnklePitch">-0.116626042211</joint><joint name="LKneePitch">0.248550593447</joint><joint name="LHipRoll">0.156426006875</joint><joint name="RAnkleRoll">0.0229680093575</joint><joint name="RShoulderPitch">0.958707612791</joint><joint name="RElbowRoll">1.53395766227</joint><joint name="RHipRoll">-0.0169160452696</joint></state><state><joint name="LShoulderRoll">0.339056387139</joint><joint name="LHipPitch">0.0935320200815</joint><joint name="LElbowYaw">-1.24556643799</joint><joint name="LAnklePitch">-0.127280055564</joint><joint name="LWristYaw">-0.785366747471</joint><joint name="RShoulderRoll">0.0859461210206</joint><joint name="RWristYaw">1.47881747521</joint><joint name="HeadYaw">-0.194775253864</joint><joint name="RHipPitch">0.108955843747</joint><joint name="HeadPitch">0.0735900625811</joint><joint name="RElbowYaw">1.28860276669</joint><joint name="RHand">0.28</joint><joint name="LElbowRoll">-0.642787310217</joint><joint name="RKneePitch">0.237727806756</joint><joint name="LShoulderPitch">1.69511263876</joint><joint name="RHipYawPitch">-0.234659517931</joint><joint name="LHand">0.28</joint><joint name="LHipYawPitch">-0.234659517931</joint><joint name="LAnkleRoll">-0.154975812799</joint><joint name="RAnklePitch">-0.116626042211</joint><joint name="LKneePitch">0.248550593447</joint><joint name="LHipRoll">0.156426006875</joint><joint name="RAnkleRoll">0.0229680093575</joint><joint name="RShoulderPitch">0.958707612791</joint><joint name="RElbowRoll">1.53395766227</joint><joint name="RHipRoll">-0.0169160452696</joint></state><state><joint name="LShoulderRoll">0.17798518646</joint><joint name="LHipPitch">0.180969699481</joint><joint name="LElbowYaw">-1.22715845037</joint><joint name="LAnklePitch">0.0215179898149</joint><joint name="LWristYaw">-1.17040034309</joint><joint name="RShoulderRoll">0.0859461210206</joint><joint name="RWristYaw">1.47881747521</joint><joint name="HeadYaw">-0.194775253864</joint><joint name="RHipPitch">0.159577896971</joint><joint name="HeadPitch">0.0735900625811</joint><joint name="RElbowYaw">1.28860276669</joint><joint name="RHand">0.28</joint><joint name="LElbowRoll">-0.443367735213</joint><joint name="RKneePitch">0.0735900625811</joint><joint name="LShoulderPitch">1.32848528542</joint><joint name="RHipYawPitch">-0.239261951168</joint><joint name="LHand">0.5068</joint><joint name="LHipYawPitch">-0.239261951168</joint><joint name="LAnkleRoll">-0.213268762618</joint><joint name="RAnklePitch">-0.0307219836253</joint><joint name="LKneePitch">0.0061779070467</joint><joint name="LHipRoll">0.240796095581</joint><joint name="RAnkleRoll">-0.0322559535049</joint><joint name="RShoulderPitch">0.958707612791</joint><joint name="RElbowRoll">1.53395766227</joint><joint name="RHipRoll">0.0766580023402</joint></state><state><joint name="LShoulderRoll">0.17798518646</joint><joint name="LHipPitch">0.180969699481</joint><joint name="LElbowYaw">-1.22715845037</joint><joint name="LAnklePitch">0.0215179898149</joint><joint name="LWristYaw">-1.17040034309</joint><joint name="RShoulderRoll">-0.00916194882871</joint><joint name="RWristYaw">1.64449110913</joint><joint name="HeadYaw">-0.194775253864</joint><joint name="RHipPitch">0.159577896971</joint><joint name="HeadPitch">0.0735900625811</joint><joint name="RElbowYaw">1.3852433927</joint><joint name="RHand">0.9572</joint><joint name="LElbowRoll">-0.443367735213</joint><joint name="RKneePitch">0.0735900625811</joint><joint name="LShoulderPitch">1.32848528542</joint><joint name="RHipYawPitch">-0.239261951168</joint><joint name="LHand">0.5068</joint><joint name="LHipYawPitch">-0.239261951168</joint><joint name="LAnkleRoll">-0.213268762618</joint><joint name="RAnklePitch">-0.0307219836253</joint><joint name="LKneePitch">0.0061779070467</joint><joint name="LHipRoll">0.240796095581</joint><joint name="RAnkleRoll">-0.0322559535049</joint><joint name="RShoulderPitch">1.14125334459</joint><joint name="RElbowRoll">0.671850532921</joint><joint name="RHipRoll">0.0766580023402</joint></state><state name="pivot"><joint name="LShoulderRoll">0.17798518646</joint><joint name="LHipPitch">0.180969699481</joint><joint name="LElbowYaw">-1.22715845037</joint><joint name="LAnklePitch">0.0215179898149</joint><joint name="LWristYaw">-1.17040034309</joint><joint name="RShoulderRoll">-0.00916194882871</joint><joint name="RWristYaw">1.64449110913</joint><joint name="HeadYaw">-0.194775253864</joint><joint name="RHipPitch">0.159577896971</joint><joint name="HeadPitch">0.0735900625811</joint><joint name="RElbowYaw">1.3852433927</joint><joint name="RHand">0.9572</joint><joint name="LElbowRoll">-0.443367735213</joint><joint name="RKneePitch">0.0735900625811</joint><joint name="LShoulderPitch">1.32848528542</joint><joint name="RHipYawPitch">-0.239261951168</joint><joint name="LHand">0.5068</joint><joint name="LHipYawPitch">-0.239261951168</joint><joint name="LAnkleRoll">-0.213268762618</joint><joint name="RAnklePitch">-0.0307219836253</joint><joint name="LKneePitch">0.0061779070467</joint><joint name="LHipRoll">0.240796095581</joint><joint name="RAnkleRoll">-0.0322559535049</joint><joint name="RShoulderPitch">1.14125334459</joint><joint name="RElbowRoll">0.671850532921</joint><joint name="RHipRoll">0.0766580023402</joint></state></actuators><speed>neutral_norm</speed></robot>