<robot name="nao"><emotion name="neutral" /><repeat>0</repeat><actuators><state><joint name="LShoulderPitch">1.45112259064</joint><joint name="LHipPitch">0.403483471147</joint><joint name="LElbowYaw">-1.97583488631</joint><joint name="LAnklePitch">0.0306380332883</joint><joint name="LWristYaw">-0.261799387799</joint><joint name="RShoulderRoll">-0.362066807997</joint><joint name="RWristYaw">0.436332312999</joint><joint name="HeadYaw">-0.0368580376765</joint><joint name="RHipPitch">0.441749814997</joint><joint name="HeadPitch">0.265340660851</joint><joint name="RElbowYaw">2.08559864296</joint><joint name="RHand">0.650909</joint><joint name="LElbowRoll">-0.388059996547</joint><joint name="LShoulderRoll">0.34204090016</joint><joint name="LHand">0.598182</joint><joint name="LAnkleRoll">-0.150289952823</joint><joint name="LHipYawPitch">-0.380389274484</joint><joint name="RAnkleRoll">0.0905480306593</joint><joint name="RAnklePitch">0.00617795940658</joint><joint name="LKneePitch">-0.0923460688547</joint><joint name="LHipRoll">0.199461462906</joint><joint name="RHipRoll">-0.130347995323</joint><joint name="RShoulderPitch">1.43126423441</joint><joint name="RElbowRoll">0.449504312863</joint><joint name="RKneePitch">-0.103082985347</joint></state><state><joint name="LShoulderPitch">1.45112259064</joint><joint name="LHipPitch">0.204063896143</joint><joint name="LElbowYaw">-1.97583488631</joint><joint name="LAnklePitch">0.0720560927015</joint><joint name="LWristYaw">0.128814025443</joint><joint name="RShoulderRoll">-0.362066807997</joint><joint name="RWristYaw">0.436332312999</joint><joint name="HeadYaw">-0.0368580376765</joint><joint name="RHipPitch">0.187106277131</joint><joint name="HeadPitch">0.265340660851</joint><joint name="RElbowYaw">2.08559864296</joint><joint name="RHand">0.650909</joint><joint name="LElbowRoll">-0.388059996547</joint><joint name="LShoulderRoll">0.34204090016</joint><joint name="LHand">0.3008</joint><joint name="LAnkleRoll">-0.107338098064</joint><joint name="LHipYawPitch">-0.161028091046</joint><joint name="RAnkleRoll">0.0660039889873</joint><joint name="RAnklePitch">0.0644700191077</joint><joint name="LKneePitch">-0.0905480306593</joint><joint name="LHipRoll">0.112023958039</joint><joint name="RHipRoll">-0.0689879784094</joint><joint name="RShoulderPitch">1.43126423441</joint><joint name="RElbowRoll">0.449504312863</joint><joint name="RKneePitch">-0.0735900625811</joint></state><state><joint name="LShoulderPitch">1.45112259064</joint><joint name="LHipPitch">0.403483471147</joint><joint name="LElbowYaw">-1.97583488631</joint><joint name="LAnklePitch">0.0306380332883</joint><joint name="LWristYaw">0.128814025443</joint><joint name="RShoulderRoll">-1.15191730632</joint><joint name="RWristYaw">0.436332312999</joint><joint name="HeadYaw">-0.0368580376765</joint><joint name="RHipPitch">0.441749814997</joint><joint name="HeadPitch">0.265340660851</joint><joint name="RElbowYaw">0.750491578358</joint><joint name="RHand">0.650909</joint><joint name="LElbowRoll">-0.388059996547</joint><joint name="LShoulderRoll">0.34204090016</joint><joint name="LHand">0.3008</joint><joint name="LAnkleRoll">-0.150289952823</joint><joint name="LHipYawPitch">-0.380389274484</joint><joint name="RAnkleRoll">0.0905480306593</joint><joint name="RAnklePitch">0.00617795940658</joint><joint name="LKneePitch">-0.0923460688547</joint><joint name="LHipRoll">0.199461462906</joint><joint name="RHipRoll">-0.130347995323</joint><joint name="RShoulderPitch">1.43126423441</joint><joint name="RElbowRoll">0.449504312863</joint><joint name="RKneePitch">-0.103082985347</joint></state><state><joint name="LShoulderPitch">1.45112259064</joint><joint name="LHipPitch">0.403483471147</joint><joint name="LElbowYaw">-0.872664625997</joint><joint name="LAnklePitch">0.0306380332883</joint><joint name="LWristYaw">-0.261799387799</joint><joint name="RShoulderRoll">-1.15191730632</joint><joint name="RWristYaw">0.436332312999</joint><joint name="HeadYaw">-0.0368580376765</joint><joint name="RHipPitch">0.441749814997</joint><joint name="HeadPitch">0.265340660851</joint><joint name="RElbowYaw">0.750491578358</joint><joint name="RHand">0.650909</joint><joint name="LElbowRoll">-0.388059996547</joint><joint name="LShoulderRoll">1.01229096616</joint><joint name="LHand">0.598182</joint><joint name="LAnkleRoll">-0.150289952823</joint><joint name="LHipYawPitch">-0.380389274484</joint><joint name="RAnkleRoll">0.0905480306593</joint><joint name="RAnklePitch">0.00617795940658</joint><joint name="LKneePitch">-0.0923460688547</joint><joint name="LHipRoll">0.199461462906</joint><joint name="RHipRoll">-0.130347995323</joint><joint name="RShoulderPitch">-0.705598219338</joint><joint name="RElbowRoll">0.495523409251</joint><joint name="RKneePitch">-0.103082985347</joint></state><state><joint name="LShoulderPitch">1.45112259064</joint><joint name="LHipPitch">0.403483471147</joint><joint name="LElbowYaw">-0.872664625997</joint><joint name="LAnklePitch">0.0306380332883</joint><joint name="LWristYaw">-0.261799387799</joint><joint name="RShoulderRoll">-0.745566259208</joint><joint name="RWristYaw">0.436332312999</joint><joint name="HeadYaw">-0.0368580376765</joint><joint name="RHipPitch">0.441749814997</joint><joint name="HeadPitch">0.265340660851</joint><joint name="RElbowYaw">1.38669376131</joint><joint name="RHand">0.650909</joint><joint name="LElbowRoll">-0.388059996547</joint><joint name="LShoulderRoll">1.01229096616</joint><joint name="LHand">0.598182</joint><joint name="LAnkleRoll">-0.150289952823</joint><joint name="LHipYawPitch">-0.380389274484</joint><joint name="RAnkleRoll">0.0905480306593</joint><joint name="RAnklePitch">0.00617795940658</joint><joint name="LKneePitch">-0.0923460688547</joint><joint name="LHipRoll">0.199461462906</joint><joint name="RHipRoll">-0.130347995323</joint><joint name="RShoulderPitch">-0.705598219338</joint><joint name="RElbowRoll">0.495523409251</joint><joint name="RKneePitch">-0.103082985347</joint></state><state><joint name="LShoulderPitch">-0.624379322596</joint><joint name="LHipPitch">0.403483471147</joint><joint name="LElbowYaw">-1.72272374752</joint><joint name="LAnklePitch">0.0306380332883</joint><joint name="LWristYaw">-0.261799387799</joint><joint name="RShoulderRoll">-0.745566259208</joint><joint name="RWristYaw">0.436332312999</joint><joint name="HeadYaw">-0.0399259774357</joint><joint name="RHipPitch">0.441749814997</joint><joint name="HeadPitch">-0.54307839538</joint><joint name="RElbowYaw">1.38669376131</joint><joint name="RHand">0.650909</joint><joint name="LElbowRoll">-0.538392186338</joint><joint name="LShoulderRoll">0.590547860376</joint><joint name="LHand">0.598182</joint><joint name="LAnkleRoll">-0.150289952823</joint><joint name="LHipYawPitch">-0.380389274484</joint><joint name="RAnkleRoll">0.0905480306593</joint><joint name="RAnklePitch">0.00617795940658</joint><joint name="LKneePitch">-0.0923460688547</joint><joint name="LHipRoll">0.199461462906</joint><joint name="RHipRoll">-0.130347995323</joint><joint name="RShoulderPitch">-0.705598219338</joint><joint name="RElbowRoll">0.495523409251</joint><joint name="RKneePitch">-0.103082985347</joint></state><state><joint name="LShoulderPitch">-0.624379322596</joint><joint name="LHipPitch">0.403483471147</joint><joint name="LElbowYaw">-1.72272374752</joint><joint name="LAnklePitch">0.0306380332883</joint><joint name="LWristYaw">-0.261799387799</joint><joint name="RShoulderRoll">-0.32218254393</joint><joint name="RWristYaw">1.01229096616</joint><joint name="HeadYaw">-0.0399259774357</joint><joint name="RHipPitch">0.441749814997</joint><joint name="HeadPitch">-0.54307839538</joint><joint name="RElbowYaw">1.21948772831</joint><joint name="RHand">0.854545</joint><joint name="LElbowRoll">-0.538392186338</joint><joint name="LShoulderRoll">0.590547860376</joint><joint name="LHand">0.598182</joint><joint name="LAnkleRoll">-0.150289952823</joint><joint name="LHipYawPitch">-0.380389274484</joint><joint name="RAnkleRoll">0.0905480306593</joint><joint name="RAnklePitch">0.00617795940658</joint><joint name="LKneePitch">-0.0923460688547</joint><joint name="LHipRoll">0.199461462906</joint><joint name="RHipRoll">-0.130347995323</joint><joint name="RShoulderPitch">-0.710200652575</joint><joint name="RElbowRoll">0.872888028141</joint><joint name="RKneePitch">-0.103082985347</joint></state><state><joint name="LShoulderPitch">-0.685739863109</joint><joint name="LHipPitch">0.478649566042</joint><joint name="LElbowYaw">-1.30854489872</joint><joint name="LAnklePitch">-0.0199840199353</joint><joint name="LWristYaw">-1.01229096616</joint><joint name="RShoulderRoll">-0.32218254393</joint><joint name="RWristYaw">1.01229096616</joint><joint name="HeadYaw">-0.0598679349361</joint><joint name="RHipPitch">0.485623901733</joint><joint name="HeadPitch">-0.65045803228</joint><joint name="RElbowYaw">1.21948772831</joint><joint name="RHand">0.854545</joint><joint name="LElbowRoll">-0.931096504025</joint><joint name="LShoulderRoll">0.320564623714</joint><joint name="LHand">0.872727</joint><joint name="LAnkleRoll">-0.173300024616</joint><joint name="LHipYawPitch">-0.355846454543</joint><joint name="RAnkleRoll">0.101285994349</joint><joint name="RAnklePitch">-0.0459780811499</joint><joint name="LKneePitch">-0.0923460688547</joint><joint name="LHipRoll">0.236277438147</joint><joint name="RHipRoll">-0.144154073305</joint><joint name="RShoulderPitch">-0.710200652575</joint><joint name="RElbowRoll">0.872888028141</joint><joint name="RKneePitch">-0.0965999598406</joint></state><state><joint name="LShoulderPitch">-0.685739863109</joint><joint name="LHipPitch">0.478649566042</joint><joint name="LElbowYaw">-1.30854489872</joint><joint name="LAnklePitch">-0.0199840199353</joint><joint name="LWristYaw">-1.01229096616</joint><joint name="RShoulderRoll">-0.263890292243</joint><joint name="RWristYaw">1.00932914242</joint><joint name="HeadYaw">-0.0598679349361</joint><joint name="RHipPitch">0.485623901733</joint><joint name="HeadPitch">-0.65045803228</joint><joint name="RElbowYaw">1.22715845037</joint><joint name="RHand">0.852024</joint><joint name="LElbowRoll">-0.931096504025</joint><joint name="LShoulderRoll">0.320564623714</joint><joint name="LHand">0.872727</joint><joint name="LAnkleRoll">-0.173300024616</joint><joint name="LHipYawPitch">-0.355846454543</joint><joint name="RAnkleRoll">0.101285994349</joint><joint name="RAnklePitch">-0.0459780811499</joint><joint name="LKneePitch">-0.0923460688547</joint><joint name="LHipRoll">0.236277438147</joint><joint name="RHipRoll">-0.144154073305</joint><joint name="RShoulderPitch">-0.808375423</joint><joint name="RElbowRoll">0.704147850729</joint><joint name="RKneePitch">-0.0965999598406</joint></state><state><joint name="LShoulderPitch">-0.710284428379</joint><joint name="LHipPitch">0.480183710455</joint><joint name="LElbowYaw">-1.3100772978</joint><joint name="LAnklePitch">-0.0169159580031</joint><joint name="LWristYaw">-1.15191730632</joint><joint name="RShoulderRoll">-0.263890292243</joint><joint name="RWristYaw">1.00932914242</joint><joint name="HeadYaw">-0.0552660252973</joint><joint name="RHipPitch">0.484702367888</joint><joint name="HeadPitch">-0.671951762018</joint><joint name="RElbowYaw">1.22715845037</joint><joint name="RHand">0.852024</joint><joint name="LElbowRoll">-0.829851699446</joint><joint name="LShoulderRoll">0.28221450406</joint><joint name="LHand">0.875296</joint><joint name="LAnkleRoll">-0.170232084857</joint><joint name="LHipYawPitch">-0.365049575689</joint><joint name="RAnkleRoll">0.101285994349</joint><joint name="RAnklePitch">-0.0275700935291</joint><joint name="LKneePitch">-0.0828780067285</joint><joint name="LHipRoll">0.23781158256</joint><joint name="RHipRoll">-0.151824097236</joint><joint name="RShoulderPitch">-0.808375423</joint><joint name="RElbowRoll">0.704147850729</joint><joint name="RKneePitch">-0.0904640803223</joint></state><state><joint name="LShoulderPitch">-0.710284428379</joint><joint name="LHipPitch">0.480183710455</joint><joint name="LElbowYaw">-1.3100772978</joint><joint name="LAnklePitch">-0.0169159580031</joint><joint name="LWristYaw">-1.15191730632</joint><joint name="RShoulderRoll">-0.263890292243</joint><joint name="RWristYaw">1.11701072128</joint><joint name="HeadYaw">-0.0552660252973</joint><joint name="RHipPitch">0.484702367888</joint><joint name="HeadPitch">-0.671951762018</joint><joint name="RElbowYaw">1.22715845037</joint><joint name="RHand">0.852024</joint><joint name="LElbowRoll">-0.829851699446</joint><joint name="LShoulderRoll">0.28221450406</joint><joint name="LHand">0.875296</joint><joint name="LAnkleRoll">-0.170232084857</joint><joint name="LHipYawPitch">-0.365049575689</joint><joint name="RAnkleRoll">0.101285994349</joint><joint name="RAnklePitch">-0.0275700935291</joint><joint name="LKneePitch">-0.0828780067285</joint><joint name="LHipRoll">0.23781158256</joint><joint name="RHipRoll">-0.151824097236</joint><joint name="RShoulderPitch">-0.808375423</joint><joint name="RElbowRoll">1.36135681656</joint><joint name="RKneePitch">-0.0904640803223</joint></state><state><joint name="LShoulderPitch">-0.710284428379</joint><joint name="LHipPitch">0.480183710455</joint><joint name="LElbowYaw">-1.3100772978</joint><joint name="LAnklePitch">-0.0169159580031</joint><joint name="LWristYaw">-1.15191730632</joint><joint name="RShoulderRoll">-0.0813440368489</joint><joint name="RWristYaw">1.11701072128</joint><joint name="HeadYaw">-0.0552660252973</joint><joint name="RHipPitch">0.484702367888</joint><joint name="HeadPitch">-0.671951762018</joint><joint name="RElbowYaw">1.1550606443</joint><joint name="RHand">0.3016</joint><joint name="LElbowRoll">-1.3962634016</joint><joint name="LShoulderRoll">0.28221450406</joint><joint name="LHand">0.875296</joint><joint name="LAnkleRoll">-0.170232084857</joint><joint name="LHipYawPitch">-0.365049575689</joint><joint name="RAnkleRoll">0.101285994349</joint><joint name="RAnklePitch">-0.0275700935291</joint><joint name="LKneePitch">-0.0828780067285</joint><joint name="LHipRoll">0.23781158256</joint><joint name="RHipRoll">-0.151824097236</joint><joint name="RShoulderPitch">1.52637246134</joint><joint name="RElbowRoll">1.36135681656</joint><joint name="RKneePitch">-0.0904640803223</joint></state><state><joint name="LShoulderPitch">-0.710284428379</joint><joint name="LHipPitch">0.204063896143</joint><joint name="LElbowYaw">-1.3100772978</joint><joint name="LAnklePitch">0.0720560927015</joint><joint name="LWristYaw">-1.15191730632</joint><joint name="RShoulderRoll">-0.0813440368489</joint><joint name="RWristYaw">1.11701072128</joint><joint name="HeadYaw">-0.0552660252973</joint><joint name="RHipPitch">0.187106277131</joint><joint name="HeadPitch">-0.436332312999</joint><joint name="RElbowYaw">1.1550606443</joint><joint name="RHand">0.3016</joint><joint name="LElbowRoll">-1.3962634016</joint><joint name="LShoulderRoll">0.28221450406</joint><joint name="LHand">0.875296</joint><joint name="LAnkleRoll">-0.107338098064</joint><joint name="LHipYawPitch">-0.161028091046</joint><joint name="RAnkleRoll">0.0660039889873</joint><joint name="RAnklePitch">0.0644700191077</joint><joint name="LKneePitch">-0.0905480306593</joint><joint name="LHipRoll">0.112023958039</joint><joint name="RHipRoll">-0.0689879784094</joint><joint name="RShoulderPitch">1.52637246134</joint><joint name="RElbowRoll">1.36135681656</joint><joint name="RKneePitch">-0.0735900625811</joint></state><state><joint name="LShoulderPitch">1.50788069792</joint><joint name="LHipPitch">0.204063896143</joint><joint name="LElbowYaw">-1.16127925242</joint><joint name="LAnklePitch">0.0720560927015</joint><joint name="LWristYaw">-1.15191730632</joint><joint name="RShoulderRoll">-0.0813440368489</joint><joint name="RWristYaw">0.173300024616</joint><joint name="HeadYaw">-0.0552660252973</joint><joint name="RHipPitch">0.187106277131</joint><joint name="HeadPitch">-0.436332312999</joint><joint name="RElbowYaw">1.1550606443</joint><joint name="RHand">0.3016</joint><joint name="LElbowRoll">-1.3962634016</joint><joint name="LShoulderRoll">0.0843280262711</joint><joint name="LHand">0.3008</joint><joint name="LAnkleRoll">-0.107338098064</joint><joint name="LHipYawPitch">-0.161028091046</joint><joint name="RAnkleRoll">0.0660039889873</joint><joint name="RAnklePitch">0.0644700191077</joint><joint name="LKneePitch">-0.0905480306593</joint><joint name="LHipRoll">0.112023958039</joint><joint name="RHipRoll">-0.0689879784094</joint><joint name="RShoulderPitch">1.52637246134</joint><joint name="RElbowRoll">0.437231157563</joint><joint name="RKneePitch">-0.0735900625811</joint></state><state><joint name="LShoulderPitch">1.50788069792</joint><joint name="LHipPitch">0.204063896143</joint><joint name="LElbowYaw">-1.16127925242</joint><joint name="LAnklePitch">0.0720560927015</joint><joint name="LWristYaw">0.128814025443</joint><joint name="RShoulderRoll">-0.0813440368489</joint><joint name="RWristYaw">0.173300024616</joint><joint name="HeadYaw">-0.0199840199353</joint><joint name="RHipPitch">0.187106277131</joint><joint name="HeadPitch">-0.210200473793</joint><joint name="RElbowYaw">1.1550606443</joint><joint name="RHand">0.3016</joint><joint name="LElbowRoll">-0.420273538551</joint><joint name="LShoulderRoll">0.0843280262711</joint><joint name="LHand">0.3008</joint><joint name="LAnkleRoll">-0.107338098064</joint><joint name="LHipYawPitch">-0.161028091046</joint><joint name="RAnkleRoll">0.0660039889873</joint><joint name="RAnklePitch">0.0644700191077</joint><joint name="LKneePitch">-0.0905480306593</joint><joint name="LHipRoll">0.112023958039</joint><joint name="RHipRoll">-0.0689879784094</joint><joint name="RShoulderPitch">1.52637246134</joint><joint name="RElbowRoll">0.437231157563</joint><joint name="RKneePitch">-0.0735900625811</joint></state><state name="pivot"><joint name="LShoulderPitch">1.50788069792</joint><joint name="LHipPitch">0.204063896143</joint><joint name="LElbowYaw">-1.16127925242</joint><joint name="LAnklePitch">0.0720560927015</joint><joint name="LWristYaw">0.128814025443</joint><joint name="RShoulderRoll">-0.0813440368489</joint><joint name="RWristYaw">0.173300024616</joint><joint name="HeadYaw">-0.0199840199353</joint><joint name="RHipPitch">0.187106277131</joint><joint name="HeadPitch">-0.210200473793</joint><joint name="RElbowYaw">1.1550606443</joint><joint name="RHand">0.3016</joint><joint name="LElbowRoll">-0.420273538551</joint><joint name="LShoulderRoll">0.0843280262711</joint><joint name="LHand">0.3008</joint><joint name="LAnkleRoll">-0.107338098064</joint><joint name="LHipYawPitch">-0.161028091046</joint><joint name="RAnkleRoll">0.0660039889873</joint><joint name="RAnklePitch">0.0644700191077</joint><joint name="LKneePitch">-0.0905480306593</joint><joint name="LHipRoll">0.112023958039</joint><joint name="RHipRoll">-0.0689879784094</joint><joint name="RShoulderPitch">1.52637246134</joint><joint name="RElbowRoll">0.437231157563</joint><joint name="RKneePitch">-0.0735900625811</joint></state></actuators><speed>adjusted_norm</speed></robot>