<robot name="nao"><emotion name="neutral" /><repeat>0</repeat><actuators><state><joint name="LShoulderPitch">1.62315620435</joint><joint name="LHipPitch">-1.06988683147</joint><joint name="LElbowYaw">-1.57079632679</joint><joint name="LAnklePitch">-0.715584993318</joint><joint name="LWristYaw">0.121144001513</joint><joint name="RShoulderRoll">-0.174532925199</joint><joint name="RWristYaw">0.190174565956</joint><joint name="HeadYaw">-0.0184498755228</joint><joint name="RHipPitch">-1.06988683147</joint><joint name="HeadPitch">-0.171850005073</joint><joint name="RElbowYaw">1.57079632679</joint><joint name="RHand">0.3012</joint><joint name="LElbowRoll">-1.3962634016</joint><joint name="LShoulderRoll">0.174532925199</joint><joint name="LHand">0.3</joint><joint name="LAnkleRoll">-0.10471975512</joint><joint name="LHipYawPitch">-0.785398163397</joint><joint name="RAnkleRoll">0.10471975512</joint><joint name="RAnklePitch">-0.715584993318</joint><joint name="LKneePitch">2.11252907332</joint><joint name="LHipRoll">0.10471975512</joint><joint name="RHipRoll">-0.10471975512</joint><joint name="RShoulderPitch">1.62315620435</joint><joint name="RElbowRoll">1.3962634016</joint><joint name="RKneePitch">2.11254652661</joint></state><state><joint name="LShoulderPitch">1.11701072128</joint><joint name="LHipPitch">-1.06988683147</joint><joint name="LElbowYaw">-0.925024503557</joint><joint name="LAnklePitch">-0.715584993318</joint><joint name="LWristYaw">0.121144001513</joint><joint name="RShoulderRoll">-0.1308996939</joint><joint name="RWristYaw">0.190174565956</joint><joint name="HeadYaw">-0.0184498755228</joint><joint name="RHipPitch">-1.06988683147</joint><joint name="HeadPitch">0.0</joint><joint name="RElbowYaw">0.925024503557</joint><joint name="RHand">0.3012</joint><joint name="LElbowRoll">-1.29154364648</joint><joint name="LShoulderRoll">0.1308996939</joint><joint name="LHand">0.3</joint><joint name="LAnkleRoll">-0.10471975512</joint><joint name="LHipYawPitch">-0.785398163397</joint><joint name="RAnkleRoll">0.10471975512</joint><joint name="RAnklePitch">-0.715584993318</joint><joint name="LKneePitch">2.11252907332</joint><joint name="LHipRoll">0.10471975512</joint><joint name="RHipRoll">-0.10471975512</joint><joint name="RShoulderPitch">1.11701072128</joint><joint name="RElbowRoll">1.29154364648</joint><joint name="RKneePitch">2.11254652661</joint></state><state><joint name="LShoulderPitch">1.11701072128</joint><joint name="LHipPitch">-1.57079632679</joint><joint name="LElbowYaw">-0.925024503557</joint><joint name="LAnklePitch">-0.312413936107</joint><joint name="LWristYaw">0.121144001513</joint><joint name="RShoulderRoll">-0.1308996939</joint><joint name="RWristYaw">0.190174565956</joint><joint name="HeadYaw">-0.0184498755228</joint><joint name="RHipPitch">-1.57079632679</joint><joint name="HeadPitch">0.0</joint><joint name="RElbowYaw">0.925024503557</joint><joint name="RHand">0.3012</joint><joint name="LElbowRoll">-1.29154364648</joint><joint name="LShoulderRoll">0.1308996939</joint><joint name="LHand">0.3</joint><joint name="LAnkleRoll">-0.296705972839</joint><joint name="LHipYawPitch">-0.965167076353</joint><joint name="RAnkleRoll">0.296705972839</joint><joint name="RAnklePitch">-0.312413936107</joint><joint name="LKneePitch">2.11252907332</joint><joint name="LHipRoll">0.0872664625997</joint><joint name="RHipRoll">-0.0872664625997</joint><joint name="RShoulderPitch">1.11701072128</joint><joint name="RElbowRoll">1.29154364648</joint><joint name="RKneePitch">2.11254652661</joint></state><state><joint name="LShoulderPitch">0.610865238198</joint><joint name="LHipPitch">-1.57079632679</joint><joint name="LElbowYaw">-0.244346095279</joint><joint name="LAnklePitch">-0.312413936107</joint><joint name="LWristYaw">0.121144001513</joint><joint name="RShoulderRoll">-0.0349065850399</joint><joint name="RWristYaw">0.190174565956</joint><joint name="HeadYaw">-0.0184498755228</joint><joint name="RHipPitch">-1.57079632679</joint><joint name="HeadPitch">-0.488692190558</joint><joint name="RElbowYaw">0.244346095279</joint><joint name="RHand">0.3012</joint><joint name="LElbowRoll">-0.715584993318</joint><joint name="LShoulderRoll">0.0349065850399</joint><joint name="LHand">0.3</joint><joint name="LAnkleRoll">-0.296705972839</joint><joint name="LHipYawPitch">-0.965167076353</joint><joint name="RAnkleRoll">0.296705972839</joint><joint name="RAnklePitch">-0.312413936107</joint><joint name="LKneePitch">2.11252907332</joint><joint name="LHipRoll">0.0872664625997</joint><joint name="RHipRoll">-0.0872664625997</joint><joint name="RShoulderPitch">0.610865238198</joint><joint name="RElbowRoll">0.715584993318</joint><joint name="RKneePitch">2.11254652661</joint></state><state><joint name="LShoulderPitch">0.610865238198</joint><joint name="LHipPitch">-1.57079632679</joint><joint name="LElbowYaw">-0.244346095279</joint><joint name="LAnklePitch">0.0872664625997</joint><joint name="LWristYaw">0.121144001513</joint><joint name="RShoulderRoll">-0.0349065850399</joint><joint name="RWristYaw">1.50941484233</joint><joint name="HeadYaw">-0.0184498755228</joint><joint name="RHipPitch">-1.57079632679</joint><joint name="HeadPitch">-0.488692190558</joint><joint name="RElbowYaw">0.244346095279</joint><joint name="RHand">0.0127537</joint><joint name="LElbowRoll">-0.715584993318</joint><joint name="LShoulderRoll">0.0349065850399</joint><joint name="LHand">0.3</joint><joint name="LAnkleRoll">-0.555014702134</joint><joint name="LHipYawPitch">-0.872664625997</joint><joint name="RAnkleRoll">0.555014702134</joint><joint name="RAnklePitch">0.0872664625997</joint><joint name="LKneePitch">1.01229096616</joint><joint name="LHipRoll">1.56922553047e-07</joint><joint name="RHipRoll">0.0</joint><joint name="RShoulderPitch">0.610865238198</joint><joint name="RElbowRoll">0.715584993318</joint><joint name="RKneePitch">1.01229096616</joint></state><state><joint name="LShoulderPitch">0.0</joint><joint name="LHipPitch">-1.57079632679</joint><joint name="LElbowYaw">-1.57079632679</joint><joint name="LAnklePitch">-0.783652834145</joint><joint name="LWristYaw">-1.55091528129</joint><joint name="RShoulderRoll">-0.00872664625997</joint><joint name="RWristYaw">1.50941484233</joint><joint name="HeadYaw">-0.0583339650565</joint><joint name="RHipPitch">-1.57079632679</joint><joint name="HeadPitch">-0.488692190558</joint><joint name="RElbowYaw">1.57079632679</joint><joint name="RHand">0.0127537</joint><joint name="LElbowRoll">-0.13962634016</joint><joint name="LShoulderRoll">0.00872664625997</joint><joint name="LHand">0.0196627</joint><joint name="LAnkleRoll">-0.680678408278</joint><joint name="LHipYawPitch">-0.872664625997</joint><joint name="RAnkleRoll">0.680678408278</joint><joint name="RAnklePitch">-0.783652834145</joint><joint name="LKneePitch">1.0471975512</joint><joint name="LHipRoll">1.56922553047e-07</joint><joint name="RHipRoll">0.0</joint><joint name="RShoulderPitch">0.0</joint><joint name="RElbowRoll">0.13962634016</joint><joint name="RKneePitch">1.0471975512</joint></state><state><joint name="LShoulderPitch">-0.174532925199</joint><joint name="LHipPitch">-1.57079632679</joint><joint name="LElbowYaw">-1.57079632679</joint><joint name="LAnklePitch">-0.783652834145</joint><joint name="LWristYaw">-1.55091528129</joint><joint name="RShoulderRoll">-0.00872664625997</joint><joint name="RWristYaw">1.50941484233</joint><joint name="HeadYaw">-0.0583339650565</joint><joint name="RHipPitch">-1.57079632679</joint><joint name="HeadPitch">-0.349065850399</joint><joint name="RElbowYaw">1.57079632679</joint><joint name="RHand">0.0127537</joint><joint name="LElbowRoll">-1.54461638801</joint><joint name="LShoulderRoll">0.00872664625997</joint><joint name="LHand">0.0196627</joint><joint name="LAnkleRoll">-0.680678408278</joint><joint name="LHipYawPitch">-0.872664625997</joint><joint name="RAnkleRoll">0.680678408278</joint><joint name="RAnklePitch">-0.783652834145</joint><joint name="LKneePitch">1.0471975512</joint><joint name="LHipRoll">1.56922553047e-07</joint><joint name="RHipRoll">0.0</joint><joint name="RShoulderPitch">-0.174532925199</joint><joint name="RElbowRoll">1.56206968053</joint><joint name="RKneePitch">1.0471975512</joint></state><state><joint name="LShoulderPitch">-0.174532925199</joint><joint name="LHipPitch">-1.57079632679</joint><joint name="LElbowYaw">-1.57079632679</joint><joint name="LAnklePitch">-1.1344640138</joint><joint name="LWristYaw">-1.55091528129</joint><joint name="RShoulderRoll">-0.00872664625997</joint><joint name="RWristYaw">1.50941484233</joint><joint name="HeadYaw">-0.0583339650565</joint><joint name="RHipPitch">-1.57079632679</joint><joint name="HeadPitch">-0.349065850399</joint><joint name="RElbowYaw">1.57079632679</joint><joint name="RHand">0.0127537</joint><joint name="LElbowRoll">-1.54461638801</joint><joint name="LShoulderRoll">0.00872664625997</joint><joint name="LHand">0.0196627</joint><joint name="LAnkleRoll">0.0</joint><joint name="LHipYawPitch">0.0</joint><joint name="RAnkleRoll">8.63852458604e-08</joint><joint name="RAnklePitch">-1.1344640138</joint><joint name="LKneePitch">2.09439510239</joint><joint name="LHipRoll">1.56922553047e-07</joint><joint name="RHipRoll">0.0</joint><joint name="RShoulderPitch">-0.174532925199</joint><joint name="RElbowRoll">1.56206968053</joint><joint name="RKneePitch">2.09439510239</joint></state><state><joint name="LShoulderPitch">-0.872664625997</joint><joint name="LHipPitch">-1.57079632679</joint><joint name="LElbowYaw">-1.57079632679</joint><joint name="LAnklePitch">-1.1344640138</joint><joint name="LWristYaw">-1.55091528129</joint><joint name="RShoulderRoll">-0.00872664625997</joint><joint name="RWristYaw">1.50941484233</joint><joint name="HeadYaw">-0.0583339650565</joint><joint name="RHipPitch">-1.57079632679</joint><joint name="HeadPitch">0.0</joint><joint name="RElbowYaw">1.57079632679</joint><joint name="RHand">0.0127537</joint><joint name="LElbowRoll">-0.610865238198</joint><joint name="LShoulderRoll">0.00872664625997</joint><joint name="LHand">0.0196627</joint><joint name="LAnkleRoll">0.0</joint><joint name="LHipYawPitch">0.0</joint><joint name="RAnkleRoll">8.63852458604e-08</joint><joint name="RAnklePitch">-1.1344640138</joint><joint name="LKneePitch">2.09439510239</joint><joint name="LHipRoll">1.56922553047e-07</joint><joint name="RHipRoll">0.0</joint><joint name="RShoulderPitch">-0.872664625997</joint><joint name="RElbowRoll">0.610865238198</joint><joint name="RKneePitch">2.09439510239</joint></state><state><joint name="LShoulderPitch">-0.872664625997</joint><joint name="LHipPitch">-1.57079632679</joint><joint name="LElbowYaw">-1.57079632679</joint><joint name="LAnklePitch">-1.1344640138</joint><joint name="LWristYaw">-1.55091528129</joint><joint name="RShoulderRoll">-0.0245859295741</joint><joint name="RWristYaw">1.50941484233</joint><joint name="HeadYaw">-0.0583339650565</joint><joint name="RHipPitch">-1.57079632679</joint><joint name="HeadPitch">0.0</joint><joint name="RElbowYaw">1.56157051637</joint><joint name="RHand">0.0127537</joint><joint name="LElbowRoll">-0.610865238198</joint><joint name="LShoulderRoll">0.00872664625997</joint><joint name="LHand">0.0196627</joint><joint name="LAnkleRoll">0.0</joint><joint name="LHipYawPitch">0.0</joint><joint name="RAnkleRoll">8.63852458604e-08</joint><joint name="RAnklePitch">-1.1344640138</joint><joint name="LKneePitch">2.09439510239</joint><joint name="LHipRoll">1.56922553047e-07</joint><joint name="RHipRoll">0.0</joint><joint name="RShoulderPitch">-1.15812718779</joint><joint name="RElbowRoll">0.382007194701</joint><joint name="RKneePitch">2.09439510239</joint></state><state><joint name="LShoulderPitch">-1.21650321529</joint><joint name="LHipPitch">0.0598679349361</joint><joint name="LElbowYaw">-1.58006227979</joint><joint name="LAnklePitch">0.906551938754</joint><joint name="LWristYaw">-1.55091528129</joint><joint name="RShoulderRoll">-0.0245859295741</joint><joint name="RWristYaw">1.50941484233</joint><joint name="HeadYaw">-0.0583339650565</joint><joint name="RHipPitch">0.0812600865119</joint><joint name="HeadPitch">-0.547679083288</joint><joint name="RElbowYaw">1.56157051637</joint><joint name="RHand">0.0127537</joint><joint name="LElbowRoll">-0.352778165718</joint><joint name="LShoulderRoll">0.0168320425727</joint><joint name="LHand">0.0196627</joint><joint name="LAnkleRoll">-0.0014920383443</joint><joint name="LHipYawPitch">-0.0337059730474</joint><joint name="RAnkleRoll">0.00157596250138</joint><joint name="RAnklePitch">0.915840581033</joint><joint name="LKneePitch">-0.0521979110052</joint><joint name="LHipRoll">0.0614019048156</joint><joint name="RHipRoll">-0.0858619961506</joint><joint name="RShoulderPitch">-1.15812718779</joint><joint name="RElbowRoll">0.382007194701</joint><joint name="RKneePitch">-0.0613179544786</joint></state><state><joint name="LShoulderPitch">-1.21650321529</joint><joint name="LHipPitch">0.0598679349361</joint><joint name="LElbowYaw">-1.58006227979</joint><joint name="LAnklePitch">0.906551938754</joint><joint name="LWristYaw">-1.55091528129</joint><joint name="RShoulderRoll">-0.0245859295741</joint><joint name="RWristYaw">1.50941484233</joint><joint name="HeadYaw">-0.0583339650565</joint><joint name="RHipPitch">0.0812600865119</joint><joint name="HeadPitch">-0.547679083288</joint><joint name="RElbowYaw">1.56157051637</joint><joint name="RHand">0.0127537</joint><joint name="LElbowRoll">-0.352778165718</joint><joint name="LShoulderRoll">0.0168320425727</joint><joint name="LHand">0.0196627</joint><joint name="LAnkleRoll">-0.0014920383443</joint><joint name="LHipYawPitch">-0.0337059730474</joint><joint name="RAnkleRoll">0.00157596250138</joint><joint name="RAnklePitch">0.915840581033</joint><joint name="LKneePitch">-0.0521979110052</joint><joint name="LHipRoll">0.0614019048156</joint><joint name="RHipRoll">-0.0858619961506</joint><joint name="RShoulderPitch">-1.15812718779</joint><joint name="RElbowRoll">0.382007194701</joint><joint name="RKneePitch">-0.0613179544786</joint></state><state><joint name="LShoulderPitch">0.0505799907886</joint><joint name="LHipPitch">0.0598679349361</joint><joint name="LElbowYaw">-1.7196554587</joint><joint name="LAnklePitch">0.906551938754</joint><joint name="LWristYaw">-0.286900713101</joint><joint name="RShoulderRoll">-1.09992045724</joint><joint name="RWristYaw">0.246932673231</joint><joint name="HeadYaw">-0.0445278870744</joint><joint name="RHipPitch">0.0812600865119</joint><joint name="HeadPitch">-0.655060465517</joint><joint name="RElbowYaw">1.22255601713</joint><joint name="RHand">0.1136</joint><joint name="LElbowRoll">-1.54461638801</joint><joint name="LShoulderRoll">1.05841827296</joint><joint name="LHand">0.2988</joint><joint name="LAnkleRoll">-0.0014920383443</joint><joint name="LHipYawPitch">-0.0337059730474</joint><joint name="RAnkleRoll">0.00157596250138</joint><joint name="RAnklePitch">0.915840581033</joint><joint name="LKneePitch">-0.0521979110052</joint><joint name="LHipRoll">0.0614019048156</joint><joint name="RHipRoll">-0.0858619961506</joint><joint name="RShoulderPitch">-0.397264863022</joint><joint name="RElbowRoll">1.54461638801</joint><joint name="RKneePitch">-0.0613179544786</joint></state><state><joint name="LShoulderPitch">0.0505799907886</joint><joint name="LHipPitch">0.0307219836253</joint><joint name="LElbowYaw">-1.7196554587</joint><joint name="LAnklePitch">0.922581042604</joint><joint name="LWristYaw">-0.286900713101</joint><joint name="RShoulderRoll">-1.09992045724</joint><joint name="RWristYaw">0.246932673231</joint><joint name="HeadYaw">-0.0445278870744</joint><joint name="RHipPitch">0.0337059730474</joint><joint name="HeadPitch">-0.655060465517</joint><joint name="RElbowYaw">1.22255601713</joint><joint name="RHand">0.1136</joint><joint name="LElbowRoll">-1.54461638801</joint><joint name="LShoulderRoll">1.05841827296</joint><joint name="LHand">0.2988</joint><joint name="LAnkleRoll">-0.0352401174599</joint><joint name="LHipYawPitch">0.00617795940658</joint><joint name="RAnkleRoll">0.0169159580031</joint><joint name="RAnklePitch">0.932005820565</joint><joint name="LKneePitch">-0.0905480306593</joint><joint name="LHipRoll">0.395814494414</joint><joint name="RHipRoll">-0.406467984168</joint><joint name="RShoulderPitch">-0.397264863022</joint><joint name="RElbowRoll">1.54461638801</joint><joint name="RKneePitch">-0.0923279174305</joint></state><state><joint name="LShoulderPitch">-1.15821270893</joint><joint name="LHipPitch">0.0307219836253</joint><joint name="LElbowYaw">-0.478649566042</joint><joint name="LAnklePitch">0.922581042604</joint><joint name="LWristYaw">-0.742497970383</joint><joint name="RShoulderRoll">-0.426493892005</joint><joint name="RWristYaw">0.519984198717</joint><joint name="HeadYaw">-0.0506639411257</joint><joint name="RHipPitch">0.0337059730474</joint><joint name="HeadPitch">-0.619778634688</joint><joint name="RElbowYaw">0.484702367888</joint><joint name="RHand">0.5</joint><joint name="LElbowRoll">-1.06148656178</joint><joint name="LShoulderRoll">0.27607792641</joint><joint name="LHand">0.5</joint><joint name="LAnkleRoll">-0.0352401174599</joint><joint name="LHipYawPitch">0.00617795940658</joint><joint name="RAnkleRoll">0.0169159580031</joint><joint name="RAnklePitch">0.932005820565</joint><joint name="LKneePitch">-0.0905480306593</joint><joint name="LHipRoll">0.395814494414</joint><joint name="RHipRoll">-0.406467984168</joint><joint name="RShoulderPitch">-1.09983668144</joint><joint name="RElbowRoll">1.21496907087</joint><joint name="RKneePitch">-0.0923279174305</joint></state><state><joint name="LShoulderPitch">-1.15821270893</joint><joint name="LHipPitch">0.0337899233845</joint><joint name="LElbowYaw">-0.478649566042</joint><joint name="LAnklePitch">0.922581042604</joint><joint name="LWristYaw">-0.742497970383</joint><joint name="RShoulderRoll">-0.426493892005</joint><joint name="RWristYaw">0.519984198717</joint><joint name="HeadYaw">-0.0506639411257</joint><joint name="RHipPitch">0.0444441112703</joint><joint name="HeadPitch">-0.619778634688</joint><joint name="RElbowYaw">0.484702367888</joint><joint name="RHand">0.5</joint><joint name="LElbowRoll">-1.06148656178</joint><joint name="LShoulderRoll">0.27607792641</joint><joint name="LHand">0.5</joint><joint name="LAnkleRoll">-0.0383080572191</joint><joint name="LHipYawPitch">0.0138479658841</joint><joint name="RAnkleRoll">0.0230519596945</joint><joint name="RAnklePitch">0.931180279829</joint><joint name="LKneePitch">-0.0767419526773</joint><joint name="LHipRoll">0.107421873868</joint><joint name="RHipRoll">-0.0643860687707</joint><joint name="RShoulderPitch">-1.09983668144</joint><joint name="RElbowRoll">1.21496907087</joint><joint name="RKneePitch">-0.0923279174305</joint></state><state><joint name="LShoulderPitch">-1.14900784245</joint><joint name="LHipPitch">0.0337899233845</joint><joint name="LElbowYaw">-0.981801809454</joint><joint name="LAnklePitch">0.922581042604</joint><joint name="LWristYaw">-0.866751450491</joint><joint name="RShoulderRoll">-0.438765301976</joint><joint name="RWristYaw">0.773093592171</joint><joint name="HeadYaw">-0.0491299712461</joint><joint name="RHipPitch">0.0444441112703</joint><joint name="HeadPitch">-0.619778634688</joint><joint name="RElbowYaw">0.846725542654</joint><joint name="RHand">0.8832</joint><joint name="LElbowRoll">-0.619694858884</joint><joint name="LShoulderRoll">0.317496334889</joint><joint name="LHand">0.9068</joint><joint name="LAnkleRoll">-0.0383080572191</joint><joint name="LHipYawPitch">0.0138479658841</joint><joint name="RAnkleRoll">0.0230519596945</joint><joint name="RAnklePitch">0.931180279829</joint><joint name="LKneePitch">-0.0767419526773</joint><joint name="LHipRoll">0.107421873868</joint><joint name="RHipRoll">-0.0643860687707</joint><joint name="RShoulderPitch">-1.09830253702</joint><joint name="RElbowRoll">0.745566259208</joint><joint name="RKneePitch">-0.0923279174305</joint></state><state><joint name="LShoulderPitch">-1.14900784245</joint><joint name="LHipPitch">0.0307219836253</joint><joint name="LElbowYaw">-0.981801809454</joint><joint name="LAnklePitch">0.92189163755</joint><joint name="LWristYaw">-0.866751450491</joint><joint name="RShoulderRoll">-0.438765301976</joint><joint name="RWristYaw">0.773093592171</joint><joint name="HeadYaw">-0.0491299712461</joint><joint name="RHipPitch">0.0352401174599</joint><joint name="HeadPitch">-0.619778634688</joint><joint name="RElbowYaw">0.846725542654</joint><joint name="RHand">0.8832</joint><joint name="LElbowRoll">-0.619694858884</joint><joint name="LShoulderRoll">0.317496334889</joint><joint name="LHand">0.9068</joint><joint name="LAnkleRoll">-0.0352401174599</joint><joint name="LHipYawPitch">0.00617795940658</joint><joint name="RAnkleRoll">0.0169159580031</joint><joint name="RAnklePitch">0.932005820565</joint><joint name="LKneePitch">-0.0905480306593</joint><joint name="LHipRoll">0.395814494414</joint><joint name="RHipRoll">-0.406467984168</joint><joint name="RShoulderPitch">-1.09830253702</joint><joint name="RElbowRoll">0.745566259208</joint><joint name="RKneePitch">-0.0904640803223</joint></state><state><joint name="LShoulderPitch">-1.1551444201</joint><joint name="LHipPitch">0.0307219836253</joint><joint name="LElbowYaw">-0.498591698076</joint><joint name="LAnklePitch">0.92189163755</joint><joint name="LWristYaw">-0.765508391242</joint><joint name="RShoulderRoll">-0.437231157563</joint><joint name="RWristYaw">0.535323897513</joint><joint name="HeadYaw">-0.0491299712461</joint><joint name="RHipPitch">0.0352401174599</joint><joint name="HeadPitch">-0.618244490275</joint><joint name="RElbowYaw">0.496973777859</joint><joint name="RHand">0.5008</joint><joint name="LElbowRoll">-1.03694199651</joint><joint name="LShoulderRoll">0.300622491681</joint><joint name="LHand">0.5004</joint><joint name="LAnkleRoll">-0.0352401174599</joint><joint name="LHipYawPitch">0.00617795940658</joint><joint name="RAnkleRoll">0.0169159580031</joint><joint name="RAnklePitch">0.932005820565</joint><joint name="LKneePitch">-0.0905480306593</joint><joint name="LHipRoll">0.395814494414</joint><joint name="RHipRoll">-0.406467984168</joint><joint name="RShoulderPitch">-1.09676839261</joint><joint name="RElbowRoll">1.19196039534</joint><joint name="RKneePitch">-0.0904640803223</joint></state><state><joint name="LShoulderPitch">-1.1551444201</joint><joint name="LHipPitch">0.0307219836253</joint><joint name="LElbowYaw">-0.498591698076</joint><joint name="LAnklePitch">0.92189163755</joint><joint name="LWristYaw">-0.765508391242</joint><joint name="RShoulderRoll">-0.437231157563</joint><joint name="RWristYaw">0.535323897513</joint><joint name="HeadYaw">-0.0491299712461</joint><joint name="RHipPitch">0.0398420270987</joint><joint name="HeadPitch">-0.618244490275</joint><joint name="RElbowYaw">0.496973777859</joint><joint name="RHand">0.5008</joint><joint name="LElbowRoll">-1.03694199651</joint><joint name="LShoulderRoll">0.300622491681</joint><joint name="LHand">0.5004</joint><joint name="LAnkleRoll">-0.0352401174599</joint><joint name="LHipYawPitch">0.0123139610979</joint><joint name="RAnkleRoll">0.0199840199353</joint><joint name="RAnklePitch">0.929646135416</joint><joint name="LKneePitch">-0.0798098924364</joint><joint name="LHipRoll">0.113557927919</joint><joint name="RHipRoll">-0.0705221228219</joint><joint name="RShoulderPitch">-1.09676839261</joint><joint name="RElbowRoll">1.19196039534</joint><joint name="RKneePitch">-0.0923279174305</joint></state><state><joint name="LShoulderPitch">-1.15207613128</joint><joint name="LHipPitch">0.0307219836253</joint><joint name="LElbowYaw">-0.96799625507</joint><joint name="LAnklePitch">0.92189163755</joint><joint name="LWristYaw">-0.839140341725</joint><joint name="RShoulderRoll">-0.438765301976</joint><joint name="RWristYaw">0.76695875985</joint><joint name="HeadYaw">-0.0491299712461</joint><joint name="RHipPitch">0.0398420270987</joint><joint name="HeadPitch">-0.618244490275</joint><joint name="RElbowYaw">0.832919988271</joint><joint name="RHand">0.8808</joint><joint name="LElbowRoll">-0.639635245588</joint><joint name="LShoulderRoll">0.300622491681</joint><joint name="LHand">0.9056</joint><joint name="LAnkleRoll">-0.0352401174599</joint><joint name="LHipYawPitch">0.0123139610979</joint><joint name="RAnkleRoll">0.0199840199353</joint><joint name="RAnklePitch">0.929646135416</joint><joint name="LKneePitch">-0.0798098924364</joint><joint name="LHipRoll">0.113557927919</joint><joint name="RHipRoll">-0.0705221228219</joint><joint name="RShoulderPitch">-1.09370010379</joint><joint name="RElbowRoll">0.768576680067</joint><joint name="RKneePitch">-0.0923279174305</joint></state><state><joint name="LShoulderPitch">-1.15207613128</joint><joint name="LHipPitch">0.0337899233845</joint><joint name="LElbowYaw">-0.96799625507</joint><joint name="LAnklePitch">0.92189163755</joint><joint name="LWristYaw">-0.839140341725</joint><joint name="RShoulderRoll">-0.438765301976</joint><joint name="RWristYaw">0.76695875985</joint><joint name="HeadYaw">-0.0491299712461</joint><joint name="RHipPitch">0.0367740873395</joint><joint name="HeadPitch">-0.618244490275</joint><joint name="RElbowYaw">0.832919988271</joint><joint name="RHand">0.8808</joint><joint name="LElbowRoll">-0.639635245588</joint><joint name="LShoulderRoll">0.300622491681</joint><joint name="LHand">0.9056</joint><joint name="LAnkleRoll">-0.0367740873395</joint><joint name="LHipYawPitch">0.00771196419274</joint><joint name="RAnkleRoll">0.0169159580031</joint><joint name="RAnklePitch">0.931180279829</joint><joint name="LKneePitch">-0.0890138862468</joint><joint name="LHipRoll">0.394280350001</joint><joint name="RHipRoll">-0.403399695343</joint><joint name="RShoulderPitch">-1.09370010379</joint><joint name="RElbowRoll">0.768576680067</joint><joint name="RKneePitch">-0.0904640803223</joint></state><state><joint name="LShoulderPitch">-1.15207613128</joint><joint name="LHipPitch">0.0337899233845</joint><joint name="LElbowYaw">-0.516999685697</joint><joint name="LAnklePitch">0.92189163755</joint><joint name="LWristYaw">-0.786984667688</joint><joint name="RShoulderRoll">-0.438765301976</joint><joint name="RWristYaw">0.547595307484</joint><joint name="HeadYaw">-0.0491299712461</joint><joint name="RHipPitch">0.0367740873395</joint><joint name="HeadPitch">-0.619778634688</joint><joint name="RElbowYaw">0.507712788747</joint><joint name="RHand">0.5024</joint><joint name="LElbowRoll">-1.01239743124</joint><joint name="LShoulderRoll">0.299088347268</joint><joint name="LHand">0.502</joint><joint name="LAnkleRoll">-0.0367740873395</joint><joint name="LHipYawPitch">0.00771196419274</joint><joint name="RAnkleRoll">0.0169159580031</joint><joint name="RAnklePitch">0.931180279829</joint><joint name="LKneePitch">-0.0890138862468</joint><joint name="LHipRoll">0.394280350001</joint><joint name="RHipRoll">-0.403399695343</joint><joint name="RShoulderPitch">-1.0952342482</joint><joint name="RElbowRoll">1.1704841189</joint><joint name="RKneePitch">-0.0904640803223</joint></state><state><joint name="LShoulderPitch">-1.15207613128</joint><joint name="LHipPitch">0.0291880137457</joint><joint name="LElbowYaw">-0.516999685697</joint><joint name="LAnklePitch">0.922581042604</joint><joint name="LWristYaw">-0.786984667688</joint><joint name="RShoulderRoll">-0.438765301976</joint><joint name="RWristYaw">0.547595307484</joint><joint name="HeadYaw">-0.0491299712461</joint><joint name="RHipPitch">0.0367740873395</joint><joint name="HeadPitch">-0.619778634688</joint><joint name="RElbowYaw">0.507712788747</joint><joint name="RHand">0.5024</joint><joint name="LElbowRoll">-1.01239743124</joint><joint name="LShoulderRoll">0.299088347268</joint><joint name="LHand">0.502</joint><joint name="LAnkleRoll">-0.0337059730474</joint><joint name="LHipYawPitch">0.0123139610979</joint><joint name="RAnkleRoll">0.0184498755228</joint><joint name="RAnklePitch">0.931180279829</joint><joint name="LKneePitch">-0.0813440368489</joint><joint name="LHipRoll">0.116626042211</joint><joint name="RHipRoll">-0.0751240324607</joint><joint name="RShoulderPitch">-1.0952342482</joint><joint name="RElbowRoll">1.1704841189</joint><joint name="RKneePitch">-0.0919980502019</joint></state><state><joint name="LShoulderPitch">-1.1551444201</joint><joint name="LHipPitch">0.0291880137457</joint><joint name="LElbowYaw">-0.952656556275</joint><joint name="LAnklePitch">0.922581042604</joint><joint name="LWristYaw">-0.814595776454</joint><joint name="RShoulderRoll">-0.438765301976</joint><joint name="RWristYaw">0.7608221822</joint><joint name="HeadYaw">-0.0491299712461</joint><joint name="RHipPitch">0.0367740873395</joint><joint name="HeadPitch">-0.618244490275</joint><joint name="RElbowYaw">0.817580289475</joint><joint name="RHand">0.8784</joint><joint name="LElbowRoll">-0.656510834125</joint><joint name="LShoulderRoll">0.300622491681</joint><joint name="LHand">0.9044</joint><joint name="LAnkleRoll">-0.0337059730474</joint><joint name="LHipYawPitch">0.0123139610979</joint><joint name="RAnkleRoll">0.0184498755228</joint><joint name="RAnklePitch">0.931180279829</joint><joint name="LKneePitch">-0.0813440368489</joint><joint name="LHipRoll">0.116626042211</joint><joint name="RHipRoll">-0.0751240324607</joint><joint name="RShoulderPitch">-1.09370010379</joint><joint name="RElbowRoll">0.786984667688</joint><joint name="RKneePitch">-0.0919980502019</joint></state><state><joint name="LShoulderPitch">-1.1551444201</joint><joint name="LHipPitch">0.0337899233845</joint><joint name="LElbowYaw">-0.952656556275</joint><joint name="LAnklePitch">0.920357493137</joint><joint name="LWristYaw">-0.814595776454</joint><joint name="RShoulderRoll">-0.438765301976</joint><joint name="RWristYaw">0.7608221822</joint><joint name="HeadYaw">-0.0491299712461</joint><joint name="RHipPitch">0.0413759969783</joint><joint name="HeadPitch">-0.618244490275</joint><joint name="RElbowYaw">0.817580289475</joint><joint name="RHand">0.8784</joint><joint name="LElbowRoll">-0.656510834125</joint><joint name="LShoulderRoll">0.300622491681</joint><joint name="LHand">0.9044</joint><joint name="LAnkleRoll">-0.0367740873395</joint><joint name="LHipYawPitch">0.0092459689789</joint><joint name="RAnkleRoll">0.0199840199353</joint><joint name="RAnklePitch">0.929646135416</joint><joint name="LKneePitch">-0.0859459464877</joint><joint name="LHipRoll">0.389677916764</joint><joint name="RHipRoll">-0.394196574197</joint><joint name="RShoulderPitch">-1.09370010379</joint><joint name="RElbowRoll">0.786984667688</joint><joint name="RKneePitch">-0.0904640803223</joint></state><state><joint name="LShoulderPitch">-1.15207613128</joint><joint name="LHipPitch">0.0337899233845</joint><joint name="LElbowYaw">-0.532339384492</joint><joint name="LAnklePitch">0.920357493137</joint><joint name="LWristYaw">-0.803858510896</joint><joint name="RShoulderRoll">-0.437231157563</joint><joint name="RWristYaw">0.559868462784</joint><joint name="HeadYaw">-0.0491299712461</joint><joint name="RHipPitch">0.0413759969783</joint><joint name="HeadPitch">-0.618244490275</joint><joint name="RElbowYaw">0.518450054305</joint><joint name="RHand">0.504</joint><joint name="LElbowRoll">-0.990922900125</joint><joint name="LShoulderRoll">0.300622491681</joint><joint name="LHand">0.5036</joint><joint name="LAnkleRoll">-0.0367740873395</joint><joint name="LHipYawPitch">0.0092459689789</joint><joint name="RAnkleRoll">0.0199840199353</joint><joint name="RAnklePitch">0.929646135416</joint><joint name="LKneePitch">-0.0859459464877</joint><joint name="LHipRoll">0.389677916764</joint><joint name="RHipRoll">-0.394196574197</joint><joint name="RShoulderPitch">-1.0952342482</joint><joint name="RElbowRoll">1.14900784245</joint><joint name="RKneePitch">-0.0904640803223</joint></state><state><joint name="LShoulderPitch">-1.15207613128</joint><joint name="LHipPitch">0.0291880137457</joint><joint name="LElbowYaw">-0.532339384492</joint><joint name="LAnklePitch">0.922581042604</joint><joint name="LWristYaw">-0.803858510896</joint><joint name="RShoulderRoll">-0.437231157563</joint><joint name="RWristYaw">0.559868462784</joint><joint name="HeadYaw">-0.0491299712461</joint><joint name="RHipPitch">0.0367740873395</joint><joint name="HeadPitch">-0.618244490275</joint><joint name="RElbowYaw">0.518450054305</joint><joint name="RHand">0.504</joint><joint name="LElbowRoll">-0.990922900125</joint><joint name="LShoulderRoll">0.300622491681</joint><joint name="LHand">0.5036</joint><joint name="LAnkleRoll">-0.0337059730474</joint><joint name="LHipYawPitch">0.0123139610979</joint><joint name="RAnkleRoll">0.0184498755228</joint><joint name="RAnklePitch">0.931180279829</joint><joint name="LKneePitch">-0.0813440368489</joint><joint name="LHipRoll">0.116626042211</joint><joint name="RHipRoll">-0.0751240324607</joint><joint name="RShoulderPitch">-1.0952342482</joint><joint name="RElbowRoll">1.14900784245</joint><joint name="RKneePitch">-0.0919980502019</joint></state><state><joint name="LShoulderPitch">-1.1551444201</joint><joint name="LHipPitch">0.0291880137457</joint><joint name="LElbowYaw">-0.952656556275</joint><joint name="LAnklePitch">0.922581042604</joint><joint name="LWristYaw">-0.814595776454</joint><joint name="RShoulderRoll">-0.438765301976</joint><joint name="RWristYaw">0.7608221822</joint><joint name="HeadYaw">-0.0491299712461</joint><joint name="RHipPitch">0.0367740873395</joint><joint name="HeadPitch">-0.618244490275</joint><joint name="RElbowYaw">0.817580289475</joint><joint name="RHand">0.8784</joint><joint name="LElbowRoll">-0.656510834125</joint><joint name="LShoulderRoll">0.300622491681</joint><joint name="LHand">0.9044</joint><joint name="LAnkleRoll">-0.0337059730474</joint><joint name="LHipYawPitch">0.0123139610979</joint><joint name="RAnkleRoll">0.0184498755228</joint><joint name="RAnklePitch">0.931180279829</joint><joint name="LKneePitch">-0.0813440368489</joint><joint name="LHipRoll">0.116626042211</joint><joint name="RHipRoll">-0.0751240324607</joint><joint name="RShoulderPitch">-1.09370010379</joint><joint name="RElbowRoll">0.786984667688</joint><joint name="RKneePitch">-0.0919980502019</joint></state><state><joint name="LShoulderPitch">-1.1551444201</joint><joint name="LHipPitch">0.0337899233845</joint><joint name="LElbowYaw">-0.952656556275</joint><joint name="LAnklePitch">0.920357493137</joint><joint name="LWristYaw">-0.814595776454</joint><joint name="RShoulderRoll">-0.438765301976</joint><joint name="RWristYaw">0.7608221822</joint><joint name="HeadYaw">-0.0491299712461</joint><joint name="RHipPitch">0.0413759969783</joint><joint name="HeadPitch">-0.618244490275</joint><joint name="RElbowYaw">0.817580289475</joint><joint name="RHand">0.8784</joint><joint name="LElbowRoll">-0.656510834125</joint><joint name="LShoulderRoll">0.300622491681</joint><joint name="LHand">0.9044</joint><joint name="LAnkleRoll">-0.0367740873395</joint><joint name="LHipYawPitch">0.0092459689789</joint><joint name="RAnkleRoll">0.0199840199353</joint><joint name="RAnklePitch">0.929646135416</joint><joint name="LKneePitch">-0.0859459464877</joint><joint name="LHipRoll">0.389677916764</joint><joint name="RHipRoll">-0.394196574197</joint><joint name="RShoulderPitch">-1.09370010379</joint><joint name="RElbowRoll">0.786984667688</joint><joint name="RKneePitch">-0.0904640803223</joint></state><state><joint name="LShoulderPitch">-1.15207613128</joint><joint name="LHipPitch">0.0337899233845</joint><joint name="LElbowYaw">-0.532339384492</joint><joint name="LAnklePitch">0.920357493137</joint><joint name="LWristYaw">-0.803858510896</joint><joint name="RShoulderRoll">-0.437231157563</joint><joint name="RWristYaw">0.559868462784</joint><joint name="HeadYaw">-0.0491299712461</joint><joint name="RHipPitch">0.0413759969783</joint><joint name="HeadPitch">-0.618244490275</joint><joint name="RElbowYaw">0.518450054305</joint><joint name="RHand">0.504</joint><joint name="LElbowRoll">-0.990922900125</joint><joint name="LShoulderRoll">0.300622491681</joint><joint name="LHand">0.5036</joint><joint name="LAnkleRoll">-0.0367740873395</joint><joint name="LHipYawPitch">0.0092459689789</joint><joint name="RAnkleRoll">0.0199840199353</joint><joint name="RAnklePitch">0.929646135416</joint><joint name="LKneePitch">-0.0859459464877</joint><joint name="LHipRoll">0.389677916764</joint><joint name="RHipRoll">-0.394196574197</joint><joint name="RShoulderPitch">-1.0952342482</joint><joint name="RElbowRoll">1.14900784245</joint><joint name="RKneePitch">-0.0904640803223</joint></state><state><joint name="LShoulderPitch">-1.15207613128</joint><joint name="LHipPitch">0.0291880137457</joint><joint name="LElbowYaw">-0.532339384492</joint><joint name="LAnklePitch">0.922581042604</joint><joint name="LWristYaw">-0.803858510896</joint><joint name="RShoulderRoll">-0.437231157563</joint><joint name="RWristYaw">0.559868462784</joint><joint name="HeadYaw">-0.0491299712461</joint><joint name="RHipPitch">0.0367740873395</joint><joint name="HeadPitch">-0.618244490275</joint><joint name="RElbowYaw">0.518450054305</joint><joint name="RHand">0.504</joint><joint name="LElbowRoll">-0.990922900125</joint><joint name="LShoulderRoll">0.300622491681</joint><joint name="LHand">0.5036</joint><joint name="LAnkleRoll">-0.0337059730474</joint><joint name="LHipYawPitch">0.0123139610979</joint><joint name="RAnkleRoll">0.0184498755228</joint><joint name="RAnklePitch">0.931180279829</joint><joint name="LKneePitch">-0.0813440368489</joint><joint name="LHipRoll">0.116626042211</joint><joint name="RHipRoll">-0.0751240324607</joint><joint name="RShoulderPitch">-1.0952342482</joint><joint name="RElbowRoll">1.14900784245</joint><joint name="RKneePitch">-0.0919980502019</joint></state><state><joint name="LShoulderPitch">-1.1551444201</joint><joint name="LHipPitch">0.0291880137457</joint><joint name="LElbowYaw">-0.952656556275</joint><joint name="LAnklePitch">0.922581042604</joint><joint name="LWristYaw">-0.814595776454</joint><joint name="RShoulderRoll">-0.438765301976</joint><joint name="RWristYaw">0.7608221822</joint><joint name="HeadYaw">-0.0491299712461</joint><joint name="RHipPitch">0.0367740873395</joint><joint name="HeadPitch">-0.618244490275</joint><joint name="RElbowYaw">0.817580289475</joint><joint name="RHand">0.8784</joint><joint name="LElbowRoll">-0.656510834125</joint><joint name="LShoulderRoll">0.300622491681</joint><joint name="LHand">0.9044</joint><joint name="LAnkleRoll">-0.0337059730474</joint><joint name="LHipYawPitch">0.0123139610979</joint><joint name="RAnkleRoll">0.0184498755228</joint><joint name="RAnklePitch">0.931180279829</joint><joint name="LKneePitch">-0.0813440368489</joint><joint name="LHipRoll">0.116626042211</joint><joint name="RHipRoll">-0.0751240324607</joint><joint name="RShoulderPitch">-1.09370010379</joint><joint name="RElbowRoll">0.786984667688</joint><joint name="RKneePitch">-0.0919980502019</joint></state><state><joint name="LShoulderPitch">-1.1551444201</joint><joint name="LHipPitch">0.0337899233845</joint><joint name="LElbowYaw">-0.952656556275</joint><joint name="LAnklePitch">0.920357493137</joint><joint name="LWristYaw">-0.814595776454</joint><joint name="RShoulderRoll">-0.438765301976</joint><joint name="RWristYaw">0.7608221822</joint><joint name="HeadYaw">-0.0491299712461</joint><joint name="RHipPitch">0.0413759969783</joint><joint name="HeadPitch">-0.618244490275</joint><joint name="RElbowYaw">0.817580289475</joint><joint name="RHand">0.8784</joint><joint name="LElbowRoll">-0.656510834125</joint><joint name="LShoulderRoll">0.300622491681</joint><joint name="LHand">0.9044</joint><joint name="LAnkleRoll">-0.0367740873395</joint><joint name="LHipYawPitch">0.0092459689789</joint><joint name="RAnkleRoll">0.0199840199353</joint><joint name="RAnklePitch">0.929646135416</joint><joint name="LKneePitch">-0.0859459464877</joint><joint name="LHipRoll">0.389677916764</joint><joint name="RHipRoll">-0.394196574197</joint><joint name="RShoulderPitch">-1.09370010379</joint><joint name="RElbowRoll">0.786984667688</joint><joint name="RKneePitch">-0.0904640803223</joint></state><state><joint name="LShoulderPitch">-1.15207613128</joint><joint name="LHipPitch">0.0337899233845</joint><joint name="LElbowYaw">-0.532339384492</joint><joint name="LAnklePitch">0.920357493137</joint><joint name="LWristYaw">-0.803858510896</joint><joint name="RShoulderRoll">-0.437231157563</joint><joint name="RWristYaw">0.559868462784</joint><joint name="HeadYaw">-0.0491299712461</joint><joint name="RHipPitch">0.0413759969783</joint><joint name="HeadPitch">-0.618244490275</joint><joint name="RElbowYaw">0.518450054305</joint><joint name="RHand">0.504</joint><joint name="LElbowRoll">-0.990922900125</joint><joint name="LShoulderRoll">0.300622491681</joint><joint name="LHand">0.5036</joint><joint name="LAnkleRoll">-0.0367740873395</joint><joint name="LHipYawPitch">0.0092459689789</joint><joint name="RAnkleRoll">0.0199840199353</joint><joint name="RAnklePitch">0.929646135416</joint><joint name="LKneePitch">-0.0859459464877</joint><joint name="LHipRoll">0.389677916764</joint><joint name="RHipRoll">-0.394196574197</joint><joint name="RShoulderPitch">-1.0952342482</joint><joint name="RElbowRoll">1.14900784245</joint><joint name="RKneePitch">-0.0904640803223</joint></state><state><joint name="LShoulderPitch">-1.15207613128</joint><joint name="LHipPitch">0.0291880137457</joint><joint name="LElbowYaw">-0.532339384492</joint><joint name="LAnklePitch">0.922581042604</joint><joint name="LWristYaw">-0.803858510896</joint><joint name="RShoulderRoll">-0.437231157563</joint><joint name="RWristYaw">0.559868462784</joint><joint name="HeadYaw">-0.0491299712461</joint><joint name="RHipPitch">0.0367740873395</joint><joint name="HeadPitch">-0.618244490275</joint><joint name="RElbowYaw">0.518450054305</joint><joint name="RHand">0.504</joint><joint name="LElbowRoll">-0.990922900125</joint><joint name="LShoulderRoll">0.300622491681</joint><joint name="LHand">0.5036</joint><joint name="LAnkleRoll">-0.0337059730474</joint><joint name="LHipYawPitch">0.0123139610979</joint><joint name="RAnkleRoll">0.0184498755228</joint><joint name="RAnklePitch">0.931180279829</joint><joint name="LKneePitch">-0.0813440368489</joint><joint name="LHipRoll">0.116626042211</joint><joint name="RHipRoll">-0.0751240324607</joint><joint name="RShoulderPitch">-1.0952342482</joint><joint name="RElbowRoll">1.14900784245</joint><joint name="RKneePitch">-0.0919980502019</joint></state><state><joint name="LShoulderPitch">-1.1551444201</joint><joint name="LHipPitch">0.0291880137457</joint><joint name="LElbowYaw">-0.952656556275</joint><joint name="LAnklePitch">0.922581042604</joint><joint name="LWristYaw">-0.814595776454</joint><joint name="RShoulderRoll">-0.438765301976</joint><joint name="RWristYaw">0.7608221822</joint><joint name="HeadYaw">-0.0491299712461</joint><joint name="RHipPitch">0.0367740873395</joint><joint name="HeadPitch">-0.618244490275</joint><joint name="RElbowYaw">0.817580289475</joint><joint name="RHand">0.8784</joint><joint name="LElbowRoll">-0.656510834125</joint><joint name="LShoulderRoll">0.300622491681</joint><joint name="LHand">0.9044</joint><joint name="LAnkleRoll">-0.0337059730474</joint><joint name="LHipYawPitch">0.0123139610979</joint><joint name="RAnkleRoll">0.0184498755228</joint><joint name="RAnklePitch">0.931180279829</joint><joint name="LKneePitch">-0.0813440368489</joint><joint name="LHipRoll">0.116626042211</joint><joint name="RHipRoll">-0.0751240324607</joint><joint name="RShoulderPitch">-1.09370010379</joint><joint name="RElbowRoll">0.786984667688</joint><joint name="RKneePitch">-0.0919980502019</joint></state><state><joint name="LShoulderPitch">-1.1551444201</joint><joint name="LHipPitch">0.0337899233845</joint><joint name="LElbowYaw">-0.952656556275</joint><joint name="LAnklePitch">0.920357493137</joint><joint name="LWristYaw">-0.814595776454</joint><joint name="RShoulderRoll">-0.438765301976</joint><joint name="RWristYaw">0.7608221822</joint><joint name="HeadYaw">-0.0491299712461</joint><joint name="RHipPitch">0.0413759969783</joint><joint name="HeadPitch">-0.618244490275</joint><joint name="RElbowYaw">0.817580289475</joint><joint name="RHand">0.8784</joint><joint name="LElbowRoll">-0.656510834125</joint><joint name="LShoulderRoll">0.300622491681</joint><joint name="LHand">0.9044</joint><joint name="LAnkleRoll">-0.0367740873395</joint><joint name="LHipYawPitch">0.0092459689789</joint><joint name="RAnkleRoll">0.0199840199353</joint><joint name="RAnklePitch">0.929646135416</joint><joint name="LKneePitch">-0.0859459464877</joint><joint name="LHipRoll">0.389677916764</joint><joint name="RHipRoll">-0.394196574197</joint><joint name="RShoulderPitch">-1.09370010379</joint><joint name="RElbowRoll">0.786984667688</joint><joint name="RKneePitch">-0.0904640803223</joint></state><state><joint name="LShoulderPitch">-1.15207613128</joint><joint name="LHipPitch">0.0337899233845</joint><joint name="LElbowYaw">-0.532339384492</joint><joint name="LAnklePitch">0.920357493137</joint><joint name="LWristYaw">-0.803858510896</joint><joint name="RShoulderRoll">-0.437231157563</joint><joint name="RWristYaw">0.559868462784</joint><joint name="HeadYaw">-0.0491299712461</joint><joint name="RHipPitch">0.0413759969783</joint><joint name="HeadPitch">-0.618244490275</joint><joint name="RElbowYaw">0.518450054305</joint><joint name="RHand">0.504</joint><joint name="LElbowRoll">-0.990922900125</joint><joint name="LShoulderRoll">0.300622491681</joint><joint name="LHand">0.5036</joint><joint name="LAnkleRoll">-0.0367740873395</joint><joint name="LHipYawPitch">0.0092459689789</joint><joint name="RAnkleRoll">0.0199840199353</joint><joint name="RAnklePitch">0.929646135416</joint><joint name="LKneePitch">-0.0859459464877</joint><joint name="LHipRoll">0.389677916764</joint><joint name="RHipRoll">-0.394196574197</joint><joint name="RShoulderPitch">-1.0952342482</joint><joint name="RElbowRoll">1.14900784245</joint><joint name="RKneePitch">-0.0904640803223</joint></state><state><joint name="LShoulderPitch">-1.15207613128</joint><joint name="LHipPitch">0.0291880137457</joint><joint name="LElbowYaw">-0.532339384492</joint><joint name="LAnklePitch">0.922581042604</joint><joint name="LWristYaw">-0.803858510896</joint><joint name="RShoulderRoll">-0.437231157563</joint><joint name="RWristYaw">0.559868462784</joint><joint name="HeadYaw">-0.0491299712461</joint><joint name="RHipPitch">0.0367740873395</joint><joint name="HeadPitch">-0.618244490275</joint><joint name="RElbowYaw">0.518450054305</joint><joint name="RHand">0.504</joint><joint name="LElbowRoll">-0.990922900125</joint><joint name="LShoulderRoll">0.300622491681</joint><joint name="LHand">0.5036</joint><joint name="LAnkleRoll">-0.0337059730474</joint><joint name="LHipYawPitch">0.0123139610979</joint><joint name="RAnkleRoll">0.0184498755228</joint><joint name="RAnklePitch">0.931180279829</joint><joint name="LKneePitch">-0.0813440368489</joint><joint name="LHipRoll">0.116626042211</joint><joint name="RHipRoll">-0.0751240324607</joint><joint name="RShoulderPitch">-1.0952342482</joint><joint name="RElbowRoll">1.14900784245</joint><joint name="RKneePitch">-0.0919980502019</joint></state><state><joint name="LShoulderPitch">-1.1551444201</joint><joint name="LHipPitch">0.0291880137457</joint><joint name="LElbowYaw">-0.952656556275</joint><joint name="LAnklePitch">0.922581042604</joint><joint name="LWristYaw">-0.814595776454</joint><joint name="RShoulderRoll">-0.438765301976</joint><joint name="RWristYaw">0.7608221822</joint><joint name="HeadYaw">-0.0491299712461</joint><joint name="RHipPitch">0.0367740873395</joint><joint name="HeadPitch">-0.618244490275</joint><joint name="RElbowYaw">0.817580289475</joint><joint name="RHand">0.8784</joint><joint name="LElbowRoll">-0.656510834125</joint><joint name="LShoulderRoll">0.300622491681</joint><joint name="LHand">0.9044</joint><joint name="LAnkleRoll">-0.0337059730474</joint><joint name="LHipYawPitch">0.0123139610979</joint><joint name="RAnkleRoll">0.0184498755228</joint><joint name="RAnklePitch">0.931180279829</joint><joint name="LKneePitch">-0.0813440368489</joint><joint name="LHipRoll">0.116626042211</joint><joint name="RHipRoll">-0.0751240324607</joint><joint name="RShoulderPitch">-1.09370010379</joint><joint name="RElbowRoll">0.786984667688</joint><joint name="RKneePitch">-0.0919980502019</joint></state><state><joint name="LShoulderPitch">-1.1551444201</joint><joint name="LHipPitch">0.0337899233845</joint><joint name="LElbowYaw">-0.952656556275</joint><joint name="LAnklePitch">0.920357493137</joint><joint name="LWristYaw">-0.814595776454</joint><joint name="RShoulderRoll">-0.438765301976</joint><joint name="RWristYaw">0.7608221822</joint><joint name="HeadYaw">-0.0491299712461</joint><joint name="RHipPitch">0.0413759969783</joint><joint name="HeadPitch">-0.618244490275</joint><joint name="RElbowYaw">0.817580289475</joint><joint name="RHand">0.8784</joint><joint name="LElbowRoll">-0.656510834125</joint><joint name="LShoulderRoll">0.300622491681</joint><joint name="LHand">0.9044</joint><joint name="LAnkleRoll">-0.0367740873395</joint><joint name="LHipYawPitch">0.0092459689789</joint><joint name="RAnkleRoll">0.0199840199353</joint><joint name="RAnklePitch">0.929646135416</joint><joint name="LKneePitch">-0.0859459464877</joint><joint name="LHipRoll">0.389677916764</joint><joint name="RHipRoll">-0.394196574197</joint><joint name="RShoulderPitch">-1.09370010379</joint><joint name="RElbowRoll">0.786984667688</joint><joint name="RKneePitch">-0.0904640803223</joint></state><state><joint name="LShoulderPitch">-1.15207613128</joint><joint name="LHipPitch">0.0337899233845</joint><joint name="LElbowYaw">-0.532339384492</joint><joint name="LAnklePitch">0.920357493137</joint><joint name="LWristYaw">-0.803858510896</joint><joint name="RShoulderRoll">-0.437231157563</joint><joint name="RWristYaw">0.559868462784</joint><joint name="HeadYaw">-0.0491299712461</joint><joint name="RHipPitch">0.0413759969783</joint><joint name="HeadPitch">-0.618244490275</joint><joint name="RElbowYaw">0.518450054305</joint><joint name="RHand">0.504</joint><joint name="LElbowRoll">-0.990922900125</joint><joint name="LShoulderRoll">0.300622491681</joint><joint name="LHand">0.5036</joint><joint name="LAnkleRoll">-0.0367740873395</joint><joint name="LHipYawPitch">0.0092459689789</joint><joint name="RAnkleRoll">0.0199840199353</joint><joint name="RAnklePitch">0.929646135416</joint><joint name="LKneePitch">-0.0859459464877</joint><joint name="LHipRoll">0.389677916764</joint><joint name="RHipRoll">-0.394196574197</joint><joint name="RShoulderPitch">-1.0952342482</joint><joint name="RElbowRoll">1.14900784245</joint><joint name="RKneePitch">-0.0904640803223</joint></state><state><joint name="LShoulderPitch">-1.15207613128</joint><joint name="LHipPitch">0.0291880137457</joint><joint name="LElbowYaw">-0.532339384492</joint><joint name="LAnklePitch">0.922581042604</joint><joint name="LWristYaw">-0.803858510896</joint><joint name="RShoulderRoll">-0.437231157563</joint><joint name="RWristYaw">0.559868462784</joint><joint name="HeadYaw">-0.0491299712461</joint><joint name="RHipPitch">0.0367740873395</joint><joint name="HeadPitch">-0.618244490275</joint><joint name="RElbowYaw">0.518450054305</joint><joint name="RHand">0.504</joint><joint name="LElbowRoll">-0.990922900125</joint><joint name="LShoulderRoll">0.300622491681</joint><joint name="LHand">0.5036</joint><joint name="LAnkleRoll">-0.0337059730474</joint><joint name="LHipYawPitch">0.0123139610979</joint><joint name="RAnkleRoll">0.0184498755228</joint><joint name="RAnklePitch">0.931180279829</joint><joint name="LKneePitch">-0.0813440368489</joint><joint name="LHipRoll">0.116626042211</joint><joint name="RHipRoll">-0.0751240324607</joint><joint name="RShoulderPitch">-1.0952342482</joint><joint name="RElbowRoll">1.14900784245</joint><joint name="RKneePitch">-0.0919980502019</joint></state><state><joint name="LShoulderPitch">-1.1551444201</joint><joint name="LHipPitch">0.0291880137457</joint><joint name="LElbowYaw">-0.952656556275</joint><joint name="LAnklePitch">0.922581042604</joint><joint name="LWristYaw">-0.814595776454</joint><joint name="RShoulderRoll">-0.438765301976</joint><joint name="RWristYaw">0.7608221822</joint><joint name="HeadYaw">-0.0491299712461</joint><joint name="RHipPitch">0.0367740873395</joint><joint name="HeadPitch">-0.618244490275</joint><joint name="RElbowYaw">0.817580289475</joint><joint name="RHand">0.8784</joint><joint name="LElbowRoll">-0.656510834125</joint><joint name="LShoulderRoll">0.300622491681</joint><joint name="LHand">0.9044</joint><joint name="LAnkleRoll">-0.0337059730474</joint><joint name="LHipYawPitch">0.0123139610979</joint><joint name="RAnkleRoll">0.0184498755228</joint><joint name="RAnklePitch">0.931180279829</joint><joint name="LKneePitch">-0.0813440368489</joint><joint name="LHipRoll">0.116626042211</joint><joint name="RHipRoll">-0.0751240324607</joint><joint name="RShoulderPitch">-1.09370010379</joint><joint name="RElbowRoll">0.786984667688</joint><joint name="RKneePitch">-0.0919980502019</joint></state><state><joint name="LShoulderPitch">-1.1551444201</joint><joint name="LHipPitch">0.0337899233845</joint><joint name="LElbowYaw">-0.952656556275</joint><joint name="LAnklePitch">0.920357493137</joint><joint name="LWristYaw">-0.814595776454</joint><joint name="RShoulderRoll">-0.438765301976</joint><joint name="RWristYaw">0.7608221822</joint><joint name="HeadYaw">-0.0491299712461</joint><joint name="RHipPitch">0.0413759969783</joint><joint name="HeadPitch">-0.618244490275</joint><joint name="RElbowYaw">0.817580289475</joint><joint name="RHand">0.8784</joint><joint name="LElbowRoll">-0.656510834125</joint><joint name="LShoulderRoll">0.300622491681</joint><joint name="LHand">0.9044</joint><joint name="LAnkleRoll">-0.0367740873395</joint><joint name="LHipYawPitch">0.0092459689789</joint><joint name="RAnkleRoll">0.0199840199353</joint><joint name="RAnklePitch">0.929646135416</joint><joint name="LKneePitch">-0.0859459464877</joint><joint name="LHipRoll">0.389677916764</joint><joint name="RHipRoll">-0.394196574197</joint><joint name="RShoulderPitch">-1.09370010379</joint><joint name="RElbowRoll">0.786984667688</joint><joint name="RKneePitch">-0.0904640803223</joint></state><state><joint name="LShoulderPitch">-1.15207613128</joint><joint name="LHipPitch">0.0337899233845</joint><joint name="LElbowYaw">-0.532339384492</joint><joint name="LAnklePitch">0.920357493137</joint><joint name="LWristYaw">-0.803858510896</joint><joint name="RShoulderRoll">-0.437231157563</joint><joint name="RWristYaw">0.559868462784</joint><joint name="HeadYaw">-0.0491299712461</joint><joint name="RHipPitch">0.0413759969783</joint><joint name="HeadPitch">-0.618244490275</joint><joint name="RElbowYaw">0.518450054305</joint><joint name="RHand">0.504</joint><joint name="LElbowRoll">-0.990922900125</joint><joint name="LShoulderRoll">0.300622491681</joint><joint name="LHand">0.5036</joint><joint name="LAnkleRoll">-0.0367740873395</joint><joint name="LHipYawPitch">0.0092459689789</joint><joint name="RAnkleRoll">0.0199840199353</joint><joint name="RAnklePitch">0.929646135416</joint><joint name="LKneePitch">-0.0859459464877</joint><joint name="LHipRoll">0.389677916764</joint><joint name="RHipRoll">-0.394196574197</joint><joint name="RShoulderPitch">-1.0952342482</joint><joint name="RElbowRoll">1.14900784245</joint><joint name="RKneePitch">-0.0904640803223</joint></state><state><joint name="LShoulderPitch">-1.15207613128</joint><joint name="LHipPitch">0.0291880137457</joint><joint name="LElbowYaw">-0.532339384492</joint><joint name="LAnklePitch">0.922581042604</joint><joint name="LWristYaw">-0.803858510896</joint><joint name="RShoulderRoll">-0.437231157563</joint><joint name="RWristYaw">0.559868462784</joint><joint name="HeadYaw">-0.0491299712461</joint><joint name="RHipPitch">0.0367740873395</joint><joint name="HeadPitch">-0.618244490275</joint><joint name="RElbowYaw">0.518450054305</joint><joint name="RHand">0.504</joint><joint name="LElbowRoll">-0.990922900125</joint><joint name="LShoulderRoll">0.300622491681</joint><joint name="LHand">0.5036</joint><joint name="LAnkleRoll">-0.0337059730474</joint><joint name="LHipYawPitch">0.0123139610979</joint><joint name="RAnkleRoll">0.0184498755228</joint><joint name="RAnklePitch">0.931180279829</joint><joint name="LKneePitch">-0.0813440368489</joint><joint name="LHipRoll">0.116626042211</joint><joint name="RHipRoll">-0.0751240324607</joint><joint name="RShoulderPitch">-1.0952342482</joint><joint name="RElbowRoll">1.14900784245</joint><joint name="RKneePitch">-0.0919980502019</joint></state><state><joint name="LShoulderPitch">-1.1551444201</joint><joint name="LHipPitch">0.0291880137457</joint><joint name="LElbowYaw">-0.952656556275</joint><joint name="LAnklePitch">0.922581042604</joint><joint name="LWristYaw">-0.814595776454</joint><joint name="RShoulderRoll">-0.438765301976</joint><joint name="RWristYaw">0.7608221822</joint><joint name="HeadYaw">-0.0491299712461</joint><joint name="RHipPitch">0.0367740873395</joint><joint name="HeadPitch">-0.618244490275</joint><joint name="RElbowYaw">0.817580289475</joint><joint name="RHand">0.8784</joint><joint name="LElbowRoll">-0.656510834125</joint><joint name="LShoulderRoll">0.300622491681</joint><joint name="LHand">0.9044</joint><joint name="LAnkleRoll">-0.0337059730474</joint><joint name="LHipYawPitch">0.0123139610979</joint><joint name="RAnkleRoll">0.0184498755228</joint><joint name="RAnklePitch">0.931180279829</joint><joint name="LKneePitch">-0.0813440368489</joint><joint name="LHipRoll">0.116626042211</joint><joint name="RHipRoll">-0.0751240324607</joint><joint name="RShoulderPitch">-1.09370010379</joint><joint name="RElbowRoll">0.786984667688</joint><joint name="RKneePitch">-0.0919980502019</joint></state><state><joint name="LShoulderPitch">-1.1551444201</joint><joint name="LHipPitch">0.0337899233845</joint><joint name="LElbowYaw">-0.952656556275</joint><joint name="LAnklePitch">0.920357493137</joint><joint name="LWristYaw">-0.814595776454</joint><joint name="RShoulderRoll">-0.438765301976</joint><joint name="RWristYaw">0.7608221822</joint><joint name="HeadYaw">-0.0491299712461</joint><joint name="RHipPitch">0.0413759969783</joint><joint name="HeadPitch">-0.618244490275</joint><joint name="RElbowYaw">0.817580289475</joint><joint name="RHand">0.8784</joint><joint name="LElbowRoll">-0.656510834125</joint><joint name="LShoulderRoll">0.300622491681</joint><joint name="LHand">0.9044</joint><joint name="LAnkleRoll">-0.0367740873395</joint><joint name="LHipYawPitch">0.0092459689789</joint><joint name="RAnkleRoll">0.0199840199353</joint><joint name="RAnklePitch">0.929646135416</joint><joint name="LKneePitch">-0.0859459464877</joint><joint name="LHipRoll">0.389677916764</joint><joint name="RHipRoll">-0.394196574197</joint><joint name="RShoulderPitch">-1.09370010379</joint><joint name="RElbowRoll">0.786984667688</joint><joint name="RKneePitch">-0.0904640803223</joint></state><state><joint name="LShoulderPitch">-1.15207613128</joint><joint name="LHipPitch">0.0337899233845</joint><joint name="LElbowYaw">-0.532339384492</joint><joint name="LAnklePitch">0.920357493137</joint><joint name="LWristYaw">-0.803858510896</joint><joint name="RShoulderRoll">-0.437231157563</joint><joint name="RWristYaw">0.559868462784</joint><joint name="HeadYaw">-0.0491299712461</joint><joint name="RHipPitch">0.0413759969783</joint><joint name="HeadPitch">-0.618244490275</joint><joint name="RElbowYaw">0.518450054305</joint><joint name="RHand">0.504</joint><joint name="LElbowRoll">-0.990922900125</joint><joint name="LShoulderRoll">0.300622491681</joint><joint name="LHand">0.5036</joint><joint name="LAnkleRoll">-0.0367740873395</joint><joint name="LHipYawPitch">0.0092459689789</joint><joint name="RAnkleRoll">0.0199840199353</joint><joint name="RAnklePitch">0.929646135416</joint><joint name="LKneePitch">-0.0859459464877</joint><joint name="LHipRoll">0.389677916764</joint><joint name="RHipRoll">-0.394196574197</joint><joint name="RShoulderPitch">-1.0952342482</joint><joint name="RElbowRoll">1.14900784245</joint><joint name="RKneePitch">-0.0904640803223</joint></state><state><joint name="LShoulderPitch">-1.15207613128</joint><joint name="LHipPitch">0.0690719287465</joint><joint name="LElbowYaw">-0.532339384492</joint><joint name="LAnklePitch">0.920357493137</joint><joint name="LWristYaw">-0.803858510896</joint><joint name="RShoulderRoll">-0.437231157563</joint><joint name="RWristYaw">0.559868462784</joint><joint name="HeadYaw">-0.0491299712461</joint><joint name="RHipPitch">0.0459780811499</joint><joint name="HeadPitch">-0.618244490275</joint><joint name="RElbowYaw">0.518450054305</joint><joint name="RHand">0.504</joint><joint name="LElbowRoll">-0.990922900125</joint><joint name="LShoulderRoll">0.300622491681</joint><joint name="LHand">0.5036</joint><joint name="LAnkleRoll">-0.0337059730474</joint><joint name="LHipYawPitch">0.115091897798</joint><joint name="RAnkleRoll">0.0215179898149</joint><joint name="RAnklePitch">0.929646135416</joint><joint name="LKneePitch">-0.0923279174305</joint><joint name="LHipRoll">0.48938857693</joint><joint name="RHipRoll">-0.513847621067</joint><joint name="RShoulderPitch">-1.0952342482</joint><joint name="RElbowRoll">1.14900784245</joint><joint name="RKneePitch">-0.0923279174305</joint></state><state><joint name="LShoulderPitch">-1.13520228807</joint><joint name="LHipPitch">0.0690719287465</joint><joint name="LElbowYaw">-0.374338217968</joint><joint name="LAnklePitch">0.920357493137</joint><joint name="LWristYaw">-0.797721933246</joint><joint name="RShoulderRoll">-0.428028036418</joint><joint name="RWristYaw">0.585945427138</joint><joint name="HeadYaw">-0.0506639411257</joint><joint name="RHipPitch">0.0459780811499</joint><joint name="HeadPitch">-0.616710345863</joint><joint name="RElbowYaw">0.435613237347</joint><joint name="RHand">0.5056</joint><joint name="LElbowRoll">-1.24863472682</joint><joint name="LShoulderRoll">0.277612070822</joint><joint name="LHand">0.5052</joint><joint name="LAnkleRoll">-0.0337059730474</joint><joint name="LHipYawPitch">0.115091897798</joint><joint name="RAnkleRoll">0.0215179898149</joint><joint name="RAnklePitch">0.929646135416</joint><joint name="LKneePitch">-0.0923279174305</joint><joint name="LHipRoll">0.48938857693</joint><joint name="RHipRoll">-0.513847621067</joint><joint name="RShoulderPitch">-1.04614686299</joint><joint name="RElbowRoll">1.36070057276</joint><joint name="RKneePitch">-0.0923279174305</joint></state><state><joint name="LShoulderPitch">-1.13520228807</joint><joint name="LHipPitch">0.0598679349361</joint><joint name="LElbowYaw">-0.374338217968</joint><joint name="LAnklePitch">0.906551938754</joint><joint name="LWristYaw">-0.797721933246</joint><joint name="RShoulderRoll">-0.428028036418</joint><joint name="RWristYaw">0.585945427138</joint><joint name="HeadYaw">-0.0506639411257</joint><joint name="RHipPitch">0.0812600865119</joint><joint name="HeadPitch">-0.616710345863</joint><joint name="RElbowYaw">0.435613237347</joint><joint name="RHand">0.5056</joint><joint name="LElbowRoll">-1.24863472682</joint><joint name="LShoulderRoll">0.277612070822</joint><joint name="LHand">0.5052</joint><joint name="LAnkleRoll">-0.0014920383443</joint><joint name="LHipYawPitch">-0.0337059730474</joint><joint name="RAnkleRoll">0.00157596250138</joint><joint name="RAnklePitch">0.915840581033</joint><joint name="LKneePitch">-0.0521979110052</joint><joint name="LHipRoll">0.0614019048156</joint><joint name="RHipRoll">-0.0858619961506</joint><joint name="RShoulderPitch">-1.04614686299</joint><joint name="RElbowRoll">1.36070057276</joint><joint name="RKneePitch">-0.0613179544786</joint></state><state><joint name="LShoulderPitch">0.0352401174599</joint><joint name="LHipPitch">0.0598679349361</joint><joint name="LElbowYaw">-1.7196554587</joint><joint name="LAnklePitch">0.906551938754</joint><joint name="LWristYaw">-0.320648399518</joint><joint name="RShoulderRoll">-1.07384174756</joint><joint name="RWristYaw">0.259204083201</joint><joint name="HeadYaw">-0.0491299712461</joint><joint name="RHipPitch">0.0812600865119</joint><joint name="HeadPitch">-0.618244490275</joint><joint name="RElbowYaw">1.21795358389</joint><joint name="RHand">0.116</joint><joint name="LElbowRoll">-1.50788069792</joint><joint name="LShoulderRoll">1.05381583972</joint><joint name="LHand">0.3008</joint><joint name="LAnkleRoll">-0.0014920383443</joint><joint name="LHipYawPitch">-0.0337059730474</joint><joint name="RAnkleRoll">0.00157596250138</joint><joint name="RAnklePitch">0.915840581033</joint><joint name="LKneePitch">-0.0521979110052</joint><joint name="LHipRoll">0.0614019048156</joint><joint name="RHipRoll">-0.0858619961506</joint><joint name="RShoulderPitch">-0.404933839755</joint><joint name="RElbowRoll">1.51716759487</joint><joint name="RKneePitch">-0.0613179544786</joint></state><state><joint name="LShoulderPitch">0.0352401174599</joint><joint name="LHipPitch">0.0598679349361</joint><joint name="LElbowYaw">-1.7196554587</joint><joint name="LAnklePitch">0.906551938754</joint><joint name="LWristYaw">-0.320648399518</joint><joint name="RShoulderRoll">-0.0245859295741</joint><joint name="RWristYaw">1.50941484233</joint><joint name="HeadYaw">-0.0491299712461</joint><joint name="RHipPitch">0.0812600865119</joint><joint name="HeadPitch">-0.618244490275</joint><joint name="RElbowYaw">1.56157051637</joint><joint name="RHand">0.0127537</joint><joint name="LElbowRoll">-1.50788069792</joint><joint name="LShoulderRoll">1.05381583972</joint><joint name="LHand">0.3008</joint><joint name="LAnkleRoll">-0.0014920383443</joint><joint name="LHipYawPitch">-0.0337059730474</joint><joint name="RAnkleRoll">0.00157596250138</joint><joint name="RAnklePitch">0.915840581033</joint><joint name="LKneePitch">-0.0521979110052</joint><joint name="LHipRoll">0.0614019048156</joint><joint name="RHipRoll">-0.0858619961506</joint><joint name="RShoulderPitch">-1.15812718779</joint><joint name="RElbowRoll">0.382007194701</joint><joint name="RKneePitch">-0.0613179544786</joint></state><state><joint name="LShoulderPitch">-1.21650321529</joint><joint name="LHipPitch">-1.57079632679</joint><joint name="LElbowYaw">-1.58006227979</joint><joint name="LAnklePitch">-1.1344640138</joint><joint name="LWristYaw">-1.55091528129</joint><joint name="RShoulderRoll">-0.0245859295741</joint><joint name="RWristYaw">1.50941484233</joint><joint name="HeadYaw">-0.0583339650565</joint><joint name="RHipPitch">-1.57079632679</joint><joint name="HeadPitch">-0.547679083288</joint><joint name="RElbowYaw">1.56157051637</joint><joint name="RHand">0.0127537</joint><joint name="LElbowRoll">-0.352778165718</joint><joint name="LShoulderRoll">0.0168320425727</joint><joint name="LHand">0.0196627</joint><joint name="LAnkleRoll">0.0</joint><joint name="LHipYawPitch">0.0</joint><joint name="RAnkleRoll">8.63852458604e-08</joint><joint name="RAnklePitch">-1.1344640138</joint><joint name="LKneePitch">2.09439510239</joint><joint name="LHipRoll">1.56922553047e-07</joint><joint name="RHipRoll">0.0</joint><joint name="RShoulderPitch">-1.15812718779</joint><joint name="RElbowRoll">0.382007194701</joint><joint name="RKneePitch">2.09439510239</joint></state><state><joint name="LShoulderPitch">-1.21650321529</joint><joint name="LHipPitch">-1.57079632679</joint><joint name="LElbowYaw">-1.58006227979</joint><joint name="LAnklePitch">-1.1344640138</joint><joint name="LWristYaw">-1.55091528129</joint><joint name="RShoulderRoll">-0.0245859295741</joint><joint name="RWristYaw">1.50941484233</joint><joint name="HeadYaw">-0.0583339650565</joint><joint name="RHipPitch">-1.57079632679</joint><joint name="HeadPitch">-0.547679083288</joint><joint name="RElbowYaw">1.56157051637</joint><joint name="RHand">0.0127537</joint><joint name="LElbowRoll">-0.352778165718</joint><joint name="LShoulderRoll">0.0168320425727</joint><joint name="LHand">0.0196627</joint><joint name="LAnkleRoll">0.0</joint><joint name="LHipYawPitch">0.0</joint><joint name="RAnkleRoll">8.63852458604e-08</joint><joint name="RAnklePitch">-1.1344640138</joint><joint name="LKneePitch">2.09439510239</joint><joint name="LHipRoll">1.56922553047e-07</joint><joint name="RHipRoll">0.0</joint><joint name="RShoulderPitch">-1.15812718779</joint><joint name="RElbowRoll">0.382007194701</joint><joint name="RKneePitch">2.09439510239</joint></state><state><joint name="LShoulderPitch">-0.872664625997</joint><joint name="LHipPitch">-1.57079632679</joint><joint name="LElbowYaw">-1.57079632679</joint><joint name="LAnklePitch">-1.1344640138</joint><joint name="LWristYaw">-1.55091528129</joint><joint name="RShoulderRoll">-0.00872664625997</joint><joint name="RWristYaw">1.50941484233</joint><joint name="HeadYaw">-0.0583339650565</joint><joint name="RHipPitch">-1.57079632679</joint><joint name="HeadPitch">0.0</joint><joint name="RElbowYaw">1.57079632679</joint><joint name="RHand">0.0127537</joint><joint name="LElbowRoll">-0.610865238198</joint><joint name="LShoulderRoll">0.00872664625997</joint><joint name="LHand">0.0196627</joint><joint name="LAnkleRoll">0.0</joint><joint name="LHipYawPitch">0.0</joint><joint name="RAnkleRoll">8.63852458604e-08</joint><joint name="RAnklePitch">-1.1344640138</joint><joint name="LKneePitch">2.09439510239</joint><joint name="LHipRoll">1.56922553047e-07</joint><joint name="RHipRoll">0.0</joint><joint name="RShoulderPitch">-0.872664625997</joint><joint name="RElbowRoll">0.610865238198</joint><joint name="RKneePitch">2.09439510239</joint></state><state><joint name="LShoulderPitch">-0.872664625997</joint><joint name="LHipPitch">-1.57079632679</joint><joint name="LElbowYaw">-1.57079632679</joint><joint name="LAnklePitch">-0.783652834145</joint><joint name="LWristYaw">-1.55091528129</joint><joint name="RShoulderRoll">-0.00872664625997</joint><joint name="RWristYaw">1.50941484233</joint><joint name="HeadYaw">-0.0583339650565</joint><joint name="RHipPitch">-1.57079632679</joint><joint name="HeadPitch">0.0</joint><joint name="RElbowYaw">1.57079632679</joint><joint name="RHand">0.0127537</joint><joint name="LElbowRoll">-0.610865238198</joint><joint name="LShoulderRoll">0.00872664625997</joint><joint name="LHand">0.0196627</joint><joint name="LAnkleRoll">-0.680678408278</joint><joint name="LHipYawPitch">-0.872664625997</joint><joint name="RAnkleRoll">0.680678408278</joint><joint name="RAnklePitch">-0.783652834145</joint><joint name="LKneePitch">1.0471975512</joint><joint name="LHipRoll">1.56922553047e-07</joint><joint name="RHipRoll">0.0</joint><joint name="RShoulderPitch">-0.872664625997</joint><joint name="RElbowRoll">0.610865238198</joint><joint name="RKneePitch">1.0471975512</joint></state><state><joint name="LShoulderPitch">-0.174532925199</joint><joint name="LHipPitch">-1.57079632679</joint><joint name="LElbowYaw">-1.57079632679</joint><joint name="LAnklePitch">-0.783652834145</joint><joint name="LWristYaw">-1.55091528129</joint><joint name="RShoulderRoll">-0.00872664625997</joint><joint name="RWristYaw">1.50941484233</joint><joint name="HeadYaw">-0.0583339650565</joint><joint name="RHipPitch">-1.57079632679</joint><joint name="HeadPitch">-0.349065850399</joint><joint name="RElbowYaw">1.57079632679</joint><joint name="RHand">0.0127537</joint><joint name="LElbowRoll">-1.54461638801</joint><joint name="LShoulderRoll">0.00872664625997</joint><joint name="LHand">0.0196627</joint><joint name="LAnkleRoll">-0.680678408278</joint><joint name="LHipYawPitch">-0.872664625997</joint><joint name="RAnkleRoll">0.680678408278</joint><joint name="RAnklePitch">-0.783652834145</joint><joint name="LKneePitch">1.0471975512</joint><joint name="LHipRoll">1.56922553047e-07</joint><joint name="RHipRoll">0.0</joint><joint name="RShoulderPitch">-0.174532925199</joint><joint name="RElbowRoll">1.56206968053</joint><joint name="RKneePitch">1.0471975512</joint></state><state><joint name="LShoulderPitch">-0.174532925199</joint><joint name="LHipPitch">-1.57079632679</joint><joint name="LElbowYaw">-1.57079632679</joint><joint name="LAnklePitch">0.0872664625997</joint><joint name="LWristYaw">-1.55091528129</joint><joint name="RShoulderRoll">-0.00872664625997</joint><joint name="RWristYaw">1.50941484233</joint><joint name="HeadYaw">-0.0583339650565</joint><joint name="RHipPitch">-1.57079632679</joint><joint name="HeadPitch">-0.349065850399</joint><joint name="RElbowYaw">1.57079632679</joint><joint name="RHand">0.0127537</joint><joint name="LElbowRoll">-1.54461638801</joint><joint name="LShoulderRoll">0.00872664625997</joint><joint name="LHand">0.0196627</joint><joint name="LAnkleRoll">-0.555014702134</joint><joint name="LHipYawPitch">-0.872664625997</joint><joint name="RAnkleRoll">0.555014702134</joint><joint name="RAnklePitch">0.0872664625997</joint><joint name="LKneePitch">1.01229096616</joint><joint name="LHipRoll">1.56922553047e-07</joint><joint name="RHipRoll">0.0</joint><joint name="RShoulderPitch">-0.174532925199</joint><joint name="RElbowRoll">1.56206968053</joint><joint name="RKneePitch">1.01229096616</joint></state><state><joint name="LShoulderPitch">0.0</joint><joint name="LHipPitch">-1.57079632679</joint><joint name="LElbowYaw">-1.57079632679</joint><joint name="LAnklePitch">-0.312413936107</joint><joint name="LWristYaw">-1.55091528129</joint><joint name="RShoulderRoll">-0.00872664625997</joint><joint name="RWristYaw">1.50941484233</joint><joint name="HeadYaw">-0.0583339650565</joint><joint name="RHipPitch">-1.57079632679</joint><joint name="HeadPitch">-0.349065850399</joint><joint name="RElbowYaw">1.57079632679</joint><joint name="RHand">0.0127537</joint><joint name="LElbowRoll">-0.13962634016</joint><joint name="LShoulderRoll">0.00872664625997</joint><joint name="LHand">0.0196627</joint><joint name="LAnkleRoll">-0.296705972839</joint><joint name="LHipYawPitch">-0.965167076353</joint><joint name="RAnkleRoll">0.296705972839</joint><joint name="RAnklePitch">-0.312413936107</joint><joint name="LKneePitch">2.11252907332</joint><joint name="LHipRoll">0.0872664625997</joint><joint name="RHipRoll">-0.0872664625997</joint><joint name="RShoulderPitch">0.0</joint><joint name="RElbowRoll">0.13962634016</joint><joint name="RKneePitch">2.11254652661</joint></state><state><joint name="LShoulderPitch">0.610865238198</joint><joint name="LHipPitch">-1.57079632679</joint><joint name="LElbowYaw">-0.244346095279</joint><joint name="LAnklePitch">-0.312413936107</joint><joint name="LWristYaw">0.121144001513</joint><joint name="RShoulderRoll">-0.0349065850399</joint><joint name="RWristYaw">0.190174565956</joint><joint name="HeadYaw">-0.0184498755228</joint><joint name="RHipPitch">-1.57079632679</joint><joint name="HeadPitch">-0.488692190558</joint><joint name="RElbowYaw">0.244346095279</joint><joint name="RHand">0.3012</joint><joint name="LElbowRoll">-0.715584993318</joint><joint name="LShoulderRoll">0.0349065850399</joint><joint name="LHand">0.3</joint><joint name="LAnkleRoll">-0.296705972839</joint><joint name="LHipYawPitch">-0.965167076353</joint><joint name="RAnkleRoll">0.296705972839</joint><joint name="RAnklePitch">-0.312413936107</joint><joint name="LKneePitch">2.11252907332</joint><joint name="LHipRoll">0.0872664625997</joint><joint name="RHipRoll">-0.0872664625997</joint><joint name="RShoulderPitch">0.610865238198</joint><joint name="RElbowRoll">0.715584993318</joint><joint name="RKneePitch">2.11254652661</joint></state><state><joint name="LShoulderPitch">0.610865238198</joint><joint name="LHipPitch">-1.06988683147</joint><joint name="LElbowYaw">-0.244346095279</joint><joint name="LAnklePitch">-0.715584993318</joint><joint name="LWristYaw">0.121144001513</joint><joint name="RShoulderRoll">-0.0349065850399</joint><joint name="RWristYaw">0.190174565956</joint><joint name="HeadYaw">-0.0184498755228</joint><joint name="RHipPitch">-1.06988683147</joint><joint name="HeadPitch">-0.488692190558</joint><joint name="RElbowYaw">0.244346095279</joint><joint name="RHand">0.3012</joint><joint name="LElbowRoll">-0.715584993318</joint><joint name="LShoulderRoll">0.0349065850399</joint><joint name="LHand">0.3</joint><joint name="LAnkleRoll">-0.10471975512</joint><joint name="LHipYawPitch">-0.785398163397</joint><joint name="RAnkleRoll">0.10471975512</joint><joint name="RAnklePitch">-0.715584993318</joint><joint name="LKneePitch">2.11252907332</joint><joint name="LHipRoll">0.10471975512</joint><joint name="RHipRoll">-0.10471975512</joint><joint name="RShoulderPitch">0.610865238198</joint><joint name="RElbowRoll">0.715584993318</joint><joint name="RKneePitch">2.11254652661</joint></state><state><joint name="LShoulderPitch">1.11701072128</joint><joint name="LHipPitch">-1.06988683147</joint><joint name="LElbowYaw">-0.925024503557</joint><joint name="LAnklePitch">-0.715584993318</joint><joint name="LWristYaw">0.121144001513</joint><joint name="RShoulderRoll">-0.1308996939</joint><joint name="RWristYaw">0.190174565956</joint><joint name="HeadYaw">-0.0184498755228</joint><joint name="RHipPitch">-1.06988683147</joint><joint name="HeadPitch">0.0</joint><joint name="RElbowYaw">0.925024503557</joint><joint name="RHand">0.3012</joint><joint name="LElbowRoll">-1.29154364648</joint><joint name="LShoulderRoll">0.1308996939</joint><joint name="LHand">0.3</joint><joint name="LAnkleRoll">-0.10471975512</joint><joint name="LHipYawPitch">-0.785398163397</joint><joint name="RAnkleRoll">0.10471975512</joint><joint name="RAnklePitch">-0.715584993318</joint><joint name="LKneePitch">2.11252907332</joint><joint name="LHipRoll">0.10471975512</joint><joint name="RHipRoll">-0.10471975512</joint><joint name="RShoulderPitch">1.11701072128</joint><joint name="RElbowRoll">1.29154364648</joint><joint name="RKneePitch">2.11254652661</joint></state><state><joint name="LShoulderPitch">1.11701072128</joint><joint name="LHipPitch">-1.0471975512</joint><joint name="LElbowYaw">-0.925024503557</joint><joint name="LAnklePitch">-1.0471975512</joint><joint name="LWristYaw">0.121144001513</joint><joint name="RShoulderRoll">-0.1308996939</joint><joint name="RWristYaw">0.190174565956</joint><joint name="HeadYaw">-0.0184498755228</joint><joint name="RHipPitch">-1.0471975512</joint><joint name="HeadPitch">0.0</joint><joint name="RElbowYaw">0.925024503557</joint><joint name="RHand">0.3012</joint><joint name="LElbowRoll">-1.29154364648</joint><joint name="LShoulderRoll">0.1308996939</joint><joint name="LHand">0.3</joint><joint name="LAnkleRoll">0.0</joint><joint name="LHipYawPitch">0.0</joint><joint name="RAnkleRoll">0.0</joint><joint name="RAnklePitch">-1.0471975512</joint><joint name="LKneePitch">2.09439510239</joint><joint name="LHipRoll">-0.010471975512</joint><joint name="RHipRoll">0.010471975512</joint><joint name="RShoulderPitch">1.11701072128</joint><joint name="RElbowRoll">1.29154364648</joint><joint name="RKneePitch">2.09439510239</joint></state><state><joint name="LShoulderPitch">1.62315620435</joint><joint name="LHipPitch">0.204063896143</joint><joint name="LElbowYaw">-1.57079632679</joint><joint name="LAnklePitch">0.0705221228219</joint><joint name="LWristYaw">0.121144001513</joint><joint name="RShoulderRoll">-0.174532925199</joint><joint name="RWristYaw">0.190174565956</joint><joint name="HeadYaw">-0.0184498755228</joint><joint name="RHipPitch">0.190174565956</joint><joint name="HeadPitch">0.0</joint><joint name="RElbowYaw">1.57079632679</joint><joint name="RHand">0.3012</joint><joint name="LElbowRoll">-1.3962634016</joint><joint name="LShoulderRoll">0.174532925199</joint><joint name="LHand">0.3</joint><joint name="LAnkleRoll">-0.107338098064</joint><joint name="LHipYawPitch">-0.159494121167</joint><joint name="RAnkleRoll">0.0660039889873</joint><joint name="RAnklePitch">0.0690719287465</joint><joint name="LKneePitch">-0.0923279174305</joint><joint name="LHipRoll">0.112023958039</joint><joint name="RHipRoll">-0.0674540085299</joint><joint name="RShoulderPitch">1.62315620435</joint><joint name="RElbowRoll">1.3962634016</joint><joint name="RKneePitch">-0.0766580023402</joint></state><state><joint name="LShoulderPitch">1.54009423992</joint><joint name="LHipPitch">0.204063896143</joint><joint name="LElbowYaw">-1.17662069655</joint><joint name="LAnklePitch">0.0705221228219</joint><joint name="LWristYaw">0.121144001513</joint><joint name="RShoulderRoll">-0.115091897798</joint><joint name="RWristYaw">0.190174565956</joint><joint name="HeadYaw">-0.0184498755228</joint><joint name="RHipPitch">0.190174565956</joint><joint name="HeadPitch">-0.171850005073</joint><joint name="RElbowYaw">1.16426376544</joint><joint name="RHand">0.3012</joint><joint name="LElbowRoll">-0.484702367888</joint><joint name="LShoulderRoll">0.122677971392</joint><joint name="LHand">0.3</joint><joint name="LAnkleRoll">-0.107338098064</joint><joint name="LHipYawPitch">-0.159494121167</joint><joint name="RAnkleRoll">0.0660039889873</joint><joint name="RAnklePitch">0.0690719287465</joint><joint name="LKneePitch">-0.0923279174305</joint><joint name="LHipRoll">0.112023958039</joint><joint name="RHipRoll">-0.0674540085299</joint><joint name="RShoulderPitch">1.5371097269</joint><joint name="RElbowRoll">0.440299446388</joint><joint name="RKneePitch">-0.0766580023402</joint></state><state name="pivot"><joint name="LShoulderPitch">1.54009423992</joint><joint name="LHipPitch">0.204063896143</joint><joint name="LElbowYaw">-1.17662069655</joint><joint name="LAnklePitch">0.0705221228219</joint><joint name="LWristYaw">0.121144001513</joint><joint name="RShoulderRoll">-0.115091897798</joint><joint name="RWristYaw">0.190174565956</joint><joint name="HeadYaw">-0.0184498755228</joint><joint name="RHipPitch">0.190174565956</joint><joint name="HeadPitch">-0.171850005073</joint><joint name="RElbowYaw">1.16426376544</joint><joint name="RHand">0.3012</joint><joint name="LElbowRoll">-0.484702367888</joint><joint name="LShoulderRoll">0.122677971392</joint><joint name="LHand">0.3</joint><joint name="LAnkleRoll">-0.107338098064</joint><joint name="LHipYawPitch">-0.159494121167</joint><joint name="RAnkleRoll">0.0660039889873</joint><joint name="RAnklePitch">0.0690719287465</joint><joint name="LKneePitch">-0.0923279174305</joint><joint name="LHipRoll">0.112023958039</joint><joint name="RHipRoll">-0.0674540085299</joint><joint name="RShoulderPitch">1.5371097269</joint><joint name="RElbowRoll">0.440299446388</joint><joint name="RKneePitch">-0.0766580023402</joint></state></actuators><speed>adjusted_norm</speed></robot>