<robot name="nao"><emotion name="neutral" /><repeat>0</repeat><actuators><state><joint name="LShoulderRoll">-0.081259911979</joint><joint name="LHipPitch">0.208582553577</joint><joint name="LElbowYaw">-1.12898193462</joint><joint name="LAnklePitch">-0.141086133546</joint><joint name="LWristYaw">-1.21488529507</joint><joint name="RShoulderRoll">0.104353934108</joint><joint name="RWristYaw">0.925043702179</joint><joint name="HeadYaw">-0.152174733883</joint><joint name="RHipPitch">0.173383974953</joint><joint name="HeadPitch">0.107337923531</joint><joint name="RElbowYaw">1.43739906674</joint><joint name="RHand">0.6768</joint><joint name="LElbowRoll">-0.454105000772</joint><joint name="RKneePitch">0.300622491681</joint><joint name="LShoulderPitch">1.40058483682</joint><joint name="RHipYawPitch">-0.162562060926</joint><joint name="LHand">0.6772</joint><joint name="LHipYawPitch">-0.162562060926</joint><joint name="LAnkleRoll">-0.122761921729</joint><joint name="RAnklePitch">-0.216335306114</joint><joint name="LKneePitch">0.199461462906</joint><joint name="LHipRoll">0.11040586329</joint><joint name="RAnkleRoll">0.144154073305</joint><joint name="RShoulderPitch">1.36521748486</joint><joint name="RElbowRoll">0.303690780506</joint><joint name="RHipRoll">-0.171850005073</joint></state><state><joint name="LShoulderRoll">-0.0935320200815</joint><joint name="LHipPitch">0.418739394138</joint><joint name="LElbowYaw">-1.45265673506</joint><joint name="LAnklePitch">-0.0168321123859</joint><joint name="LWristYaw">-1.37749064016</joint><joint name="RShoulderRoll">0.104353934108</joint><joint name="RWristYaw">0.925043702179</joint><joint name="HeadYaw">-0.152174733883</joint><joint name="RHipPitch">0.421891458768</joint><joint name="HeadPitch">0.107337923531</joint><joint name="RElbowYaw">1.43739906674</joint><joint name="RHand">0.6768</joint><joint name="LElbowRoll">-0.66272944225</joint><joint name="RKneePitch">-0.0828778321956</joint><joint name="LShoulderPitch">1.44353564439</joint><joint name="RHipYawPitch">-0.128814025443</joint><joint name="LHand">0.6796</joint><joint name="LHipYawPitch">-0.128814025443</joint><joint name="LAnkleRoll">-0.0874800909002</joint><joint name="RAnklePitch">-0.0245859295741</joint><joint name="LKneePitch">-0.0858621706836</joint><joint name="LHipRoll">0.059783984599</joint><joint name="RAnkleRoll">0.182503843893</joint><joint name="RShoulderPitch">1.36521748486</joint><joint name="RElbowRoll">0.303690780506</joint><joint name="RHipRoll">-0.234743293735</joint></state><state><joint name="LShoulderRoll">-0.0935320200815</joint><joint name="LHipPitch">0.418739394138</joint><joint name="LElbowYaw">-1.45265673506</joint><joint name="LAnklePitch">-0.0168321123859</joint><joint name="LWristYaw">-1.37749064016</joint><joint name="RShoulderRoll">0.095149940298</joint><joint name="RWristYaw">1.2026976609</joint><joint name="HeadYaw">-0.152174733883</joint><joint name="RHipPitch">0.421891458768</joint><joint name="HeadPitch">0.136484223907</joint><joint name="RElbowYaw">1.10145460165</joint><joint name="RHand">0.6796</joint><joint name="LElbowRoll">-0.66272944225</joint><joint name="RKneePitch">-0.0828778321956</joint><joint name="LShoulderPitch">1.44353564439</joint><joint name="RHipYawPitch">-0.128814025443</joint><joint name="LHand">0.6796</joint><joint name="LHipYawPitch">-0.128814025443</joint><joint name="LAnkleRoll">-0.0874800909002</joint><joint name="RAnklePitch">-0.0245859295741</joint><joint name="LKneePitch">-0.0858621706836</joint><joint name="LHipRoll">0.059783984599</joint><joint name="RAnkleRoll">0.182503843893</joint><joint name="RShoulderPitch">1.42657802537</joint><joint name="RElbowRoll">0.526120776367</joint><joint name="RHipRoll">-0.234743293735</joint></state><state><joint name="LShoulderRoll">-0.0935320200815</joint><joint name="LHipPitch">0.418739394138</joint><joint name="LElbowYaw">-1.45265673506</joint><joint name="LAnklePitch">-0.0168321123859</joint><joint name="LWristYaw">-1.37749064016</joint><joint name="RShoulderRoll">0.095149940298</joint><joint name="RWristYaw">1.2026976609</joint><joint name="HeadYaw">-0.0144408018711</joint><joint name="RHipPitch">0.421891458768</joint><joint name="HeadPitch">0.136484223907</joint><joint name="RElbowYaw">1.10145460165</joint><joint name="RHand">0.6796</joint><joint name="LElbowRoll">-0.66272944225</joint><joint name="RKneePitch">-0.0828778321956</joint><joint name="LShoulderPitch">1.44353564439</joint><joint name="RHipYawPitch">-0.128814025443</joint><joint name="LHand">0.6796</joint><joint name="LHipYawPitch">-0.128814025443</joint><joint name="LAnkleRoll">-0.0874800909002</joint><joint name="RAnklePitch">-0.0245859295741</joint><joint name="LKneePitch">-0.0858621706836</joint><joint name="LHipRoll">0.059783984599</joint><joint name="RAnkleRoll">0.182503843893</joint><joint name="RShoulderPitch">1.42657802537</joint><joint name="RElbowRoll">0.526120776367</joint><joint name="RHipRoll">-0.234743293735</joint></state><state><joint name="LShoulderRoll">-0.0551819004274</joint><joint name="LHipPitch">0.358914743368</joint><joint name="LElbowYaw">-1.48026784382</joint><joint name="LAnklePitch">0.00924586425915</joint><joint name="LWristYaw">-1.47873369941</joint><joint name="RShoulderRoll">0.095149940298</joint><joint name="RWristYaw">1.2026976609</joint><joint name="HeadYaw">-0.0144408018711</joint><joint name="RHipPitch">0.374338217968</joint><joint name="HeadPitch">0.136484223907</joint><joint name="RElbowYaw">1.10145460165</joint><joint name="RHand">0.6796</joint><joint name="LElbowRoll">-0.805392655308</joint><joint name="RKneePitch">-0.0767419526773</joint><joint name="LShoulderPitch">1.45274051086</joint><joint name="RHipYawPitch">-0.136484223907</joint><joint name="LHand">0.4336</joint><joint name="LHipYawPitch">-0.136484223907</joint><joint name="LAnkleRoll">-0.108955843747</joint><joint name="RAnklePitch">-0.0123138389249</joint><joint name="LKneePitch">-0.0873961405631</joint><joint name="LHipRoll">0.105803953651</joint><joint name="RAnkleRoll">0.162562060926</joint><joint name="RShoulderPitch">1.42657802537</joint><joint name="RElbowRoll">0.526120776367</joint><joint name="RHipRoll">-0.193326630585</joint></state><state><joint name="LShoulderRoll">-0.0551819004274</joint><joint name="LHipPitch">0.358914743368</joint><joint name="LElbowYaw">-1.48026784382</joint><joint name="LAnklePitch">0.00924586425915</joint><joint name="LWristYaw">-1.47873369941</joint><joint name="RShoulderRoll">0.116626042211</joint><joint name="RWristYaw">1.23951363614</joint><joint name="HeadYaw">-0.0129068145383</joint><joint name="RHipPitch">0.374338217968</joint><joint name="HeadPitch">0.107337923531</joint><joint name="RElbowYaw">1.04929718229</joint><joint name="RHand">0.4328</joint><joint name="LElbowRoll">-0.805392655308</joint><joint name="RKneePitch">-0.0767419526773</joint><joint name="LShoulderPitch">1.45274051086</joint><joint name="RHipYawPitch">-0.136484223907</joint><joint name="LHand">0.4336</joint><joint name="LHipYawPitch">-0.136484223907</joint><joint name="LAnkleRoll">-0.108955843747</joint><joint name="RAnklePitch">-0.0123138389249</joint><joint name="LKneePitch">-0.0873961405631</joint><joint name="LHipRoll">0.105803953651</joint><joint name="RAnkleRoll">0.162562060926</joint><joint name="RShoulderPitch">1.38055892899</joint><joint name="RElbowRoll">0.668782244096</joint><joint name="RHipRoll">-0.193326630585</joint></state><state name="pivot"><joint name="LShoulderRoll">-0.0551819004274</joint><joint name="LHipPitch">0.358914743368</joint><joint name="LElbowYaw">-1.48026784382</joint><joint name="LAnklePitch">0.00924586425915</joint><joint name="LWristYaw">-1.47873369941</joint><joint name="RShoulderRoll">0.116626042211</joint><joint name="RWristYaw">1.23951363614</joint><joint name="HeadYaw">-0.0129068145383</joint><joint name="RHipPitch">0.374338217968</joint><joint name="HeadPitch">0.107337923531</joint><joint name="RElbowYaw">1.04929718229</joint><joint name="RHand">0.4328</joint><joint name="LElbowRoll">-0.805392655308</joint><joint name="RKneePitch">-0.0767419526773</joint><joint name="LShoulderPitch">1.45274051086</joint><joint name="RHipYawPitch">-0.136484223907</joint><joint name="LHand">0.4336</joint><joint name="LHipYawPitch">-0.136484223907</joint><joint name="LAnkleRoll">-0.108955843747</joint><joint name="RAnklePitch">-0.0123138389249</joint><joint name="LKneePitch">-0.0873961405631</joint><joint name="LHipRoll">0.105803953651</joint><joint name="RAnkleRoll">0.162562060926</joint><joint name="RShoulderPitch">1.38055892899</joint><joint name="RElbowRoll">0.668782244096</joint><joint name="RHipRoll">-0.193326630585</joint></state></actuators><speed>neutral_norm</speed></robot>