<robot name="nao"><emotion name="neutral" /><repeat>0</repeat><actuators><state><joint name="LShoulderRoll">0.359537825911</joint><joint name="LHipPitch">-0.289883480793</joint><joint name="LElbowYaw">-0.944223125329</joint><joint name="LAnklePitch">-0.167248095435</joint><joint name="LWristYaw">-1.62490153361</joint><joint name="RShoulderRoll">-0.518362787842</joint><joint name="RWristYaw">1.62490153361</joint><joint name="HeadYaw">0.0</joint><joint name="RHipPitch">-0.274627557801</joint><joint name="HeadPitch">-0.115191730632</joint><joint name="RElbowYaw">0.944223125329</joint><joint name="RHand">0.99</joint><joint name="LElbowRoll">-1.54461638801</joint><joint name="RKneePitch">0.400415182322</joint><joint name="LShoulderPitch">1.21998514714</joint><joint name="RHipYawPitch">-0.230057084693</joint><joint name="LHand">0.99</joint><joint name="LHipYawPitch">-0.230057084693</joint><joint name="LAnkleRoll">-0.115008121994</joint><joint name="RAnklePitch">-0.144154073305</joint><joint name="LKneePitch">0.437147381759</joint><joint name="LHipRoll">0.0798098924364</joint><joint name="RAnkleRoll">0.12889797578</joint><joint name="RShoulderPitch">1.21998514714</joint><joint name="RElbowRoll">1.54461638801</joint><joint name="RHipRoll">-0.0904640803223</joint></state><state><joint name="LShoulderRoll">0.0401425727959</joint><joint name="LHipPitch">0.119525383164</joint><joint name="LElbowYaw">-0.944223125329</joint><joint name="LAnklePitch">0.0798105905681</joint><joint name="LWristYaw">-1.62417024065</joint><joint name="RShoulderRoll">-0.0401425727959</joint><joint name="RWristYaw">1.6241789673</joint><joint name="HeadYaw">-0.12668734175</joint><joint name="RHipPitch">0.121287467577</joint><joint name="HeadPitch">0.106465084372</joint><joint name="RElbowYaw">0.944223125329</joint><joint name="RHand">0.47</joint><joint name="LElbowRoll">-0.56025068989</joint><joint name="RKneePitch">-0.0751521322616</joint><joint name="LShoulderPitch">1.21998514714</joint><joint name="RHipYawPitch">-0.175971076503</joint><joint name="LHand">0.47</joint><joint name="LHipYawPitch">-0.175971076503</joint><joint name="LAnkleRoll">-0.120802789644</joint><joint name="RAnklePitch">0.082244626743</joint><joint name="LKneePitch">-0.0816758239397</joint><joint name="LHipRoll">0.0834359884904</joint><joint name="RAnkleRoll">0.118896366502</joint><joint name="RShoulderPitch">1.21998514714</joint><joint name="RElbowRoll">0.56025068989</joint><joint name="RHipRoll">-0.0938882417818</joint></state><state><joint name="LShoulderRoll">0.359537825911</joint><joint name="LHipPitch">-0.289883480793</joint><joint name="LElbowYaw">-0.944223125329</joint><joint name="LAnklePitch">-0.167248095435</joint><joint name="LWristYaw">-1.62490153361</joint><joint name="RShoulderRoll">-0.518362787842</joint><joint name="RWristYaw">1.62490153361</joint><joint name="HeadYaw">0.0903961870144</joint><joint name="RHipPitch">-0.274627557801</joint><joint name="HeadPitch">0.106465084372</joint><joint name="RElbowYaw">0.944223125329</joint><joint name="RHand">0.99</joint><joint name="LElbowRoll">-0.56025068989</joint><joint name="RKneePitch">0.400415182322</joint><joint name="LShoulderPitch">1.21998514714</joint><joint name="RHipYawPitch">-0.230057084693</joint><joint name="LHand">0.99</joint><joint name="LHipYawPitch">-0.230057084693</joint><joint name="LAnkleRoll">-0.115008121994</joint><joint name="RAnklePitch">-0.144154073305</joint><joint name="LKneePitch">0.437147381759</joint><joint name="LHipRoll">0.0798098924364</joint><joint name="RAnkleRoll">0.12889797578</joint><joint name="RShoulderPitch">1.21998514714</joint><joint name="RElbowRoll">0.56025068989</joint><joint name="RHipRoll">-0.0904640803223</joint></state><state><joint name="LShoulderRoll">0.359537825911</joint><joint name="LHipPitch">-0.289883480793</joint><joint name="LElbowYaw">-2.08566845613</joint><joint name="LAnklePitch">-0.167248095435</joint><joint name="LWristYaw">-1.62490153361</joint><joint name="RShoulderRoll">-0.518362787842</joint><joint name="RWristYaw">1.62490153361</joint><joint name="HeadYaw">-0.120806629368</joint><joint name="RHipPitch">-0.274627557801</joint><joint name="HeadPitch">-0.0698131700798</joint><joint name="RElbowYaw">2.08566845613</joint><joint name="RHand">0.99</joint><joint name="LElbowRoll">-0.975639051865</joint><joint name="RKneePitch">0.400415182322</joint><joint name="LShoulderPitch">1.21998514714</joint><joint name="RHipYawPitch">-0.230057084693</joint><joint name="LHand">0.99</joint><joint name="LHipYawPitch">-0.230057084693</joint><joint name="LAnkleRoll">-0.115008121994</joint><joint name="RAnklePitch">-0.144154073305</joint><joint name="LKneePitch">0.437147381759</joint><joint name="LHipRoll">0.0798098924364</joint><joint name="RAnkleRoll">0.12889797578</joint><joint name="RShoulderPitch">1.21998514714</joint><joint name="RElbowRoll">0.975639051865</joint><joint name="RHipRoll">-0.0904640803223</joint></state><state><joint name="LShoulderRoll">0.359537825911</joint><joint name="LHipPitch">-0.289883480793</joint><joint name="LElbowYaw">-2.08566845613</joint><joint name="LAnklePitch">-0.167248095435</joint><joint name="LWristYaw">-1.62490153361</joint><joint name="RShoulderRoll">-0.518362787842</joint><joint name="RWristYaw">1.62490153361</joint><joint name="HeadYaw">0.0</joint><joint name="RHipPitch">-0.274627557801</joint><joint name="HeadPitch">-0.0698131700798</joint><joint name="RElbowYaw">2.08566845613</joint><joint name="RHand">0.99</joint><joint name="LElbowRoll">-0.975639051865</joint><joint name="RKneePitch">0.400415182322</joint><joint name="LShoulderPitch">1.63886416762</joint><joint name="RHipYawPitch">-0.230057084693</joint><joint name="LHand">0.99</joint><joint name="LHipYawPitch">-0.230057084693</joint><joint name="LAnkleRoll">-0.115008121994</joint><joint name="RAnklePitch">-0.144154073305</joint><joint name="LKneePitch">0.437147381759</joint><joint name="LHipRoll">0.0798098924364</joint><joint name="RAnkleRoll">0.12889797578</joint><joint name="RShoulderPitch">1.63886416762</joint><joint name="RElbowRoll">0.975639051865</joint><joint name="RHipRoll">-0.0904640803223</joint></state><state><joint name="LShoulderRoll">0.0401425727959</joint><joint name="LHipPitch">0.119525383164</joint><joint name="LElbowYaw">-1.10828407502</joint><joint name="LAnklePitch">0.0798105905681</joint><joint name="LWristYaw">-1.62417024065</joint><joint name="RShoulderRoll">-0.0401425727959</joint><joint name="RWristYaw">1.6241789673</joint><joint name="HeadYaw">-0.00978206431195</joint><joint name="RHipPitch">0.121287467577</joint><joint name="HeadPitch">-0.0648773789551</joint><joint name="RElbowYaw">1.10828407502</joint><joint name="RHand">0.47</joint><joint name="LElbowRoll">-1.54461638801</joint><joint name="RKneePitch">-0.0751521322616</joint><joint name="LShoulderPitch">1.63886416762</joint><joint name="RHipYawPitch">-0.175971076503</joint><joint name="LHand">0.47</joint><joint name="LHipYawPitch">-0.175971076503</joint><joint name="LAnkleRoll">-0.120802789644</joint><joint name="RAnklePitch">0.082244626743</joint><joint name="LKneePitch">-0.0816758239397</joint><joint name="LHipRoll">0.0834359884904</joint><joint name="RAnkleRoll">0.118896366502</joint><joint name="RShoulderPitch">1.63886416762</joint><joint name="RElbowRoll">1.54461638801</joint><joint name="RHipRoll">-0.0938882417818</joint></state><state name="pivot"><joint name="LShoulderRoll">0.0401425727959</joint><joint name="LHipPitch">0.119525383164</joint><joint name="LElbowYaw">-1.10828407502</joint><joint name="LAnklePitch">0.0798105905681</joint><joint name="LWristYaw">-1.62417024065</joint><joint name="RShoulderRoll">-0.0401425727959</joint><joint name="RWristYaw">1.6241789673</joint><joint name="HeadYaw">-0.00978206431195</joint><joint name="RHipPitch">0.121287467577</joint><joint name="HeadPitch">-0.0648773789551</joint><joint name="RElbowYaw">1.10828407502</joint><joint name="RHand">0.47</joint><joint name="LElbowRoll">-0.972691190758</joint><joint name="RKneePitch">-0.0751521322616</joint><joint name="LShoulderPitch">1.63886416762</joint><joint name="RHipYawPitch">-0.175971076503</joint><joint name="LHand">0.47</joint><joint name="LHipYawPitch">-0.175971076503</joint><joint name="LAnkleRoll">-0.120802789644</joint><joint name="RAnklePitch">0.082244626743</joint><joint name="LKneePitch">-0.0816758239397</joint><joint name="LHipRoll">0.0834359884904</joint><joint name="RAnkleRoll">0.118896366502</joint><joint name="RShoulderPitch">1.63886416762</joint><joint name="RElbowRoll">0.972691190758</joint><joint name="RHipRoll">-0.0938882417818</joint></state></actuators><speed>neutral_norm</speed></robot>