<robot name="nao"><emotion name="neutral" /><repeat>0</repeat><actuators><state><joint name="LShoulderRoll">0.0429940917278</joint><joint name="LHipPitch">0.406467984168</joint><joint name="LElbowYaw">-1.12591364579</joint><joint name="LAnklePitch">-0.0106959361616</joint><joint name="LWristYaw">0.340590531551</joint><joint name="RShoulderRoll">-0.0199000695983</joint><joint name="RWristYaw">-0.203980120339</joint><joint name="RHipYawPitch">-0.162562060926</joint><joint name="RHipPitch">0.418823169943</joint><joint name="HeadPitch">0.159493946634</joint><joint name="RElbowYaw">1.02782265117</joint><joint name="RHand">0.00919998</joint><joint name="LElbowRoll">-1.51563345046</joint><joint name="RKneePitch">-0.081343862316</joint><joint name="LShoulderPitch">0.997141508249</joint><joint name="LHand">0.00880003</joint><joint name="LHipYawPitch">-0.162562060926</joint><joint name="LAnkleRoll">-0.102819964229</joint><joint name="RAnklePitch">-0.0245859295741</joint><joint name="LKneePitch">-0.0904640803223</joint><joint name="LHipRoll">0.101202044012</joint><joint name="RAnkleRoll">0.165630175218</joint><joint name="RShoulderPitch">1.04307857416</joint><joint name="RElbowRoll">1.54009423992</joint><joint name="RHipRoll">-0.194860774997</joint></state><state><joint name="LShoulderRoll">-0.0429101413908</joint><joint name="LHipPitch">0.0229680093575</joint><joint name="LElbowYaw">-1.49254099912</joint><joint name="LAnklePitch">-0.035239942927</joint><joint name="LWristYaw">0.213268762618</joint><joint name="RShoulderRoll">0.0230519596945</joint><joint name="RWristYaw">-0.168698114977</joint><joint name="RHipYawPitch">-0.191708710368</joint><joint name="RHipPitch">0.0291878392128</joint><joint name="HeadPitch">-0.150098315672</joint><joint name="RElbowYaw">1.33615600749</joint><joint name="RHand">0.9</joint><joint name="LElbowRoll">-1.38831168152</joint><joint name="RKneePitch">0.17483486716</joint><joint name="LShoulderPitch">1.35302985069</joint><joint name="LHand">0.68</joint><joint name="LHipYawPitch">-0.191708710368</joint><joint name="LAnkleRoll">-0.0890140607797</joint><joint name="RAnklePitch">-0.0537318808848</joint><joint name="LKneePitch">0.156509957212</joint><joint name="LHipRoll">0.0689881529424</joint><joint name="RAnkleRoll">0.164096030805</joint><joint name="RShoulderPitch">1.25476955914</joint><joint name="RElbowRoll">1.25630370355</joint><joint name="RHipRoll">-0.182587619697</joint></state><state><joint name="LShoulderRoll">-0.0429101413908</joint><joint name="LHipPitch">0.0229680093575</joint><joint name="LElbowYaw">-1.49254099912</joint><joint name="LAnklePitch">-0.035239942927</joint><joint name="LWristYaw">0.213268762618</joint><joint name="RShoulderRoll">0.0936159704185</joint><joint name="RWristYaw">-0.150289952823</joint><joint name="RHipYawPitch">-0.191708710368</joint><joint name="RHipPitch">0.0291878392128</joint><joint name="HeadPitch">-0.150098315672</joint><joint name="RElbowYaw">1.36530300599</joint><joint name="RHand">0.68</joint><joint name="LElbowRoll">-1.38831168152</joint><joint name="RKneePitch">0.17483486716</joint><joint name="LShoulderPitch">1.35302985069</joint><joint name="LHand">0.68</joint><joint name="LHipYawPitch">-0.191708710368</joint><joint name="LAnkleRoll">-0.0890140607797</joint><joint name="RAnklePitch">-0.0537318808848</joint><joint name="LKneePitch">0.156509957212</joint><joint name="LHipRoll">0.0689881529424</joint><joint name="RAnkleRoll">0.164096030805</joint><joint name="RShoulderPitch">1.26704271444</joint><joint name="RElbowRoll">1.22255601713</joint><joint name="RHipRoll">-0.182587619697</joint></state><state><joint name="LShoulderRoll">-0.0429101413908</joint><joint name="LHipPitch">0.0659200386503</joint><joint name="LElbowYaw">-1.49254099912</joint><joint name="LAnklePitch">-0.0275700935291</joint><joint name="LWristYaw">0.213268762618</joint><joint name="RShoulderRoll">0.0936159704185</joint><joint name="RWristYaw">-0.150289952823</joint><joint name="RHipYawPitch">-0.193242854781</joint><joint name="RHipPitch">0.0721400430385</joint><joint name="HeadPitch">-0.035323893264</joint><joint name="RElbowYaw">1.36530300599</joint><joint name="RHand">0.68</joint><joint name="LElbowRoll">-1.38831168152</joint><joint name="RKneePitch">0.141086133546</joint><joint name="LShoulderPitch">1.35302985069</joint><joint name="LHand">0.68</joint><joint name="LHipYawPitch">-0.193242854781</joint><joint name="LAnkleRoll">-0.0859461210206</joint><joint name="RAnklePitch">-0.0537318808848</joint><joint name="LKneePitch">0.133499885419</joint><joint name="LHipRoll">0.0689881529424</joint><joint name="RAnkleRoll">0.159493946634</joint><joint name="RShoulderPitch">1.26704271444</joint><joint name="RElbowRoll">1.22255601713</joint><joint name="RHipRoll">-0.182587619697</joint></state><state><joint name="LShoulderRoll">-0.0398422016316</joint><joint name="LHipPitch">0.0659200386503</joint><joint name="LElbowYaw">-1.21795358389</joint><joint name="LAnklePitch">-0.0275700935291</joint><joint name="LWristYaw">0.193326630585</joint><joint name="RShoulderRoll">0.0936159704185</joint><joint name="RWristYaw">-0.150289952823</joint><joint name="RHipYawPitch">-0.193242854781</joint><joint name="RHipPitch">0.0721400430385</joint><joint name="HeadPitch">-0.137881010908</joint><joint name="RElbowYaw">1.36530300599</joint><joint name="RHand">0.68</joint><joint name="LElbowRoll">-1.35609813952</joint><joint name="RKneePitch">0.141086133546</joint><joint name="LShoulderPitch">1.39598240359</joint><joint name="LHand">0.234</joint><joint name="LHipYawPitch">-0.193242854781</joint><joint name="LAnkleRoll">-0.0859461210206</joint><joint name="RAnklePitch">-0.0537318808848</joint><joint name="LKneePitch">0.133499885419</joint><joint name="LHipRoll">0.0689881529424</joint><joint name="RAnkleRoll">0.159493946634</joint><joint name="RShoulderPitch">1.26704271444</joint><joint name="RElbowRoll">1.22255601713</joint><joint name="RHipRoll">-0.182587619697</joint></state><state><joint name="LShoulderRoll">-0.0398422016316</joint><joint name="LHipPitch">0.0659200386503</joint><joint name="LElbowYaw">-1.21795358389</joint><joint name="LAnklePitch">-0.0275700935291</joint><joint name="LWristYaw">0.193326630585</joint><joint name="RShoulderRoll">0.0491299712461</joint><joint name="RWristYaw">-0.225456396785</joint><joint name="RHipYawPitch">-0.193242854781</joint><joint name="RHipPitch">0.0721400430385</joint><joint name="HeadPitch">0.0314159265359</joint><joint name="RElbowYaw">1.20423180532</joint><joint name="RHand">0.234</joint><joint name="LElbowRoll">-1.35609813952</joint><joint name="RKneePitch">0.141086133546</joint><joint name="LShoulderPitch">1.39598240359</joint><joint name="LHand">0.234</joint><joint name="LHipYawPitch">-0.193242854781</joint><joint name="LAnkleRoll">-0.0859461210206</joint><joint name="RAnklePitch">-0.0537318808848</joint><joint name="LKneePitch">0.133499885419</joint><joint name="LHipRoll">0.0689881529424</joint><joint name="RAnkleRoll">0.159493946634</joint><joint name="RShoulderPitch">1.34987778607</joint><joint name="RElbowRoll">1.2026138851</joint><joint name="RHipRoll">-0.182587619697</joint></state><state><joint name="LShoulderRoll">-0.0398422016316</joint><joint name="LHipPitch">0.151823922703</joint><joint name="LElbowYaw">-1.21795358389</joint><joint name="LAnklePitch">-0.0137641377201</joint><joint name="LWristYaw">0.193326630585</joint><joint name="RShoulderRoll">0.0491299712461</joint><joint name="RWristYaw">-0.225456396785</joint><joint name="RHipYawPitch">-0.180969699481</joint><joint name="RHipPitch">0.161112041383</joint><joint name="HeadPitch">0.0314159265359</joint><joint name="RElbowYaw">1.20423180532</joint><joint name="RHand">0.234</joint><joint name="LElbowRoll">-1.35609813952</joint><joint name="RKneePitch">0.0260359491166</joint><joint name="LShoulderPitch">1.39598240359</joint><joint name="LHand">0.234</joint><joint name="LHipYawPitch">-0.180969699481</joint><joint name="LAnkleRoll">-0.0629360492281</joint><joint name="RAnklePitch">-0.0123138389249</joint><joint name="LKneePitch">0.0429940917278</joint><joint name="LHipRoll">0.0321720031679</joint><joint name="RAnkleRoll">0.179435555068</joint><joint name="RShoulderPitch">1.34987778607</joint><joint name="RElbowRoll">1.2026138851</joint><joint name="RHipRoll">-0.214802907031</joint></state><state name="pivot"><joint name="LShoulderRoll">-0.0398422016316</joint><joint name="LHipPitch">0.151823922703</joint><joint name="LElbowYaw">-1.21795358389</joint><joint name="LAnklePitch">-0.0137641377201</joint><joint name="LWristYaw">0.193326630585</joint><joint name="RShoulderRoll">0.0491299712461</joint><joint name="RWristYaw">-0.225456396785</joint><joint name="RHipYawPitch">-0.180969699481</joint><joint name="RHipPitch">0.161112041383</joint><joint name="HeadPitch">-0.0736740129181</joint><joint name="RElbowYaw">1.20423180532</joint><joint name="RHand">0.234</joint><joint name="LElbowRoll">-1.35609813952</joint><joint name="RKneePitch">0.0260359491166</joint><joint name="LShoulderPitch">1.39598240359</joint><joint name="LHand">0.234</joint><joint name="LHipYawPitch">-0.180969699481</joint><joint name="LAnkleRoll">-0.0629360492281</joint><joint name="RAnklePitch">-0.0123138389249</joint><joint name="LKneePitch">0.0429940917278</joint><joint name="LHipRoll">0.0321720031679</joint><joint name="RAnkleRoll">0.179435555068</joint><joint name="RShoulderPitch">1.34987778607</joint><joint name="RElbowRoll">1.2026138851</joint><joint name="RHipRoll">-0.214802907031</joint></state></actuators><speed>neutral_norm</speed></robot>