<robot name="nao"><emotion name="neutral" /><repeat>0</repeat><actuators><state><joint name="LShoulderRoll">0.267035375555</joint><joint name="LHipPitch">-0.217785674722</joint><joint name="LElbowYaw">-1.81339709282</joint><joint name="LAnklePitch">-0.0907571211037</joint><joint name="LWristYaw">-1.24441975667</joint><joint name="RShoulderRoll">-0.267035375555</joint><joint name="RWristYaw">1.24441975667</joint><joint name="HeadYaw">-0.0506639411257</joint><joint name="RHipPitch">-0.268492725481</joint><joint name="HeadPitch">0.0</joint><joint name="RElbowYaw">1.81339709282</joint><joint name="RHand">0.83</joint><joint name="LElbowRoll">-0.951204442337</joint><joint name="RKneePitch">0.434164614068</joint><joint name="LShoulderPitch">1.09606677025</joint><joint name="RHipYawPitch">-0.193242854781</joint><joint name="LHand">0.83</joint><joint name="LHipYawPitch">-0.193242854781</joint><joint name="LAnkleRoll">-0.116542091874</joint><joint name="RAnklePitch">-0.0907571211037</joint><joint name="LKneePitch">0.418739394138</joint><joint name="LHipRoll">0.115092072331</joint><joint name="RAnkleRoll">0.0936159704185</joint><joint name="RShoulderPitch">1.12573736754</joint><joint name="RElbowRoll">0.951204442337</joint><joint name="RHipRoll">-0.0122299234945</joint></state><state><joint name="LShoulderRoll">-0.0383972435439</joint><joint name="LHipPitch">-0.426410116201</joint><joint name="LElbowYaw">-1.6179202166</joint><joint name="LAnklePitch">-0.242414015797</joint><joint name="LWristYaw">-1.38055543833</joint><joint name="RShoulderRoll">0.0383972435439</joint><joint name="RWristYaw">1.38055543833</joint><joint name="HeadYaw">-0.0506639411257</joint><joint name="RHipPitch">-0.380474795618</joint><joint name="HeadPitch">-0.15037390316</joint><joint name="RElbowYaw">1.6179202166</joint><joint name="RHand">0.01</joint><joint name="LElbowRoll">-1.48003920569</joint><joint name="RKneePitch">0.516999685697</joint><joint name="LShoulderPitch">1.69471470369</joint><joint name="RHipYawPitch">-0.242330239993</joint><joint name="LHand">0.01</joint><joint name="LHipYawPitch">-0.242330239993</joint><joint name="LAnkleRoll">-0.116542091874</joint><joint name="RAnklePitch">-0.17483486716</joint><joint name="LKneePitch">0.619694858884</joint><joint name="LHipRoll">0.115092072331</joint><joint name="RAnkleRoll">0.0936159704185</joint><joint name="RShoulderPitch">1.69471470369</joint><joint name="RElbowRoll">1.48003920569</joint><joint name="RHipRoll">-0.0122299234945</joint></state><state name="pivot"><joint name="LShoulderRoll">-0.0383972435439</joint><joint name="LHipPitch">-0.426410116201</joint><joint name="LElbowYaw">-1.6179202166</joint><joint name="LAnklePitch">-0.242414015797</joint><joint name="LWristYaw">-1.38055543833</joint><joint name="RShoulderRoll">0.0383972435439</joint><joint name="RWristYaw">1.38055543833</joint><joint name="HeadYaw">-0.0506639411257</joint><joint name="RHipPitch">-0.380474795618</joint><joint name="HeadPitch">-0.15037390316</joint><joint name="RElbowYaw">1.6179202166</joint><joint name="RHand">0.01</joint><joint name="LElbowRoll">-1.48003920569</joint><joint name="RKneePitch">0.516999685697</joint><joint name="LShoulderPitch">1.69471470369</joint><joint name="RHipYawPitch">-0.242330239993</joint><joint name="LHand">0.01</joint><joint name="LHipYawPitch">-0.242330239993</joint><joint name="LAnkleRoll">-0.116542091874</joint><joint name="RAnklePitch">-0.17483486716</joint><joint name="LKneePitch">0.619694858884</joint><joint name="LHipRoll">0.115092072331</joint><joint name="RAnkleRoll">0.0936159704185</joint><joint name="RShoulderPitch">1.69471470369</joint><joint name="RElbowRoll">1.48003920569</joint><joint name="RHipRoll">-0.0122299234945</joint></state></actuators><speed>neutral_norm</speed></robot>