<robot name="nao"><emotion name="neutral" /><repeat>0</repeat><actuators><state><joint name="LShoulderRoll">0.0889301104427</joint><joint name="LHipPitch">-0.00916194882871</joint><joint name="LElbowYaw">-1.60767338856</joint><joint name="LAnklePitch">-0.171850005073</joint><joint name="LWristYaw">-0.553815660938</joint><joint name="RShoulderRoll">-0.11816001209</joint><joint name="RWristYaw">0.081259911979</joint><joint name="HeadYaw">0.179435555068</joint><joint name="RHipPitch">0.0827938818586</joint><joint name="HeadPitch">0.274543781997</joint><joint name="RElbowYaw">1.75639463945</joint><joint name="RHand">0.1188</joint><joint name="LElbowRoll">-0.731676929021</joint><joint name="RKneePitch">0.263890292243</joint><joint name="LShoulderPitch">1.31766424406</joint><joint name="RHipYawPitch">-0.271475493172</joint><joint name="LHand">0.8</joint><joint name="LHipYawPitch">-0.271475493172</joint><joint name="LAnkleRoll">-0.21625153031</joint><joint name="RAnklePitch">-0.11040586329</joint><joint name="LKneePitch">0.395730718609</joint><joint name="LHipRoll">0.299172123072</joint><joint name="RAnkleRoll">-0.0106959361616</joint><joint name="RShoulderPitch">1.96356522166</joint><joint name="RElbowRoll">1.28246618904</joint><joint name="RHipRoll">0.0629360492281</joint></state><state><joint name="LShoulderRoll">0.147222013064</joint><joint name="LHipPitch">0.159577896971</joint><joint name="LElbowYaw">-0.938849256562</joint><joint name="LAnklePitch">-0.113558102452</joint><joint name="LWristYaw">0.00149202438166</joint><joint name="RShoulderRoll">-0.0736740129181</joint><joint name="RWristYaw">0.111940182235</joint><joint name="HeadYaw">0.191708710368</joint><joint name="RHipPitch">0.296020058443</joint><joint name="HeadPitch">0.138018193787</joint><joint name="RElbowYaw">1.84076385549</joint><joint name="RHand">0.1288</joint><joint name="LElbowRoll">-1.33453808727</joint><joint name="RKneePitch">-0.00762796149584</joint><joint name="LShoulderPitch">1.30232454527</joint><joint name="RHipYawPitch">-0.265340660851</joint><joint name="LHand">0.1468</joint><joint name="LHipYawPitch">-0.265340660851</joint><joint name="LAnkleRoll">-0.263806516439</joint><joint name="RAnklePitch">-0.0137641377201</joint><joint name="LKneePitch">0.196309398277</joint><joint name="LHipRoll">0.357464374759</joint><joint name="RAnkleRoll">-0.0367740873395</joint><joint name="RShoulderPitch">1.92368444826</joint><joint name="RElbowRoll">1.05543375994</joint><joint name="RHipRoll">0.0936159704185</joint></state><state name="pivot"><joint name="LShoulderRoll">0.134950079495</joint><joint name="LHipPitch">0.23781158256</joint><joint name="LElbowYaw">-0.768576680067</joint><joint name="LAnklePitch">-0.0844118020752</joint><joint name="LWristYaw">0.184037988306</joint><joint name="RShoulderRoll">-0.0245859295741</joint><joint name="RWristYaw">0.081259911979</joint><joint name="HeadYaw">0.179435555068</joint><joint name="RHipPitch">0.384991707722</joint><joint name="HeadPitch">0.0873961405631</joint><joint name="RElbowYaw">1.86069551555</joint><joint name="RHand">0.1188</joint><joint name="LElbowRoll">-1.53088937345</joint><joint name="RKneePitch">-0.081259911979</joint><joint name="LShoulderPitch">1.24863472682</joint><joint name="RHipYawPitch">-0.259204083201</joint><joint name="LHand">0.0</joint><joint name="LHipYawPitch">-0.259204083201</joint><joint name="LAnkleRoll">-0.274543781997</joint><joint name="RAnklePitch">0.0261198994536</joint><joint name="LKneePitch">0.147222013064</joint><joint name="LHipRoll">0.380474795618</joint><joint name="RAnkleRoll">-0.0459780811499</joint><joint name="RShoulderPitch">1.92061266877</joint><joint name="RElbowRoll">0.984870098279</joint><joint name="RHipRoll">0.104353934108</joint></state></actuators><speed>neutral_norm</speed></robot>