<robot name="nao"><emotion name="neutral" /><repeat>0</repeat><actuators><state><joint name="LShoulderRoll">0.686090674288</joint><joint name="LHipPitch">0.294569689835</joint><joint name="LElbowYaw">-1.33056571789</joint><joint name="LAnklePitch">0.0321720031679</joint><joint name="LWristYaw">-0.289724655831</joint><joint name="RShoulderRoll">-0.360790972314</joint><joint name="RWristYaw">0.493928178314</joint><joint name="HeadYaw">-0.0767944870878</joint><joint name="RHipPitch">0.300622491681</joint><joint name="HeadPitch">-0.127504504906</joint><joint name="RElbowYaw">1.15017197706</joint><joint name="RHand">0.42</joint><joint name="LElbowRoll">-0.783652834145</joint><joint name="RKneePitch">-0.0444441112703</joint><joint name="LShoulderPitch">0.968781653234</joint><joint name="RHipYawPitch">-0.220853963547</joint><joint name="LHand">0.4</joint><joint name="LHipYawPitch">-0.220853963547</joint><joint name="LAnkleRoll">-0.207048409164</joint><joint name="RAnklePitch">0.0061779070467</joint><joint name="LKneePitch">-0.081343862316</joint><joint name="LHipRoll">0.251617136943</joint><joint name="RAnkleRoll">0.0736740129181</joint><joint name="RShoulderPitch">1.03498024643</joint><joint name="RElbowRoll">0.951204442337</joint><joint name="RHipRoll">-0.0168321123859</joint></state><state><joint name="LShoulderRoll">0.686090674288</joint><joint name="LHipPitch">0.294569689835</joint><joint name="LElbowYaw">-1.33056571789</joint><joint name="LAnklePitch">0.0321720031679</joint><joint name="LWristYaw">-1.10787566797</joint><joint name="RShoulderRoll">-0.433981354496</joint><joint name="RWristYaw">0.942099059629</joint><joint name="HeadYaw">-0.0767944870878</joint><joint name="RHipPitch">0.300622491681</joint><joint name="HeadPitch">-0.369257564515</joint><joint name="RElbowYaw">1.1607888149</joint><joint name="RHand">0.896036</joint><joint name="LElbowRoll">-1.37008346282</joint><joint name="RKneePitch">-0.0444441112703</joint><joint name="LShoulderPitch">0.968781653234</joint><joint name="RHipYawPitch">-0.220853963547</joint><joint name="LHand">0.446979</joint><joint name="LHipYawPitch">-0.220853963547</joint><joint name="LAnkleRoll">-0.207048409164</joint><joint name="RAnklePitch">0.0061779070467</joint><joint name="LKneePitch">-0.081343862316</joint><joint name="LHipRoll">0.251617136943</joint><joint name="RAnkleRoll">0.0736740129181</joint><joint name="RShoulderPitch">0.850074829489</joint><joint name="RElbowRoll">1.37008346282</joint><joint name="RHipRoll">-0.0168321123859</joint></state><state><joint name="LShoulderRoll">0.699810707538</joint><joint name="LHipPitch">0.294569689835</joint><joint name="LElbowYaw">-1.42244334038</joint><joint name="LAnklePitch">0.0321720031679</joint><joint name="LWristYaw">-1.20951317163</joint><joint name="RShoulderRoll">-0.433981354496</joint><joint name="RWristYaw">0.942099059629</joint><joint name="HeadYaw">-0.0767944870878</joint><joint name="RHipPitch">0.300622491681</joint><joint name="HeadPitch">-0.369257564515</joint><joint name="RElbowYaw">1.1607888149</joint><joint name="RHand">0.896036</joint><joint name="LElbowRoll">-1.27409035396</joint><joint name="RKneePitch">-0.0444441112703</joint><joint name="LShoulderPitch">0.945968454581</joint><joint name="RHipYawPitch">-0.220853963547</joint><joint name="LHand">0.446979</joint><joint name="LHipYawPitch">-0.220853963547</joint><joint name="LAnkleRoll">-0.207048409164</joint><joint name="RAnklePitch">0.0061779070467</joint><joint name="LKneePitch">-0.081343862316</joint><joint name="LHipRoll">0.251617136943</joint><joint name="RAnkleRoll">0.0736740129181</joint><joint name="RShoulderPitch">0.850074829489</joint><joint name="RElbowRoll">1.37008346282</joint><joint name="RHipRoll">-0.0168321123859</joint></state><state><joint name="LShoulderRoll">0.699810707538</joint><joint name="LHipPitch">-0.182587619697</joint><joint name="LElbowYaw">-1.42244334038</joint><joint name="LAnklePitch">0.0337899233845</joint><joint name="LWristYaw">-1.20951317163</joint><joint name="RShoulderRoll">-0.485201532054</joint><joint name="RWristYaw">1.20951317163</joint><joint name="HeadYaw">-0.0767944870878</joint><joint name="RHipPitch">-0.220853963547</joint><joint name="HeadPitch">-0.127504504906</joint><joint name="RElbowYaw">1.42244334038</joint><joint name="RHand">0.973532</joint><joint name="LElbowRoll">-1.27409035396</joint><joint name="RKneePitch">0.365049575689</joint><joint name="LShoulderPitch">0.945968454581</joint><joint name="RHipYawPitch">-0.240796095581</joint><joint name="LHand">0.446979</joint><joint name="LHipYawPitch">-0.240796095581</joint><joint name="LAnkleRoll">-0.236277438147</joint><joint name="RAnklePitch">-0.056799820644</joint><joint name="LKneePitch">0.217869450526</joint><joint name="LHipRoll">0.254601649964</joint><joint name="RAnkleRoll">-0.00771189437957</joint><joint name="RShoulderPitch">0.945968454581</joint><joint name="RElbowRoll">1.27409035396</joint><joint name="RHipRoll">0.0827938818586</joint></state><state><joint name="LShoulderRoll">0.697067049954</joint><joint name="LHipPitch">-0.182587619697</joint><joint name="LElbowYaw">-1.60346016375</joint><joint name="LAnklePitch">0.0337899233845</joint><joint name="LWristYaw">-1.48929119606</joint><joint name="RShoulderRoll">-0.485201532054</joint><joint name="RWristYaw">1.20951317163</joint><joint name="HeadYaw">-0.0767944870878</joint><joint name="RHipPitch">-0.220853963547</joint><joint name="HeadPitch">-0.369257564515</joint><joint name="RElbowYaw">1.42244334038</joint><joint name="RHand">0.973532</joint><joint name="LElbowRoll">-1.01490372405</joint><joint name="RKneePitch">0.365049575689</joint><joint name="LShoulderPitch">1.23930070598</joint><joint name="RHipYawPitch">-0.240796095581</joint><joint name="LHand">0.870959</joint><joint name="LHipYawPitch">-0.240796095581</joint><joint name="LAnkleRoll">-0.236277438147</joint><joint name="RAnklePitch">-0.056799820644</joint><joint name="LKneePitch">0.217869450526</joint><joint name="LHipRoll">0.254601649964</joint><joint name="RAnkleRoll">-0.00771189437957</joint><joint name="RShoulderPitch">0.945968454581</joint><joint name="RElbowRoll">1.27409035396</joint><joint name="RHipRoll">0.0827938818586</joint></state><state><joint name="LShoulderRoll">0.699810707538</joint><joint name="LHipPitch">-0.182587619697</joint><joint name="LElbowYaw">-1.6179202166</joint><joint name="LAnklePitch">0.0337899233845</joint><joint name="LWristYaw">-1.51669111998</joint><joint name="RShoulderRoll">-0.356802894973</joint><joint name="RWristYaw">1.4944311907</joint><joint name="HeadYaw">-0.0767944870878</joint><joint name="RHipPitch">-0.220853963547</joint><joint name="HeadPitch">-0.169296937443</joint><joint name="RElbowYaw">1.60270618151</joint><joint name="RHand">0.943795</joint><joint name="LElbowRoll">-0.982620368873</joint><joint name="RKneePitch">0.365049575689</joint><joint name="LShoulderPitch">1.27583568321</joint><joint name="RHipYawPitch">-0.240796095581</joint><joint name="LHand">0.94</joint><joint name="LHipYawPitch">-0.240796095581</joint><joint name="LAnkleRoll">-0.236277438147</joint><joint name="RAnklePitch">-0.056799820644</joint><joint name="LKneePitch">0.217869450526</joint><joint name="LHipRoll">0.254601649964</joint><joint name="RAnkleRoll">-0.00771189437957</joint><joint name="RShoulderPitch">1.23930070598</joint><joint name="RElbowRoll">1.01490372405</joint><joint name="RHipRoll">0.0827938818586</joint></state><state name="pivot"><joint name="LShoulderRoll">0.699810707538</joint><joint name="LHipPitch">-0.182587619697</joint><joint name="LElbowYaw">-1.6179202166</joint><joint name="LAnklePitch">0.0337899233845</joint><joint name="LWristYaw">-1.51669111998</joint><joint name="RShoulderRoll">-0.360790972314</joint><joint name="RWristYaw">1.51669111998</joint><joint name="HeadYaw">-0.0767944870878</joint><joint name="RHipPitch">-0.220853963547</joint><joint name="HeadPitch">-0.169296937443</joint><joint name="RElbowYaw">1.6179202166</joint><joint name="RHand">0.94</joint><joint name="LElbowRoll">-0.982620368873</joint><joint name="RKneePitch">0.365049575689</joint><joint name="LShoulderPitch">1.27583568321</joint><joint name="RHipYawPitch">-0.240796095581</joint><joint name="LHand">0.94</joint><joint name="LHipYawPitch">-0.240796095581</joint><joint name="LAnkleRoll">-0.236277438147</joint><joint name="RAnklePitch">-0.056799820644</joint><joint name="LKneePitch">0.217869450526</joint><joint name="LHipRoll">0.254601649964</joint><joint name="RAnkleRoll">-0.00771189437957</joint><joint name="RShoulderPitch">1.27583568321</joint><joint name="RElbowRoll">0.982620368873</joint><joint name="RHipRoll">0.0827938818586</joint></state></actuators><speed>neutral_norm</speed></robot>