<robot name="nao"><emotion name="neutral" /><repeat>0</repeat><actuators><state><joint name="LShoulderRoll">0.292951769618</joint><joint name="LHipPitch">0.25008473786</joint><joint name="LElbowYaw">-0.645855599042</joint><joint name="LAnklePitch">0.035239942927</joint><joint name="LWristYaw">-1.44967222204</joint><joint name="RShoulderRoll">-0.273093413389</joint><joint name="RWristYaw">1.21948772831</joint><joint name="HeadYaw">0.0137641377201</joint><joint name="RHipPitch">0.253067505551</joint><joint name="HeadPitch">-0.125829861488</joint><joint name="RElbowYaw">0.791501579792</joint><joint name="RHand">0.01</joint><joint name="LElbowRoll">-1.14585577782</joint><joint name="RKneePitch">0.0337899233845</joint><joint name="LShoulderPitch">1.35141193048</joint><joint name="RHipYawPitch">-0.251533361139</joint><joint name="LHand">0.01</joint><joint name="LHipYawPitch">-0.251533361139</joint><joint name="LAnkleRoll">-0.118076061753</joint><joint name="RAnklePitch">-0.00762796149584</joint><joint name="LKneePitch">-4.19617294752e-05</joint><joint name="LHipRoll">0.141170083883</joint><joint name="RAnkleRoll">0.0660039889873</joint><joint name="RShoulderPitch">1.47268264289</joint><joint name="RElbowRoll">1.23337880382</joint><joint name="RHipRoll">-0.0858621706836</joint></state><state><joint name="LShoulderRoll">0.292951769618</joint><joint name="LHipPitch">0.25008473786</joint><joint name="LElbowYaw">-0.645855599042</joint><joint name="LAnklePitch">0.035239942927</joint><joint name="LWristYaw">-1.44967222204</joint><joint name="RShoulderRoll">-0.273093413389</joint><joint name="RWristYaw">1.21948772831</joint><joint name="HeadYaw">0.0137641377201</joint><joint name="RHipPitch">0.253067505551</joint><joint name="HeadPitch">-0.132645023152</joint><joint name="RElbowYaw">0.791501579792</joint><joint name="RHand">0.01</joint><joint name="LElbowRoll">-1.14585577782</joint><joint name="RKneePitch">0.0337899233845</joint><joint name="LShoulderPitch">1.35141193048</joint><joint name="RHipYawPitch">-0.251533361139</joint><joint name="LHand">0.01</joint><joint name="LHipYawPitch">-0.251533361139</joint><joint name="LAnkleRoll">-0.118076061753</joint><joint name="RAnklePitch">-0.00762796149584</joint><joint name="LKneePitch">-4.19617294752e-05</joint><joint name="LHipRoll">0.141170083883</joint><joint name="RAnkleRoll">0.0660039889873</joint><joint name="RShoulderPitch">1.47268264289</joint><joint name="RElbowRoll">1.23337880382</joint><joint name="RHipRoll">-0.0858621706836</joint></state><state><joint name="LShoulderRoll">0.292951769618</joint><joint name="LHipPitch">0.25008473786</joint><joint name="LElbowYaw">-0.645855599042</joint><joint name="LAnklePitch">0.035239942927</joint><joint name="LWristYaw">-1.44967222204</joint><joint name="RShoulderRoll">0.151823922703</joint><joint name="RWristYaw">1.50788069792</joint><joint name="HeadYaw">0.0137641377201</joint><joint name="RHipPitch">0.253067505551</joint><joint name="HeadPitch">-0.132645023152</joint><joint name="RElbowYaw">0.87433839675</joint><joint name="RHand">0.88</joint><joint name="LElbowRoll">-1.14585577782</joint><joint name="RKneePitch">0.0337899233845</joint><joint name="LShoulderPitch">1.35141193048</joint><joint name="RHipYawPitch">-0.251533361139</joint><joint name="LHand">0.01</joint><joint name="LHipYawPitch">-0.251533361139</joint><joint name="LAnkleRoll">-0.118076061753</joint><joint name="RAnklePitch">-0.00762796149584</joint><joint name="LKneePitch">-4.19617294752e-05</joint><joint name="LHipRoll">0.141170083883</joint><joint name="RAnkleRoll">0.0660039889873</joint><joint name="RShoulderPitch">1.2180373597</joint><joint name="RElbowRoll">0.25008473786</joint><joint name="RHipRoll">-0.0858621706836</joint></state><state><joint name="LShoulderRoll">-0.0736740129181</joint><joint name="LHipPitch">-0.0137641377201</joint><joint name="LElbowYaw">-0.923509557766</joint><joint name="LAnklePitch">-0.214802907031</joint><joint name="LWristYaw">-1.60614098948</joint><joint name="RShoulderRoll">0.151823922703</joint><joint name="RWristYaw">1.50788069792</joint><joint name="HeadYaw">0.0137641377201</joint><joint name="RHipPitch">0.0674541830628</joint><joint name="HeadPitch">-0.132645023152</joint><joint name="RElbowYaw">0.87433839675</joint><joint name="RHand">0.88</joint><joint name="LElbowRoll">-0.237727806756</joint><joint name="RKneePitch">0.584496803859</joint><joint name="LShoulderPitch">1.22255601713</joint><joint name="RHipYawPitch">-0.291417625205</joint><joint name="LHand">0.88</joint><joint name="LHipYawPitch">-0.291417625205</joint><joint name="LAnkleRoll">-0.122677971392</joint><joint name="RAnklePitch">-0.271475493172</joint><joint name="LKneePitch">0.605887559171</joint><joint name="LHipRoll">0.181053475285</joint><joint name="RAnkleRoll">0.0675379588669</joint><joint name="RShoulderPitch">1.2180373597</joint><joint name="RElbowRoll">0.25008473786</joint><joint name="RHipRoll">-0.0781919722198</joint></state><state><joint name="LShoulderRoll">-0.0736740129181</joint><joint name="LHipPitch">-0.0137641377201</joint><joint name="LElbowYaw">-0.923509557766</joint><joint name="LAnklePitch">-0.214802907031</joint><joint name="LWristYaw">-1.60614098948</joint><joint name="RShoulderRoll">-0.0123138389249</joint><joint name="RWristYaw">0.719403773721</joint><joint name="HeadYaw">0.0137641377201</joint><joint name="RHipPitch">0.0674541830628</joint><joint name="HeadPitch">0.275762021815</joint><joint name="RElbowYaw">0.958707612791</joint><joint name="RHand">0.3068</joint><joint name="LElbowRoll">-0.237727806756</joint><joint name="RKneePitch">0.584496803859</joint><joint name="LShoulderPitch">1.22255601713</joint><joint name="RHipYawPitch">-0.291417625205</joint><joint name="LHand">0.88</joint><joint name="LHipYawPitch">-0.291417625205</joint><joint name="LAnkleRoll">-0.122677971392</joint><joint name="RAnklePitch">-0.271475493172</joint><joint name="LKneePitch">0.605887559171</joint><joint name="LHipRoll">0.181053475285</joint><joint name="RAnkleRoll">0.0675379588669</joint><joint name="RShoulderPitch">1.41132210238</joint><joint name="RElbowRoll">0.931180279829</joint><joint name="RHipRoll">-0.0781919722198</joint></state><state><joint name="LShoulderRoll">0.00762796149584</joint><joint name="LHipPitch">0.345191219459</joint><joint name="LElbowYaw">-1.21036838297</joint><joint name="LAnklePitch">-0.00310993238096</joint><joint name="LWristYaw">-0.653526321105</joint><joint name="RShoulderRoll">0.0337059730474</joint><joint name="RWristYaw">0.572139872755</joint><joint name="HeadYaw">0.0229680093575</joint><joint name="RHipPitch">0.366583720101</joint><joint name="HeadPitch">0.111940182235</joint><joint name="RElbowYaw">0.972514912504</joint><joint name="RHand">0.3068</joint><joint name="LElbowRoll">-1.05228169531</joint><joint name="RKneePitch">0.0798098924364</joint><joint name="LShoulderPitch">1.51708381906</joint><joint name="RHipYawPitch">-0.27607792641</joint><joint name="LHand">0.3068</joint><joint name="LHipYawPitch">-0.27607792641</joint><joint name="LAnkleRoll">-0.133415935082</joint><joint name="RAnklePitch">-0.0720560927015</joint><joint name="LKneePitch">0.0321720031679</joint><joint name="LHipRoll">0.191792486172</joint><joint name="RAnkleRoll">0.0644700191077</joint><joint name="RShoulderPitch">1.43586666765</joint><joint name="RElbowRoll">1.07997832521</joint><joint name="RHipRoll">-0.0797259420994</joint></state><state><joint name="LShoulderRoll">-0.0445280616074</joint><joint name="LHipPitch">0.415756626447</joint><joint name="LElbowYaw">-1.23184465941</joint><joint name="LAnklePitch">0.0459780811499</joint><joint name="LWristYaw">-0.481717854867</joint><joint name="RShoulderRoll">0.0337059730474</joint><joint name="RWristYaw">0.572139872755</joint><joint name="HeadYaw">0.0229680093575</joint><joint name="RHipPitch">0.427944260613</joint><joint name="HeadPitch">0.111940182235</joint><joint name="RElbowYaw">0.972514912504</joint><joint name="RHand">0.3068</joint><joint name="LElbowRoll">-1.2348274271</joint><joint name="RKneePitch">-0.0275700935291</joint><joint name="LShoulderPitch">1.52935522904</joint><joint name="RHipYawPitch">-0.27607792641</joint><joint name="LHand">0.3068</joint><joint name="LHipYawPitch">-0.27607792641</joint><joint name="LAnkleRoll">-0.136484223907</joint><joint name="RAnklePitch">-0.0321720031679</joint><joint name="LKneePitch">-0.0923279174305</joint><joint name="LHipRoll">0.191792486172</joint><joint name="RAnkleRoll">0.0660039889873</joint><joint name="RShoulderPitch">1.43586666765</joint><joint name="RElbowRoll">1.07997832521</joint><joint name="RHipRoll">-0.0766580023402</joint></state><state name="pivot"><joint name="LShoulderRoll">-0.0445280616074</joint><joint name="LHipPitch">0.415756626447</joint><joint name="LElbowYaw">-1.23184465941</joint><joint name="LAnklePitch">0.0459780811499</joint><joint name="LWristYaw">-0.481717854867</joint><joint name="RShoulderRoll">0.0337059730474</joint><joint name="RWristYaw">0.572139872755</joint><joint name="HeadYaw">-0.00924586425915</joint><joint name="RHipPitch">0.427944260613</joint><joint name="HeadPitch">0.0</joint><joint name="RElbowYaw">0.972514912504</joint><joint name="RHand">0.3068</joint><joint name="LElbowRoll">-1.2348274271</joint><joint name="RKneePitch">-0.0275700935291</joint><joint name="LShoulderPitch">1.52935522904</joint><joint name="RHipYawPitch">-0.27607792641</joint><joint name="LHand">0.3068</joint><joint name="LHipYawPitch">-0.27607792641</joint><joint name="LAnkleRoll">-0.136484223907</joint><joint name="RAnklePitch">-0.0321720031679</joint><joint name="LKneePitch">-0.0923279174305</joint><joint name="LHipRoll">0.191792486172</joint><joint name="RAnkleRoll">0.0660039889873</joint><joint name="RShoulderPitch">1.43586666765</joint><joint name="RElbowRoll">1.07997832521</joint><joint name="RHipRoll">-0.0766580023402</joint></state></actuators><speed>neutral_norm</speed></robot>