<robot name="nao"><emotion name="neutral" /><repeat>0</repeat><actuators><state><joint name="LShoulderRoll">-0.0798098924364</joint><joint name="LHipPitch">0.279229991039</joint><joint name="LElbowYaw">-1.20116351649</joint><joint name="LAnklePitch">0.0536479305478</joint><joint name="LWristYaw">0.164096030805</joint><joint name="RShoulderRoll">0.0337059730474</joint><joint name="RWristYaw">-0.081343862316</joint><joint name="HeadYaw">-0.0307219836253</joint><joint name="RHipPitch">0.326699456035</joint><joint name="HeadPitch">-0.0169160452696</joint><joint name="RElbowYaw">0.935697191933</joint><joint name="RHand">0.2928</joint><joint name="LElbowRoll">-1.15812893312</joint><joint name="RKneePitch">-0.0873961405631</joint><joint name="LShoulderPitch">1.56463880519</joint><joint name="RHipYawPitch">-0.180969699481</joint><joint name="LHand">0.2924</joint><joint name="LHipYawPitch">-0.180969699481</joint><joint name="LAnkleRoll">-0.196309398277</joint><joint name="RAnklePitch">0.0276538693332</joint><joint name="LKneePitch">-0.0905480306593</joint><joint name="LHipRoll">0.23781158256</joint><joint name="RAnkleRoll">0.0445280616074</joint><joint name="RShoulderPitch">1.49569131842</joint><joint name="RElbowRoll">1.07384174756</joint><joint name="RHipRoll">0.0061779070467</joint></state><state><joint name="LShoulderRoll">0.0567160448399</joint><joint name="LHipPitch">0.37587236238</joint><joint name="LElbowYaw">-0.912772292208</joint><joint name="LAnklePitch">0.0122299234945</joint><joint name="LWristYaw">0.432546693851</joint><joint name="RShoulderRoll">-0.00157594679342</joint><joint name="RWristYaw">0.259204083201</joint><joint name="HeadYaw">-0.0307219836253</joint><joint name="RHipPitch">0.380391019814</joint><joint name="HeadPitch">-0.222471883764</joint><joint name="RElbowYaw">1.08142869382</joint><joint name="RHand">0.58</joint><joint name="LElbowRoll">-1.54461638801</joint><joint name="RKneePitch">0.0061779070467</joint><joint name="LShoulderPitch">1.21335289599</joint><joint name="RHipYawPitch">-0.162562060926</joint><joint name="LHand">0.2924</joint><joint name="LHipYawPitch">-0.162562060926</joint><joint name="LAnkleRoll">-0.200911831514</joint><joint name="RAnklePitch">-0.0904640803223</joint><joint name="LKneePitch">-0.0890140607797</joint><joint name="LHipRoll">0.23781158256</joint><joint name="RAnkleRoll">0.0675379588669</joint><joint name="RShoulderPitch">1.58619711211</joint><joint name="RElbowRoll">1.11679430045</joint><joint name="RHipRoll">-0.0751240324607</joint></state><state><joint name="LShoulderRoll">0.138018193787</joint><joint name="LHipPitch">-0.0904640803223</joint><joint name="LElbowYaw">-1.24258192497</joint><joint name="LAnklePitch">0.095065989961</joint><joint name="LWristYaw">-0.670400164313</joint><joint name="RShoulderRoll">-0.00310993238096</joint><joint name="RWristYaw">-0.0675379588669</joint><joint name="HeadYaw">-0.00310993238096</joint><joint name="RHipPitch">-0.0721400430385</joint><joint name="HeadPitch">0.115008121994</joint><joint name="RElbowYaw">1.0507475509</joint><joint name="RHand">0.2928</joint><joint name="LElbowRoll">-1.19801145186</joint><joint name="RKneePitch">0.194860774997</joint><joint name="LShoulderPitch">1.45725742296</joint><joint name="RHipYawPitch">-0.243864384406</joint><joint name="LHand">0.58</joint><joint name="LHipYawPitch">-0.243864384406</joint><joint name="LAnkleRoll">-0.165630175218</joint><joint name="RAnklePitch">-0.0551819004274</joint><joint name="LKneePitch">0.0797259420994</joint><joint name="LHipRoll">0.170316035194</joint><joint name="RAnkleRoll">0.0521979110052</joint><joint name="RShoulderPitch">1.63375209824</joint><joint name="RElbowRoll">1.18735796211</joint><joint name="RHipRoll">-0.0045599868301</joint></state><state><joint name="LShoulderRoll">0.156426006875</joint><joint name="LHipPitch">0.0859461210206</joint><joint name="LElbowYaw">-1.17201826331</joint><joint name="LAnklePitch">0.0843278517381</joint><joint name="LWristYaw">-0.162646011263</joint><joint name="RShoulderRoll">-0.00310993238096</joint><joint name="RWristYaw">-0.0675379588669</joint><joint name="HeadYaw">0.0106959361616</joint><joint name="RHipPitch">0.11040586329</joint><joint name="HeadPitch">-0.095149940298</joint><joint name="RElbowYaw">1.0507475509</joint><joint name="RHand">0.2928</joint><joint name="LElbowRoll">-1.27931412441</joint><joint name="RKneePitch">0.0920820005389</joint><joint name="LShoulderPitch">1.51861796348</joint><joint name="RHipYawPitch">-0.243864384406</joint><joint name="LHand">0.2924</joint><joint name="LHipYawPitch">-0.243864384406</joint><joint name="LAnkleRoll">-0.188640421543</joint><joint name="RAnklePitch">-0.0505799907886</joint><joint name="LKneePitch">-0.0291878392128</joint><joint name="LHipRoll">0.196393174081</joint><joint name="RAnkleRoll">0.0414601218482</joint><joint name="RShoulderPitch">1.63375209824</joint><joint name="RElbowRoll">1.18735796211</joint><joint name="RHipRoll">-0.0168321123859</joint></state><state name="pivot"><joint name="LShoulderRoll">0.173300024616</joint><joint name="LHipPitch">0.0859461210206</joint><joint name="LElbowYaw">-1.06923931432</joint><joint name="LAnklePitch">0.0843278517381</joint><joint name="LWristYaw">0.133415935082</joint><joint name="RShoulderRoll">-0.00924586425915</joint><joint name="RWristYaw">-0.32218254393</joint><joint name="HeadYaw">-0.0307219836253</joint><joint name="RHipPitch">0.11040586329</joint><joint name="HeadPitch">-0.161112041383</joint><joint name="RElbowYaw">1.03387370769</joint><joint name="RHand">0.2928</joint><joint name="LElbowRoll">-1.39896691661</joint><joint name="RKneePitch">0.0920820005389</joint><joint name="LShoulderPitch">1.54929736107</joint><joint name="RHipYawPitch">-0.243864384406</joint><joint name="LHand">0.2924</joint><joint name="LHipYawPitch">-0.243864384406</joint><joint name="LAnkleRoll">-0.188640421543</joint><joint name="RAnklePitch">-0.0505799907886</joint><joint name="LKneePitch">-0.0291878392128</joint><joint name="LHipRoll">0.196393174081</joint><joint name="RAnkleRoll">0.0414601218482</joint><joint name="RShoulderPitch">1.67056807349</joint><joint name="RElbowRoll">1.31774801987</joint><joint name="RHipRoll">-0.0168321123859</joint></state></actuators><speed>neutral_norm</speed></robot>