<robot name="nao"><emotion name="neutral" /><repeat>0</repeat><actuators><state><joint name="LShoulderRoll">0.125746085684</joint><joint name="LHipPitch">0.12889797578</joint><joint name="LElbowYaw">-1.28400033345</joint><joint name="LAnklePitch">-0.228608461414</joint><joint name="LWristYaw">-0.679603285459</joint><joint name="RShoulderRoll">-0.0061779070467</joint><joint name="RWristYaw">0.406467984168</joint><joint name="HeadYaw">0.0689881529424</joint><joint name="RHipPitch">-0.0460620314869</joint><joint name="HeadPitch">0.242330239993</joint><joint name="RElbowYaw">1.0676213941</joint><joint name="RHand">0.05</joint><joint name="LElbowRoll">-1.38055892899</joint><joint name="RKneePitch">0.579894370621</joint><joint name="LShoulderPitch">1.02773887537</joint><joint name="RHipYawPitch">-0.32976774486</joint><joint name="LHand">0.2484</joint><joint name="LHipYawPitch">-0.32976774486</joint><joint name="LAnkleRoll">-0.015298125053</joint><joint name="RAnklePitch">-0.249999216726</joint><joint name="LKneePitch">0.41413870623</joint><joint name="LHipRoll">-0.038308231752</joint><joint name="RAnkleRoll">0.15037390316</joint><joint name="RShoulderPitch">0.826867186425</joint><joint name="RElbowRoll">1.53864387131</joint><joint name="RHipRoll">-0.242330239993</joint></state><state><joint name="LShoulderRoll">0.156426006875</joint><joint name="LHipPitch">0.0690719287465</joint><joint name="LElbowYaw">-1.1106577228</joint><joint name="LAnklePitch">-0.260822003418</joint><joint name="LWristYaw">-0.526204552172</joint><joint name="RShoulderRoll">-0.0061779070467</joint><joint name="RWristYaw">0.406467984168</joint><joint name="HeadYaw">0.0843278517381</joint><joint name="RHipPitch">-0.133499885419</joint><joint name="HeadPitch">0.357792496659</joint><joint name="RElbowYaw">1.0676213941</joint><joint name="RHand">0.05</joint><joint name="LElbowRoll">-1.54461638801</joint><joint name="RKneePitch">0.698011273079</joint><joint name="LShoulderPitch">0.806841278587</joint><joint name="RHipYawPitch">-0.326699456035</joint><joint name="LHand">0.2496</joint><joint name="LHipYawPitch">-0.326699456035</joint><joint name="LAnkleRoll">-0.0199000695983</joint><joint name="RAnklePitch">-0.29448591403</joint><joint name="LKneePitch">0.504644499922</joint><joint name="LHipRoll">-0.0444441112703</joint><joint name="RAnkleRoll">0.144238023642</joint><joint name="RShoulderPitch">0.826867186425</joint><joint name="RElbowRoll">1.53864387131</joint><joint name="RHipRoll">-0.230057084693</joint></state><state><joint name="LShoulderRoll">-0.0429940917278</joint><joint name="LHipPitch">0.412688337622</joint><joint name="LElbowYaw">-1.96510111141</joint><joint name="LAnklePitch">-0.12122795185</joint><joint name="LWristYaw">-0.851411751696</joint><joint name="RShoulderRoll">0.10887189341</joint><joint name="RWristYaw">0.52151834313</joint><joint name="HeadYaw">0.102736013892</joint><joint name="RHipPitch">0.305223179589</joint><joint name="HeadPitch">0.0314159265359</joint><joint name="RElbowYaw">1.80086562879</joint><joint name="RHand">0.86</joint><joint name="LElbowRoll">-1.4020334601</joint><joint name="RKneePitch">0.0982178800572</joint><joint name="LShoulderPitch">0.466002910282</joint><joint name="RHipYawPitch">-0.306757324001</joint><joint name="LHand">0.86</joint><joint name="LHipYawPitch">-0.306757324001</joint><joint name="LAnkleRoll">0.0061779070467</joint><joint name="RAnklePitch">-0.0996680741327</joint><joint name="LKneePitch">0.0137641377201</joint><joint name="LHipRoll">-0.00302601695052</joint><joint name="RAnkleRoll">0.173383974953</joint><joint name="RShoulderPitch">0.466002910282</joint><joint name="RElbowRoll">1.42666180118</joint><joint name="RHipRoll">-0.242330239993</joint></state><state><joint name="LShoulderRoll">0.0785398163397</joint><joint name="LHipPitch">0.314511821868</joint><joint name="LElbowYaw">-1.73485727648</joint><joint name="LAnklePitch">0.0398422016316</joint><joint name="LWristYaw">-0.805392655308</joint><joint name="RShoulderRoll">-0.0785398163397</joint><joint name="RWristYaw">0.595150293613</joint><joint name="HeadYaw">0.0904640803223</joint><joint name="RHipPitch">0.180969699481</joint><joint name="HeadPitch">0.00149202438166</joint><joint name="RElbowYaw">1.73485727648</joint><joint name="RHand">0.76</joint><joint name="LElbowRoll">-0.930260491313</joint><joint name="RKneePitch">-0.0122299234945</joint><joint name="LShoulderPitch">0.254818070791</joint><joint name="RHipYawPitch">-0.357380598955</joint><joint name="LHand">0.76</joint><joint name="LHipYawPitch">-0.357380598955</joint><joint name="LAnkleRoll">0.010779851592</joint><joint name="RAnklePitch">0.0629360492281</joint><joint name="LKneePitch">-0.0905480306593</joint><joint name="LHipRoll">-0.035239942927</joint><joint name="RAnkleRoll">0.199461462906</joint><joint name="RShoulderPitch">0.254818070791</joint><joint name="RElbowRoll">0.930260491313</joint><joint name="RHipRoll">-0.243864384406</joint></state><state name="pivot"><joint name="LShoulderRoll">0.0643860687707</joint><joint name="LHipPitch">0.314511821868</joint><joint name="LElbowYaw">-1.76875157056</joint><joint name="LAnklePitch">0.0398422016316</joint><joint name="LWristYaw">-1.07997832521</joint><joint name="RShoulderRoll">-0.0199840199353</joint><joint name="RWristYaw">0.9878546113</joint><joint name="HeadYaw">0.0904640803223</joint><joint name="RHipPitch">0.180969699481</joint><joint name="HeadPitch">0.00149202438166</joint><joint name="RElbowYaw">1.76712841435</joint><joint name="RHand">0.774</joint><joint name="LElbowRoll">-0.811443711825</joint><joint name="RKneePitch">-0.0122299234945</joint><joint name="LShoulderPitch">0.757753893375</joint><joint name="RHipYawPitch">-0.357380598955</joint><joint name="LHand">0.7656</joint><joint name="LHipYawPitch">-0.357380598955</joint><joint name="LAnkleRoll">0.010779851592</joint><joint name="RAnklePitch">0.0629360492281</joint><joint name="LKneePitch">-0.0905480306593</joint><joint name="LHipRoll">-0.035239942927</joint><joint name="RAnkleRoll">0.199461462906</joint><joint name="RShoulderPitch">0.7164192607</joint><joint name="RElbowRoll">0.78238223445</joint><joint name="RHipRoll">-0.243864384406</joint></state></actuators><speed>neutral_norm</speed></robot>