<robot name="nao"><emotion name="neutral" /><repeat>0</repeat><actuators><state><joint name="LShoulderRoll">0.139696676928</joint><joint name="LHipPitch">-0.421807682963</joint><joint name="LElbowYaw">0.0</joint><joint name="LAnklePitch">-0.0307219836253</joint><joint name="LWristYaw">-0.766199541626</joint><joint name="RShoulderRoll">0.219785822045</joint><joint name="RWristYaw">0.493928178314</joint><joint name="HeadYaw">-0.0453785605519</joint><joint name="RHipPitch">-0.403483471147</joint><joint name="HeadPitch">-0.212930168743</joint><joint name="RElbowYaw">1.42244334038</joint><joint name="RHand">0.66</joint><joint name="RShoulderPitch">0.795870138909</joint><joint name="RKneePitch">0.466378156072</joint><joint name="LShoulderPitch">0.195476876223</joint><joint name="RHipYawPitch">-0.28834933638</joint><joint name="LHand">0.08</joint><joint name="LHipYawPitch">-0.28834933638</joint><joint name="LAnkleRoll">-0.144154073305</joint><joint name="RAnklePitch">-0.038308231752</joint><joint name="LKneePitch">0.486236512301</joint><joint name="LHipRoll">0.101285994349</joint><joint name="RAnkleRoll">0.179519330872</joint><joint name="LElbowRoll">-0.849975345721</joint><joint name="RElbowRoll">1.24791041518</joint><joint name="RHipRoll">-0.124212115805</joint></state><state><joint name="LShoulderRoll">0.116542091874</joint><joint name="LHipPitch">-0.421807682963</joint><joint name="LElbowYaw">-1.19809522767</joint><joint name="LAnklePitch">-0.0307219836253</joint><joint name="LWristYaw">-0.766199541626</joint><joint name="RShoulderRoll">0.219785822045</joint><joint name="RWristYaw">-1.27409035396</joint><joint name="HeadYaw">-0.373500459927</joint><joint name="RHipPitch">-0.403483471147</joint><joint name="HeadPitch">0.514872129338</joint><joint name="RElbowYaw">1.236295249</joint><joint name="RHand">0.66</joint><joint name="RShoulderPitch">0.530580092606</joint><joint name="RKneePitch">0.466378156072</joint><joint name="LShoulderPitch">0.195476876223</joint><joint name="RHipYawPitch">-0.28834933638</joint><joint name="LHand">0.08</joint><joint name="LHipYawPitch">-0.28834933638</joint><joint name="LAnkleRoll">-0.144154073305</joint><joint name="RAnklePitch">-0.038308231752</joint><joint name="LKneePitch">0.486236512301</joint><joint name="LHipRoll">0.101285994349</joint><joint name="RAnkleRoll">0.179519330872</joint><joint name="LElbowRoll">-0.849975345721</joint><joint name="RElbowRoll">0.53407075111</joint><joint name="RHipRoll">-0.124212115805</joint></state><state><joint name="LShoulderRoll">0.139696676928</joint><joint name="LHipPitch">-0.421807682963</joint><joint name="LElbowYaw">0.0</joint><joint name="LAnklePitch">-0.0307219836253</joint><joint name="LWristYaw">0.0</joint><joint name="RShoulderRoll">0.219785822045</joint><joint name="RWristYaw">-1.27409035396</joint><joint name="HeadYaw">-0.373500459927</joint><joint name="RHipPitch">-0.403483471147</joint><joint name="HeadPitch">0.514872129338</joint><joint name="RElbowYaw">1.236295249</joint><joint name="RHand">0.66</joint><joint name="RShoulderPitch">0.530580092606</joint><joint name="RKneePitch">0.466378156072</joint><joint name="LShoulderPitch">-0.403171057211</joint><joint name="RHipYawPitch">-0.28834933638</joint><joint name="LHand">0.602755</joint><joint name="LHipYawPitch">-0.28834933638</joint><joint name="LAnkleRoll">-0.144154073305</joint><joint name="RAnklePitch">-0.038308231752</joint><joint name="LKneePitch">0.486236512301</joint><joint name="LHipRoll">0.101285994349</joint><joint name="RAnkleRoll">0.179519330872</joint><joint name="LElbowRoll">-1.54461638801</joint><joint name="RElbowRoll">0.53407075111</joint><joint name="RHipRoll">-0.124212115805</joint></state><state><joint name="LShoulderRoll">0.139696676928</joint><joint name="LHipPitch">-0.421807682963</joint><joint name="LElbowYaw">0.0</joint><joint name="LAnklePitch">-0.0307219836253</joint><joint name="LWristYaw">0.0</joint><joint name="RShoulderRoll">0.219785822045</joint><joint name="RWristYaw">-1.27409035396</joint><joint name="HeadYaw">-0.373500459927</joint><joint name="RHipPitch">-0.403483471147</joint><joint name="HeadPitch">0.514872129338</joint><joint name="RElbowYaw">1.236295249</joint><joint name="RHand">0.602465</joint><joint name="RShoulderPitch">0.530580092606</joint><joint name="RKneePitch">0.466378156072</joint><joint name="LShoulderPitch">-0.403171057211</joint><joint name="RHipYawPitch">-0.28834933638</joint><joint name="LHand">0.602755</joint><joint name="LHipYawPitch">-0.28834933638</joint><joint name="LAnkleRoll">-0.144154073305</joint><joint name="RAnklePitch">-0.038308231752</joint><joint name="LKneePitch">0.486236512301</joint><joint name="LHipRoll">0.101285994349</joint><joint name="RAnkleRoll">0.179519330872</joint><joint name="LElbowRoll">-1.54461638801</joint><joint name="RElbowRoll">0.53407075111</joint><joint name="RHipRoll">-0.124212115805</joint></state><state><joint name="LShoulderRoll">0.139696676928</joint><joint name="LHipPitch">0.12889797578</joint><joint name="LElbowYaw">0.0</joint><joint name="LAnklePitch">-0.122761921729</joint><joint name="LWristYaw">0.0</joint><joint name="RShoulderRoll">0.190134423383</joint><joint name="RWristYaw">-1.27223332363</joint><joint name="HeadYaw">-0.37080916222</joint><joint name="RHipPitch">0.197843542689</joint><joint name="HeadPitch">0.149268062546</joint><joint name="RElbowYaw">1.24098145805</joint><joint name="RHand">0.602465</joint><joint name="RShoulderPitch">-0.506131520444</joint><joint name="RKneePitch">0.13196591554</joint><joint name="LShoulderPitch">-0.403171057211</joint><joint name="RHipYawPitch">-0.184037988306</joint><joint name="LHand">0.602755</joint><joint name="LHipYawPitch">-0.184037988306</joint><joint name="LAnkleRoll">-0.147222013064</joint><joint name="RAnklePitch">-0.0781919722198</joint><joint name="LKneePitch">0.271475493172</joint><joint name="LHipRoll">0.15037390316</joint><joint name="RAnkleRoll">0.216335306114</joint><joint name="LElbowRoll">-1.54461638801</joint><joint name="RElbowRoll">0.0349065850399</joint><joint name="RHipRoll">-0.208582553577</joint></state><state><joint name="LShoulderRoll">0.155059937669</joint><joint name="LHipPitch">0.12889797578</joint><joint name="LElbowYaw">0.0280027606507</joint><joint name="LAnklePitch">-0.122761921729</joint><joint name="LWristYaw">0.0</joint><joint name="RShoulderRoll">0.190134423383</joint><joint name="RWristYaw">-1.27223332363</joint><joint name="HeadYaw">-0.37080916222</joint><joint name="RHipPitch">0.197843542689</joint><joint name="HeadPitch">0.149268062546</joint><joint name="RElbowYaw">1.24098145805</joint><joint name="RHand">0.602465</joint><joint name="RShoulderPitch">-0.506131520444</joint><joint name="RKneePitch">0.13196591554</joint><joint name="LShoulderPitch">-0.654398985731</joint><joint name="RHipYawPitch">-0.184037988306</joint><joint name="LHand">0.602755</joint><joint name="LHipYawPitch">-0.184037988306</joint><joint name="LAnkleRoll">-0.147222013064</joint><joint name="RAnklePitch">-0.0781919722198</joint><joint name="LKneePitch">0.271475493172</joint><joint name="LHipRoll">0.15037390316</joint><joint name="RAnkleRoll">0.216335306114</joint><joint name="LElbowRoll">-1.54461638801</joint><joint name="RElbowRoll">0.0349065850399</joint><joint name="RHipRoll">-0.208582553577</joint></state><state><joint name="LShoulderRoll">0.155059937669</joint><joint name="LHipPitch">0.12889797578</joint><joint name="LElbowYaw">0.0280027606507</joint><joint name="LAnklePitch">-0.122761921729</joint><joint name="LWristYaw">0.0</joint><joint name="RShoulderRoll">0.190134423383</joint><joint name="RWristYaw">-1.27223332363</joint><joint name="HeadYaw">-0.37080916222</joint><joint name="RHipPitch">0.197843542689</joint><joint name="HeadPitch">0.149268062546</joint><joint name="RElbowYaw">1.24098145805</joint><joint name="RHand">0.98</joint><joint name="RShoulderPitch">-0.506131520444</joint><joint name="RKneePitch">0.13196591554</joint><joint name="LShoulderPitch">-0.654398985731</joint><joint name="RHipYawPitch">-0.184037988306</joint><joint name="LHand">0.602755</joint><joint name="LHipYawPitch">-0.184037988306</joint><joint name="LAnkleRoll">-0.147222013064</joint><joint name="RAnklePitch">-0.0781919722198</joint><joint name="LKneePitch">0.271475493172</joint><joint name="LHipRoll">0.15037390316</joint><joint name="RAnkleRoll">0.216335306114</joint><joint name="LElbowRoll">-1.54461638801</joint><joint name="RElbowRoll">0.0349065850399</joint><joint name="RHipRoll">-0.208582553577</joint></state><state><joint name="LShoulderRoll">0.155059937669</joint><joint name="LHipPitch">0.12889797578</joint><joint name="LElbowYaw">0.0280027606507</joint><joint name="LAnklePitch">-0.122761921729</joint><joint name="LWristYaw">0.0</joint><joint name="RShoulderRoll">0.190134423383</joint><joint name="RWristYaw">-1.27223332363</joint><joint name="HeadYaw">-0.37080916222</joint><joint name="RHipPitch">0.197843542689</joint><joint name="HeadPitch">0.149268062546</joint><joint name="RElbowYaw">1.24098145805</joint><joint name="RHand">0.98</joint><joint name="RShoulderPitch">-0.506131520444</joint><joint name="RKneePitch">0.13196591554</joint><joint name="LShoulderPitch">-0.654398985731</joint><joint name="RHipYawPitch">-0.184037988306</joint><joint name="LHand">0.602755</joint><joint name="LHipYawPitch">-0.184037988306</joint><joint name="LAnkleRoll">-0.147222013064</joint><joint name="RAnklePitch">-0.0781919722198</joint><joint name="LKneePitch">0.271475493172</joint><joint name="LHipRoll">0.15037390316</joint><joint name="RAnkleRoll">0.216335306114</joint><joint name="LElbowRoll">-1.54461638801</joint><joint name="RElbowRoll">0.884857496152</joint><joint name="RHipRoll">-0.208582553577</joint></state><state><joint name="LShoulderRoll">0.155059937669</joint><joint name="LHipPitch">-0.697927497275</joint><joint name="LElbowYaw">0.0280027606507</joint><joint name="LAnklePitch">-0.148839933281</joint><joint name="LWristYaw">0.0</joint><joint name="RShoulderRoll">0.190134423383</joint><joint name="RWristYaw">-1.27223332363</joint><joint name="HeadYaw">-0.37080916222</joint><joint name="RHipPitch">-0.705681995142</joint><joint name="HeadPitch">0.149268062546</joint><joint name="RElbowYaw">1.24098145805</joint><joint name="RHand">0.98</joint><joint name="RShoulderPitch">-0.506131520444</joint><joint name="RKneePitch">0.814595776454</joint><joint name="LShoulderPitch">-0.654398985731</joint><joint name="RHipYawPitch">-0.253067505551</joint><joint name="LHand">0.602755</joint><joint name="LHipYawPitch">-0.253067505551</joint><joint name="LAnkleRoll">-0.139552163666</joint><joint name="RAnklePitch">-0.211650842402</joint><joint name="LKneePitch">0.763890471025</joint><joint name="LHipRoll">0.0874800909002</joint><joint name="RAnkleRoll">0.125829861488</joint><joint name="LElbowRoll">-1.54461638801</joint><joint name="RElbowRoll">0.884857496152</joint><joint name="RHipRoll">-0.0643860687707</joint></state><state><joint name="LShoulderRoll">0.155059937669</joint><joint name="LHipPitch">-0.697927497275</joint><joint name="LElbowYaw">0.0280027606507</joint><joint name="LAnklePitch">-0.148839933281</joint><joint name="LWristYaw">0.0</joint><joint name="RShoulderRoll">0.219785822045</joint><joint name="RWristYaw">-1.27409035396</joint><joint name="HeadYaw">-0.373500459927</joint><joint name="RHipPitch">-0.705681995142</joint><joint name="HeadPitch">0.514872129338</joint><joint name="RElbowYaw">1.236295249</joint><joint name="RHand">0.98</joint><joint name="RShoulderPitch">0.530580092606</joint><joint name="RKneePitch">0.814595776454</joint><joint name="LShoulderPitch">-0.654398985731</joint><joint name="RHipYawPitch">-0.253067505551</joint><joint name="LHand">0.602755</joint><joint name="LHipYawPitch">-0.253067505551</joint><joint name="LAnkleRoll">-0.139552163666</joint><joint name="RAnklePitch">-0.211650842402</joint><joint name="LKneePitch">0.763890471025</joint><joint name="LHipRoll">0.0874800909002</joint><joint name="RAnkleRoll">0.125829861488</joint><joint name="LElbowRoll">-1.54461638801</joint><joint name="RElbowRoll">0.53407075111</joint><joint name="RHipRoll">-0.0643860687707</joint></state><state><joint name="LShoulderRoll">0.139696676928</joint><joint name="LHipPitch">-0.697927497275</joint><joint name="LElbowYaw">0.0</joint><joint name="LAnklePitch">-0.148839933281</joint><joint name="LWristYaw">0.0</joint><joint name="RShoulderRoll">0.219785822045</joint><joint name="RWristYaw">-1.27409035396</joint><joint name="HeadYaw">-0.373500459927</joint><joint name="RHipPitch">-0.705681995142</joint><joint name="HeadPitch">0.514872129338</joint><joint name="RElbowYaw">1.236295249</joint><joint name="RHand">0.98</joint><joint name="RShoulderPitch">0.530580092606</joint><joint name="RKneePitch">0.814595776454</joint><joint name="LShoulderPitch">-0.403171057211</joint><joint name="RHipYawPitch">-0.253067505551</joint><joint name="LHand">0.602755</joint><joint name="LHipYawPitch">-0.253067505551</joint><joint name="LAnkleRoll">-0.139552163666</joint><joint name="RAnklePitch">-0.211650842402</joint><joint name="LKneePitch">0.763890471025</joint><joint name="LHipRoll">0.0874800909002</joint><joint name="RAnkleRoll">0.125829861488</joint><joint name="LElbowRoll">-1.54461638801</joint><joint name="RElbowRoll">0.53407075111</joint><joint name="RHipRoll">-0.0643860687707</joint></state><state><joint name="LShoulderRoll">0.139696676928</joint><joint name="LHipPitch">-0.697927497275</joint><joint name="LElbowYaw">0.0</joint><joint name="LAnklePitch">-0.148839933281</joint><joint name="LWristYaw">0.0</joint><joint name="RShoulderRoll">0.219785822045</joint><joint name="RWristYaw">-1.27409035396</joint><joint name="HeadYaw">-0.373500459927</joint><joint name="RHipPitch">-0.705681995142</joint><joint name="HeadPitch">0.514872129338</joint><joint name="RElbowYaw">1.236295249</joint><joint name="RHand">0.602465</joint><joint name="RShoulderPitch">0.530580092606</joint><joint name="RKneePitch">0.814595776454</joint><joint name="LShoulderPitch">-0.403171057211</joint><joint name="RHipYawPitch">-0.253067505551</joint><joint name="LHand">0.602755</joint><joint name="LHipYawPitch">-0.253067505551</joint><joint name="LAnkleRoll">-0.139552163666</joint><joint name="RAnklePitch">-0.211650842402</joint><joint name="LKneePitch">0.763890471025</joint><joint name="LHipRoll">0.0874800909002</joint><joint name="RAnkleRoll">0.125829861488</joint><joint name="LElbowRoll">-1.54461638801</joint><joint name="RElbowRoll">0.53407075111</joint><joint name="RHipRoll">-0.0643860687707</joint></state><state><joint name="LShoulderRoll">0.139696676928</joint><joint name="LHipPitch">0.12889797578</joint><joint name="LElbowYaw">0.0</joint><joint name="LAnklePitch">-0.122761921729</joint><joint name="LWristYaw">0.0</joint><joint name="RShoulderRoll">0.190134423383</joint><joint name="RWristYaw">-1.27223332363</joint><joint name="HeadYaw">-0.37080916222</joint><joint name="RHipPitch">0.197843542689</joint><joint name="HeadPitch">0.149268062546</joint><joint name="RElbowYaw">1.24098145805</joint><joint name="RHand">0.602465</joint><joint name="RShoulderPitch">-0.506131520444</joint><joint name="RKneePitch">0.13196591554</joint><joint name="LShoulderPitch">-0.403171057211</joint><joint name="RHipYawPitch">-0.184037988306</joint><joint name="LHand">0.602755</joint><joint name="LHipYawPitch">-0.184037988306</joint><joint name="LAnkleRoll">-0.147222013064</joint><joint name="RAnklePitch">-0.0781919722198</joint><joint name="LKneePitch">0.271475493172</joint><joint name="LHipRoll">0.15037390316</joint><joint name="RAnkleRoll">0.216335306114</joint><joint name="LElbowRoll">-1.54461638801</joint><joint name="RElbowRoll">0.0349065850399</joint><joint name="RHipRoll">-0.208582553577</joint></state><state><joint name="LShoulderRoll">0.155059937669</joint><joint name="LHipPitch">0.12889797578</joint><joint name="LElbowYaw">0.0280027606507</joint><joint name="LAnklePitch">-0.122761921729</joint><joint name="LWristYaw">0.0</joint><joint name="RShoulderRoll">0.190134423383</joint><joint name="RWristYaw">-1.27223332363</joint><joint name="HeadYaw">-0.37080916222</joint><joint name="RHipPitch">0.197843542689</joint><joint name="HeadPitch">0.149268062546</joint><joint name="RElbowYaw">1.24098145805</joint><joint name="RHand">0.602465</joint><joint name="RShoulderPitch">-0.506131520444</joint><joint name="RKneePitch">0.13196591554</joint><joint name="LShoulderPitch">-0.654398985731</joint><joint name="RHipYawPitch">-0.184037988306</joint><joint name="LHand">0.602755</joint><joint name="LHipYawPitch">-0.184037988306</joint><joint name="LAnkleRoll">-0.147222013064</joint><joint name="RAnklePitch">-0.0781919722198</joint><joint name="LKneePitch">0.271475493172</joint><joint name="LHipRoll">0.15037390316</joint><joint name="RAnkleRoll">0.216335306114</joint><joint name="LElbowRoll">-1.54461638801</joint><joint name="RElbowRoll">0.0349065850399</joint><joint name="RHipRoll">-0.208582553577</joint></state><state><joint name="LShoulderRoll">0.155059937669</joint><joint name="LHipPitch">0.12889797578</joint><joint name="LElbowYaw">0.0280027606507</joint><joint name="LAnklePitch">-0.122761921729</joint><joint name="LWristYaw">0.0</joint><joint name="RShoulderRoll">0.190134423383</joint><joint name="RWristYaw">-1.27223332363</joint><joint name="HeadYaw">-0.37080916222</joint><joint name="RHipPitch">0.197843542689</joint><joint name="HeadPitch">0.149268062546</joint><joint name="RElbowYaw">1.24098145805</joint><joint name="RHand">0.98</joint><joint name="RShoulderPitch">-0.506131520444</joint><joint name="RKneePitch">0.13196591554</joint><joint name="LShoulderPitch">-0.654398985731</joint><joint name="RHipYawPitch">-0.184037988306</joint><joint name="LHand">0.602755</joint><joint name="LHipYawPitch">-0.184037988306</joint><joint name="LAnkleRoll">-0.147222013064</joint><joint name="RAnklePitch">-0.0781919722198</joint><joint name="LKneePitch">0.271475493172</joint><joint name="LHipRoll">0.15037390316</joint><joint name="RAnkleRoll">0.216335306114</joint><joint name="LElbowRoll">-1.54461638801</joint><joint name="RElbowRoll">0.0349065850399</joint><joint name="RHipRoll">-0.208582553577</joint></state><state><joint name="LShoulderRoll">0.155059937669</joint><joint name="LHipPitch">0.12889797578</joint><joint name="LElbowYaw">0.0280027606507</joint><joint name="LAnklePitch">-0.122761921729</joint><joint name="LWristYaw">0.0</joint><joint name="RShoulderRoll">0.190134423383</joint><joint name="RWristYaw">-1.27223332363</joint><joint name="HeadYaw">-0.37080916222</joint><joint name="RHipPitch">0.197843542689</joint><joint name="HeadPitch">0.149268062546</joint><joint name="RElbowYaw">1.24098145805</joint><joint name="RHand">0.98</joint><joint name="RShoulderPitch">-0.506131520444</joint><joint name="RKneePitch">0.13196591554</joint><joint name="LShoulderPitch">-0.654398985731</joint><joint name="RHipYawPitch">-0.184037988306</joint><joint name="LHand">0.602755</joint><joint name="LHipYawPitch">-0.184037988306</joint><joint name="LAnkleRoll">-0.147222013064</joint><joint name="RAnklePitch">-0.0781919722198</joint><joint name="LKneePitch">0.271475493172</joint><joint name="LHipRoll">0.15037390316</joint><joint name="RAnkleRoll">0.216335306114</joint><joint name="LElbowRoll">-1.54461638801</joint><joint name="RElbowRoll">0.884857496152</joint><joint name="RHipRoll">-0.208582553577</joint></state><state><joint name="LShoulderRoll">0.155059937669</joint><joint name="LHipPitch">-0.697927497275</joint><joint name="LElbowYaw">0.0280027606507</joint><joint name="LAnklePitch">-0.148839933281</joint><joint name="LWristYaw">0.0</joint><joint name="RShoulderRoll">0.190134423383</joint><joint name="RWristYaw">-1.27223332363</joint><joint name="HeadYaw">-0.37080916222</joint><joint name="RHipPitch">-0.705681995142</joint><joint name="HeadPitch">0.149268062546</joint><joint name="RElbowYaw">1.24098145805</joint><joint name="RHand">0.98</joint><joint name="RShoulderPitch">-0.506131520444</joint><joint name="RKneePitch">0.814595776454</joint><joint name="LShoulderPitch">-0.654398985731</joint><joint name="RHipYawPitch">-0.253067505551</joint><joint name="LHand">0.602755</joint><joint name="LHipYawPitch">-0.253067505551</joint><joint name="LAnkleRoll">-0.139552163666</joint><joint name="RAnklePitch">-0.211650842402</joint><joint name="LKneePitch">0.763890471025</joint><joint name="LHipRoll">0.0874800909002</joint><joint name="RAnkleRoll">0.125829861488</joint><joint name="LElbowRoll">-1.54461638801</joint><joint name="RElbowRoll">0.884857496152</joint><joint name="RHipRoll">-0.0643860687707</joint></state><state><joint name="LShoulderRoll">0.155059937669</joint><joint name="LHipPitch">-0.697927497275</joint><joint name="LElbowYaw">0.0280027606507</joint><joint name="LAnklePitch">-0.148839933281</joint><joint name="LWristYaw">0.0</joint><joint name="RShoulderRoll">0.219785822045</joint><joint name="RWristYaw">-1.27409035396</joint><joint name="HeadYaw">-0.373500459927</joint><joint name="RHipPitch">-0.705681995142</joint><joint name="HeadPitch">0.514872129338</joint><joint name="RElbowYaw">1.236295249</joint><joint name="RHand">0.98</joint><joint name="RShoulderPitch">0.530580092606</joint><joint name="RKneePitch">0.814595776454</joint><joint name="LShoulderPitch">-0.654398985731</joint><joint name="RHipYawPitch">-0.253067505551</joint><joint name="LHand">0.602755</joint><joint name="LHipYawPitch">-0.253067505551</joint><joint name="LAnkleRoll">-0.139552163666</joint><joint name="RAnklePitch">-0.211650842402</joint><joint name="LKneePitch">0.763890471025</joint><joint name="LHipRoll">0.0874800909002</joint><joint name="RAnkleRoll">0.125829861488</joint><joint name="LElbowRoll">-1.54461638801</joint><joint name="RElbowRoll">0.53407075111</joint><joint name="RHipRoll">-0.0643860687707</joint></state><state><joint name="LShoulderRoll">0.139696676928</joint><joint name="LHipPitch">-0.697927497275</joint><joint name="LElbowYaw">0.0</joint><joint name="LAnklePitch">-0.148839933281</joint><joint name="LWristYaw">0.0</joint><joint name="RShoulderRoll">0.219785822045</joint><joint name="RWristYaw">-1.27409035396</joint><joint name="HeadYaw">-0.373500459927</joint><joint name="RHipPitch">-0.705681995142</joint><joint name="HeadPitch">0.514872129338</joint><joint name="RElbowYaw">1.236295249</joint><joint name="RHand">0.98</joint><joint name="RShoulderPitch">0.530580092606</joint><joint name="RKneePitch">0.814595776454</joint><joint name="LShoulderPitch">-0.403171057211</joint><joint name="RHipYawPitch">-0.253067505551</joint><joint name="LHand">0.602755</joint><joint name="LHipYawPitch">-0.253067505551</joint><joint name="LAnkleRoll">-0.139552163666</joint><joint name="RAnklePitch">-0.211650842402</joint><joint name="LKneePitch">0.763890471025</joint><joint name="LHipRoll">0.0874800909002</joint><joint name="RAnkleRoll">0.125829861488</joint><joint name="LElbowRoll">-1.54461638801</joint><joint name="RElbowRoll">0.53407075111</joint><joint name="RHipRoll">-0.0643860687707</joint></state><state><joint name="LShoulderRoll">0.139696676928</joint><joint name="LHipPitch">-0.697927497275</joint><joint name="LElbowYaw">0.0</joint><joint name="LAnklePitch">-0.148839933281</joint><joint name="LWristYaw">0.0</joint><joint name="RShoulderRoll">0.20852844837</joint><joint name="RWristYaw">0.883541517896</joint><joint name="HeadYaw">0.0367740873395</joint><joint name="RHipPitch">-0.705681995142</joint><joint name="HeadPitch">0.274543781997</joint><joint name="RElbowYaw">1.39743277219</joint><joint name="RHand">0.1</joint><joint name="RShoulderPitch">1.58926540094</joint><joint name="RKneePitch">0.814595776454</joint><joint name="LShoulderPitch">-0.403171057211</joint><joint name="RHipYawPitch">-0.253067505551</joint><joint name="LHand">0.602755</joint><joint name="LHipYawPitch">-0.253067505551</joint><joint name="LAnkleRoll">-0.139552163666</joint><joint name="RAnklePitch">-0.211650842402</joint><joint name="LKneePitch">0.763890471025</joint><joint name="LHipRoll">0.0874800909002</joint><joint name="RAnkleRoll">0.125829861488</joint><joint name="LElbowRoll">-1.54461638801</joint><joint name="RElbowRoll">1.29013516577</joint><joint name="RHipRoll">-0.0643860687707</joint></state><state><joint name="LShoulderRoll">0.00609397416297</joint><joint name="LHipPitch">0.133499885419</joint><joint name="LElbowYaw">-1.35763228393</joint><joint name="LAnklePitch">0.0858621706836</joint><joint name="LWristYaw">-0.302240411897</joint><joint name="RShoulderRoll">0.20852844837</joint><joint name="RWristYaw">0.883541517896</joint><joint name="HeadYaw">0.0367740873395</joint><joint name="RHipPitch">0.125746085684</joint><joint name="HeadPitch">0.274543781997</joint><joint name="RElbowYaw">1.39743277219</joint><joint name="RHand">0.1</joint><joint name="RShoulderPitch">1.58926540094</joint><joint name="RKneePitch">-0.0827938818586</joint><joint name="LShoulderPitch">1.52935522904</joint><joint name="RHipYawPitch">-0.156426006875</joint><joint name="LHand">0.1</joint><joint name="LHipYawPitch">-0.156426006875</joint><joint name="LAnkleRoll">-0.131881965203</joint><joint name="RAnklePitch">0.0997520244697</joint><joint name="LKneePitch">-0.0920820005389</joint><joint name="LHipRoll">0.095149940298</joint><joint name="RAnkleRoll">0.13043194566</joint><joint name="LElbowRoll">-1.23022673919</joint><joint name="RElbowRoll">1.29013516577</joint><joint name="RHipRoll">-0.0904640803223</joint></state><state><joint name="LShoulderRoll">0.00609397416297</joint><joint name="LHipPitch">0.133499885419</joint><joint name="LElbowYaw">-1.35763228393</joint><joint name="LAnklePitch">0.0858621706836</joint><joint name="LWristYaw">-0.302240411897</joint><joint name="RShoulderRoll">0.20852844837</joint><joint name="RWristYaw">0.883541517896</joint><joint name="HeadYaw">0.0367740873395</joint><joint name="RHipPitch">0.125746085684</joint><joint name="HeadPitch">0.274543781997</joint><joint name="RElbowYaw">1.39743277219</joint><joint name="RHand">0.1</joint><joint name="RShoulderPitch">1.58926540094</joint><joint name="RKneePitch">-0.0827938818586</joint><joint name="LShoulderPitch">1.52935522904</joint><joint name="RHipYawPitch">-0.156426006875</joint><joint name="LHand">0.1</joint><joint name="LHipYawPitch">-0.156426006875</joint><joint name="LAnkleRoll">-0.131881965203</joint><joint name="RAnklePitch">0.0997520244697</joint><joint name="LKneePitch">-0.0920820005389</joint><joint name="LHipRoll">0.095149940298</joint><joint name="RAnkleRoll">0.13043194566</joint><joint name="LElbowRoll">-1.23022673919</joint><joint name="RElbowRoll">1.29013516577</joint><joint name="RHipRoll">-0.0904640803223</joint></state><state><joint name="LShoulderRoll">0.00609397416297</joint><joint name="LHipPitch">0.133499885419</joint><joint name="LElbowYaw">-1.35763228393</joint><joint name="LAnklePitch">0.0858621706836</joint><joint name="LWristYaw">-0.302240411897</joint><joint name="RShoulderRoll">-0.124295891609</joint><joint name="RWristYaw">0.0858621706836</joint><joint name="HeadYaw">-0.0215179898149</joint><joint name="RHipPitch">0.125746085684</joint><joint name="HeadPitch">-0.196393174081</joint><joint name="RElbowYaw">1.19954559627</joint><joint name="RHand">0.308</joint><joint name="RShoulderPitch">1.53404143808</joint><joint name="RKneePitch">-0.0827938818586</joint><joint name="LShoulderPitch">1.52935522904</joint><joint name="RHipYawPitch">-0.156426006875</joint><joint name="LHand">0.1</joint><joint name="LHipYawPitch">-0.156426006875</joint><joint name="LAnkleRoll">-0.131881965203</joint><joint name="RAnklePitch">0.0997520244697</joint><joint name="LKneePitch">-0.0920820005389</joint><joint name="LHipRoll">0.095149940298</joint><joint name="RAnkleRoll">0.13043194566</joint><joint name="LElbowRoll">-1.23022673919</joint><joint name="RElbowRoll">0.418823169943</joint><joint name="RHipRoll">-0.0904640803223</joint></state><state><joint name="LShoulderRoll">0.116542091874</joint><joint name="LHipPitch">0.133499885419</joint><joint name="LElbowYaw">-1.19809522767</joint><joint name="LAnklePitch">0.0858621706836</joint><joint name="LWristYaw">0.0889301104427</joint><joint name="RShoulderRoll">-0.124295891609</joint><joint name="RWristYaw">0.0858621706836</joint><joint name="HeadYaw">-0.0215179898149</joint><joint name="RHipPitch">0.125746085684</joint><joint name="HeadPitch">-0.196393174081</joint><joint name="RElbowYaw">1.19954559627</joint><joint name="RHand">0.308</joint><joint name="RShoulderPitch">1.53404143808</joint><joint name="RKneePitch">-0.0827938818586</joint><joint name="LShoulderPitch">1.53549180669</joint><joint name="RHipYawPitch">-0.156426006875</joint><joint name="LHand">0.3092</joint><joint name="LHipYawPitch">-0.156426006875</joint><joint name="LAnkleRoll">-0.131881965203</joint><joint name="RAnklePitch">0.0997520244697</joint><joint name="LKneePitch">-0.0920820005389</joint><joint name="LHipRoll">0.095149940298</joint><joint name="RAnkleRoll">0.13043194566</joint><joint name="LElbowRoll">-0.423341827376</joint><joint name="RElbowRoll">0.418823169943</joint><joint name="RHipRoll">-0.0904640803223</joint></state><state name="pivot"><joint name="LShoulderRoll">0.116542091874</joint><joint name="LHipPitch">0.133499885419</joint><joint name="LElbowYaw">-1.19809522767</joint><joint name="LAnklePitch">0.0858621706836</joint><joint name="LWristYaw">0.0889301104427</joint><joint name="RShoulderRoll">-0.124295891609</joint><joint name="RWristYaw">0.0858621706836</joint><joint name="HeadYaw">-0.0215179898149</joint><joint name="RHipPitch">0.125746085684</joint><joint name="HeadPitch">-0.196393174081</joint><joint name="RElbowYaw">1.19954559627</joint><joint name="RHand">0.308</joint><joint name="RShoulderPitch">1.53404143808</joint><joint name="RKneePitch">-0.0827938818586</joint><joint name="LShoulderPitch">1.53549180669</joint><joint name="RHipYawPitch">-0.156426006875</joint><joint name="LHand">0.3092</joint><joint name="LHipYawPitch">-0.156426006875</joint><joint name="LAnkleRoll">-0.131881965203</joint><joint name="RAnklePitch">0.0997520244697</joint><joint name="LKneePitch">-0.0920820005389</joint><joint name="LHipRoll">0.095149940298</joint><joint name="RAnkleRoll">0.13043194566</joint><joint name="LElbowRoll">-0.423341827376</joint><joint name="RElbowRoll">0.418823169943</joint><joint name="RHipRoll">-0.0904640803223</joint></state></actuators><speed>adjusted_norm</speed></robot>