<robot name="nao"><emotion name="neutral" /><repeat>0</repeat><actuators><state><joint name="LShoulderRoll">0.181990717093</joint><joint name="LHipPitch">0.123473666998</joint><joint name="LElbowYaw">-1.19478084742</joint><joint name="LAnklePitch">0.0899999972742</joint><joint name="LWristYaw">0.102666026189</joint><joint name="RShoulderRoll">-0.183146125058</joint><joint name="RWristYaw">0.0989917590475</joint><joint name="HeadYaw">0.00915501987158</joint><joint name="RHipPitch">0.12352567781</joint><joint name="HeadPitch">-0.171902539484</joint><joint name="RElbowYaw">1.20309908663</joint><joint name="RHand">0.304283</joint><joint name="LElbowRoll">-0.416707830889</joint><joint name="RKneePitch">-0.0820257624548</joint><joint name="LShoulderPitch">1.47206654167</joint><joint name="RHipYawPitch">-0.171811782363</joint><joint name="LHand">0.2918</joint><joint name="LHipYawPitch">-0.171811782363</joint><joint name="LAnkleRoll">-0.136520875821</joint><joint name="RAnklePitch">0.0865418018943</joint><joint name="LKneePitch">-0.0836853960405</joint><joint name="LHipRoll">0.098358379062</joint><joint name="RAnkleRoll">0.122617408467</joint><joint name="RShoulderPitch">1.46927925085</joint><joint name="RElbowRoll">0.411953554007</joint><joint name="RHipRoll">-0.100000035756</joint></state><state><joint name="LShoulderRoll">0.513126800086</joint><joint name="LHipPitch">-1.20672588082</joint><joint name="LElbowYaw">-0.68242373753</joint><joint name="LAnklePitch">-0.83138060787</joint><joint name="LWristYaw">0.118682389136</joint><joint name="RShoulderRoll">-0.513126800086</joint><joint name="RWristYaw">-0.118682389136</joint><joint name="HeadYaw">-0.00464391971383</joint><joint name="RHipPitch">-1.29234998859</joint><joint name="HeadPitch">-0.382227106187</joint><joint name="RElbowYaw">0.68242373753</joint><joint name="RHand">0.0</joint><joint name="LElbowRoll">-1.41546202337</joint><joint name="RKneePitch">2.02496590475</joint><joint name="LShoulderPitch">0.35704375041</joint><joint name="RHipYawPitch">-1.04049199621</joint><joint name="LHand">0.0</joint><joint name="LHipYawPitch">-1.04049199621</joint><joint name="LAnkleRoll">-0.0232526725585</joint><joint name="RAnklePitch">-0.769695436117</joint><joint name="LKneePitch">2.02425031976</joint><joint name="LHipRoll">-0.326580773645</joint><joint name="RAnkleRoll">0.00426918007013</joint><joint name="RShoulderPitch">0.388190896241</joint><joint name="RElbowRoll">1.41546202337</joint><joint name="RHipRoll">0.312536109155</joint></state><state><joint name="LShoulderRoll">-0.0337899233845</joint><joint name="LHipPitch">-1.20672588082</joint><joint name="LElbowYaw">-1.53938040026</joint><joint name="LAnklePitch">-0.83138060787</joint><joint name="LWristYaw">0.254818070791</joint><joint name="RShoulderRoll">0.0521139606682</joint><joint name="RWristYaw">-0.254818070791</joint><joint name="HeadYaw">-0.00464391971383</joint><joint name="RHipPitch">-1.29234998859</joint><joint name="HeadPitch">-0.671951762018</joint><joint name="RElbowYaw">1.53938040026</joint><joint name="RHand">0.57</joint><joint name="LElbowRoll">-0.209439510239</joint><joint name="RKneePitch">2.02496590475</joint><joint name="LShoulderPitch">0.35704375041</joint><joint name="RHipYawPitch">-1.04049199621</joint><joint name="LHand">0.57</joint><joint name="LHipYawPitch">-1.04049199621</joint><joint name="LAnkleRoll">-0.0232526725585</joint><joint name="RAnklePitch">-0.769695436117</joint><joint name="LKneePitch">2.02425031976</joint><joint name="LHipRoll">-0.326580773645</joint><joint name="RAnkleRoll">0.00426918007013</joint><joint name="RShoulderPitch">0.388190896241</joint><joint name="RElbowRoll">0.209439510239</joint><joint name="RHipRoll">0.312536109155</joint></state><state><joint name="LShoulderRoll">-0.0259645651502</joint><joint name="LHipPitch">-1.2198455208</joint><joint name="LElbowYaw">-1.13745899879</joint><joint name="LAnklePitch">-0.882653145306</joint><joint name="LWristYaw">0.68144286249</joint><joint name="RShoulderRoll">0.0494313896079</joint><joint name="RWristYaw">-0.92359333357</joint><joint name="HeadYaw">-0.00464391971383</joint><joint name="RHipPitch">-1.3056860494</joint><joint name="HeadPitch">-0.357464374759</joint><joint name="RElbowYaw">1.5191921768</joint><joint name="RHand">0.0</joint><joint name="LElbowRoll">-0.223560969217</joint><joint name="RKneePitch">2.10846245616</joint><joint name="LShoulderPitch">0.274381466377</joint><joint name="RHipYawPitch">-1.09707033457</joint><joint name="LHand">0.0</joint><joint name="LHipYawPitch">-1.09707033457</joint><joint name="LAnkleRoll">-0.00515050152922</joint><joint name="RAnklePitch">-0.81973751643</joint><joint name="LKneePitch">2.10842754958</joint><joint name="LHipRoll">-0.376971919809</joint><joint name="RAnkleRoll">-0.0129237616853</joint><joint name="RShoulderPitch">0.390264347392</joint><joint name="RElbowRoll">0.0909023324975</joint><joint name="RHipRoll">0.347512507365</joint></state><state><joint name="LShoulderRoll">-0.0583337905236</joint><joint name="LHipPitch">-1.53588974176</joint><joint name="LElbowYaw">-1.05389961552</joint><joint name="LAnklePitch">-0.279229991039</joint><joint name="LWristYaw">0.751617315725</joint><joint name="RShoulderRoll">0.246932673231</joint><joint name="RWristYaw">-1.04009406114</joint><joint name="HeadYaw">0.0122299234945</joint><joint name="RHipPitch">-1.52483831693</joint><joint name="HeadPitch">-0.224006028176</joint><joint name="RElbowYaw">1.48640442147</joint><joint name="RHand">0.07</joint><joint name="LElbowRoll">-0.528834763354</joint><joint name="RKneePitch">2.10469254498</joint><joint name="LShoulderPitch">0.312389501497</joint><joint name="RHipYawPitch">-1.05228169531</joint><joint name="LHand">0.054</joint><joint name="LHipYawPitch">-1.05228169531</joint><joint name="LAnkleRoll">-0.0751240324607</joint><joint name="RAnklePitch">-0.627363835617</joint><joint name="LKneePitch">1.88677073458</joint><joint name="LHipRoll">-0.322098768126</joint><joint name="RAnkleRoll">-0.0275700935291</joint><joint name="RShoulderPitch">0.727158271588</joint><joint name="RElbowRoll">0.199461462906</joint><joint name="RHipRoll">0.274627557801</joint></state><state><joint name="LShoulderRoll">-0.0767419526773</joint><joint name="LHipPitch">-1.53588974176</joint><joint name="LElbowYaw">-1.04776303787</joint><joint name="LAnklePitch">-0.279229991039</joint><joint name="LWristYaw">0.733209328104</joint><joint name="RShoulderRoll">-0.0138480706039</joint><joint name="RWristYaw">-1.17815484096</joint><joint name="HeadYaw">0.0122299234945</joint><joint name="RHipPitch">-1.52483831693</joint><joint name="HeadPitch">-0.199461462906</joint><joint name="RElbowYaw">1.46799643385</joint><joint name="RHand">0.3724</joint><joint name="LElbowRoll">-0.916297857297</joint><joint name="RKneePitch">2.10469254498</joint><joint name="LShoulderPitch">0.32006022356</joint><joint name="RHipYawPitch">-1.05228169531</joint><joint name="LHand">0.0552</joint><joint name="LHipYawPitch">-1.05228169531</joint><joint name="LAnkleRoll">-0.0751240324607</joint><joint name="RAnklePitch">-0.627363835617</joint><joint name="LKneePitch">1.88677073458</joint><joint name="LHipRoll">-0.322098768126</joint><joint name="RAnkleRoll">-0.0275700935291</joint><joint name="RShoulderPitch">0.642787310217</joint><joint name="RElbowRoll">0.0349065850399</joint><joint name="RHipRoll">0.274627557801</joint></state><state><joint name="LShoulderRoll">0.698915353632</joint><joint name="LHipPitch">-1.53088937345</joint><joint name="LElbowYaw">-1.04776303787</joint><joint name="LAnklePitch">-0.101285994349</joint><joint name="LWristYaw">-0.128708433024</joint><joint name="RShoulderRoll">-0.422978798892</joint><joint name="RWristYaw">0.649067004866</joint><joint name="HeadYaw">-0.000245798209217</joint><joint name="RHipPitch">-1.28860276669</joint><joint name="HeadPitch">-0.289724655831</joint><joint name="RElbowYaw">1.46799643385</joint><joint name="RHand">0.00387714</joint><joint name="LElbowRoll">-0.916297857297</joint><joint name="RKneePitch">2.10315665524</joint><joint name="LShoulderPitch">0.327896751901</joint><joint name="RHipYawPitch">-1.05381583972</joint><joint name="LHand">0.01456</joint><joint name="LHipYawPitch">-1.05381583972</joint><joint name="LAnkleRoll">0.25008473786</joint><joint name="RAnklePitch">-0.443283959409</joint><joint name="LKneePitch">1.96962151417</joint><joint name="LHipRoll">-0.277612070822</joint><joint name="RAnkleRoll">-0.0966001343735</joint><joint name="RShoulderPitch">0.264653001126</joint><joint name="RElbowRoll">0.0349065850399</joint><joint name="RHipRoll">0.257753714593</joint></state><state><joint name="LShoulderRoll">0.698915353632</joint><joint name="LHipPitch">-1.53088937345</joint><joint name="LElbowYaw">-0.576216961887</joint><joint name="LAnklePitch">-0.101285994349</joint><joint name="LWristYaw">-0.128708433024</joint><joint name="RShoulderRoll">-0.422978798892</joint><joint name="RWristYaw">0.649067004866</joint><joint name="HeadYaw">-0.000245798209217</joint><joint name="RHipPitch">-1.28860276669</joint><joint name="HeadPitch">-0.289724655831</joint><joint name="RElbowYaw">0.284183235456</joint><joint name="RHand">0.00387714</joint><joint name="LElbowRoll">-1.02718735132</joint><joint name="RKneePitch">2.10315665524</joint><joint name="LShoulderPitch">0.327896751901</joint><joint name="RHipYawPitch">-1.05381583972</joint><joint name="LHand">0.01456</joint><joint name="LHipYawPitch">-1.05381583972</joint><joint name="LAnkleRoll">0.25008473786</joint><joint name="RAnklePitch">-0.443283959409</joint><joint name="LKneePitch">1.96962151417</joint><joint name="LHipRoll">-0.277612070822</joint><joint name="RAnkleRoll">-0.0966001343735</joint><joint name="RShoulderPitch">0.264653001126</joint><joint name="RElbowRoll">0.821880780752</joint><joint name="RHipRoll">0.257753714593</joint></state><state><joint name="LShoulderRoll">0.456480393884</joint><joint name="LHipPitch">-1.53088937345</joint><joint name="LElbowYaw">-0.576216961887</joint><joint name="LAnklePitch">-0.101285994349</joint><joint name="LWristYaw">-0.651568061684</joint><joint name="RShoulderRoll">-0.853464258896</joint><joint name="RWristYaw">0.649067004866</joint><joint name="HeadYaw">-0.000245798209217</joint><joint name="RHipPitch">-1.28860276669</joint><joint name="HeadPitch">-0.289724655831</joint><joint name="RElbowYaw">0.284183235456</joint><joint name="RHand">0.410699</joint><joint name="LElbowRoll">-1.02718735132</joint><joint name="RKneePitch">2.10315665524</joint><joint name="LShoulderPitch">-0.0186479703929</joint><joint name="RHipYawPitch">-1.05381583972</joint><joint name="LHand">0.00396501</joint><joint name="LHipYawPitch">-1.05381583972</joint><joint name="LAnkleRoll">0.25008473786</joint><joint name="RAnklePitch">-0.443283959409</joint><joint name="LKneePitch">1.96962151417</joint><joint name="LHipRoll">-0.277612070822</joint><joint name="RAnkleRoll">-0.0966001343735</joint><joint name="RShoulderPitch">0.611198596085</joint><joint name="RElbowRoll">0.821880780752</joint><joint name="RHipRoll">0.257753714593</joint></state><state><joint name="LShoulderRoll">0.456480393884</joint><joint name="LHipPitch">-1.53088937345</joint><joint name="LElbowYaw">-0.277439283226</joint><joint name="LAnklePitch">-0.101285994349</joint><joint name="LWristYaw">-0.651568061684</joint><joint name="RShoulderRoll">-0.853464258896</joint><joint name="RWristYaw">0.649067004866</joint><joint name="HeadYaw">0.0109324457285</joint><joint name="RHipPitch">-1.28860276669</joint><joint name="HeadPitch">-0.232587812109</joint><joint name="RElbowYaw">0.284183235456</joint><joint name="RHand">0.410699</joint><joint name="LElbowRoll">-1.54382575386</joint><joint name="RKneePitch">2.10315665524</joint><joint name="LShoulderPitch">-0.0186479703929</joint><joint name="RHipYawPitch">-1.05381583972</joint><joint name="LHand">0.00396501</joint><joint name="LHipYawPitch">-1.05381583972</joint><joint name="LAnkleRoll">0.25008473786</joint><joint name="RAnklePitch">-0.443283959409</joint><joint name="LKneePitch">1.96962151417</joint><joint name="LHipRoll">-0.277612070822</joint><joint name="RAnkleRoll">-0.0966001343735</joint><joint name="RShoulderPitch">0.611198596085</joint><joint name="RElbowRoll">1.20772944514</joint><joint name="RHipRoll">0.257753714593</joint></state><state><joint name="LShoulderRoll">0.861218756763</joint><joint name="LHipPitch">-1.53088937345</joint><joint name="LElbowYaw">-0.277439283226</joint><joint name="LAnklePitch">-0.101285994349</joint><joint name="LWristYaw">-0.651568061684</joint><joint name="RShoulderRoll">-0.456504828493</joint><joint name="RWristYaw">0.649067004866</joint><joint name="HeadYaw">0.0109324457285</joint><joint name="RHipPitch">-1.28860276669</joint><joint name="HeadPitch">-0.232587812109</joint><joint name="RElbowYaw">0.284183235456</joint><joint name="RHand">0.00173999</joint><joint name="LElbowRoll">-1.54382575386</joint><joint name="RKneePitch">2.10315665524</joint><joint name="LShoulderPitch">0.33760601853</joint><joint name="RHipYawPitch">-1.05381583972</joint><joint name="LHand">0.510166</joint><joint name="LHipYawPitch">-1.05381583972</joint><joint name="LAnkleRoll">0.25008473786</joint><joint name="RAnklePitch">-0.443283959409</joint><joint name="LKneePitch">1.96962151417</joint><joint name="LHipRoll">-0.277612070822</joint><joint name="RAnkleRoll">-0.0966001343735</joint><joint name="RShoulderPitch">0.254943734497</joint><joint name="RElbowRoll">1.20772944514</joint><joint name="RHipRoll">0.257753714593</joint></state><state><joint name="LShoulderRoll">0.861218756763</joint><joint name="LHipPitch">-1.53088937345</joint><joint name="LElbowYaw">-0.277439283226</joint><joint name="LAnklePitch">-0.101285994349</joint><joint name="LWristYaw">-0.651568061684</joint><joint name="RShoulderRoll">-0.456504828493</joint><joint name="RWristYaw">0.649067004866</joint><joint name="HeadYaw">-0.000245798209217</joint><joint name="RHipPitch">-1.28860276669</joint><joint name="HeadPitch">-0.289724655831</joint><joint name="RElbowYaw">0.284183235456</joint><joint name="RHand">0.00173999</joint><joint name="LElbowRoll">-1.07589250943</joint><joint name="RKneePitch">2.10315665524</joint><joint name="LShoulderPitch">0.33760601853</joint><joint name="RHipYawPitch">-1.05381583972</joint><joint name="LHand">0.510166</joint><joint name="LHipYawPitch">-1.05381583972</joint><joint name="LAnkleRoll">0.25008473786</joint><joint name="RAnklePitch">-0.443283959409</joint><joint name="LKneePitch">1.96962151417</joint><joint name="LHipRoll">-0.277612070822</joint><joint name="RAnkleRoll">-0.0966001343735</joint><joint name="RShoulderPitch">0.254943734497</joint><joint name="RElbowRoll">1.54431270073</joint><joint name="RHipRoll">0.257753714593</joint></state><state><joint name="LShoulderRoll">0.46428201564</joint><joint name="LHipPitch">-1.28391655764</joint><joint name="LElbowYaw">-0.277439283226</joint><joint name="LAnklePitch">-0.302240411897</joint><joint name="LWristYaw">-0.651568061684</joint><joint name="RShoulderRoll">-0.853441569616</joint><joint name="RWristYaw">0.649067004866</joint><joint name="HeadYaw">-0.000245798209217</joint><joint name="RHipPitch">-1.00941466355</joint><joint name="HeadPitch">-0.289724655831</joint><joint name="RElbowYaw">0.284183235456</joint><joint name="RHand">0.410699</joint><joint name="LElbowRoll">-1.07589250943</joint><joint name="RKneePitch">1.83163578351</joint><joint name="LShoulderPitch">-0.0184086857525</joint><joint name="RHipYawPitch">-0.975581456</joint><joint name="LHand">0.0</joint><joint name="LHipYawPitch">-0.975581456</joint><joint name="LAnkleRoll">0.23781158256</joint><joint name="RAnklePitch">-0.490837200209</joint><joint name="LKneePitch">1.82849419085</joint><joint name="LHipRoll">-0.253067505551</joint><joint name="RAnkleRoll">-0.0873961405631</joint><joint name="RShoulderPitch">0.610959485978</joint><joint name="RElbowRoll">1.54431270073</joint><joint name="RHipRoll">0.274627557801</joint></state><state><joint name="LShoulderRoll">0.46428201564</joint><joint name="LHipPitch">-1.28391655764</joint><joint name="LElbowYaw">-0.277439283226</joint><joint name="LAnklePitch">-0.302240411897</joint><joint name="LWristYaw">-0.651568061684</joint><joint name="RShoulderRoll">-0.853441569616</joint><joint name="RWristYaw">0.649067004866</joint><joint name="HeadYaw">0.0109324457285</joint><joint name="RHipPitch">-1.00941466355</joint><joint name="HeadPitch">-0.232587812109</joint><joint name="RElbowYaw">0.284183235456</joint><joint name="RHand">0.410699</joint><joint name="LElbowRoll">-1.54357966244</joint><joint name="RKneePitch">1.83163578351</joint><joint name="LShoulderPitch">-0.0184086857525</joint><joint name="RHipYawPitch">-0.975581456</joint><joint name="LHand">0.0</joint><joint name="LHipYawPitch">-0.975581456</joint><joint name="LAnkleRoll">0.23781158256</joint><joint name="RAnklePitch">-0.490837200209</joint><joint name="LKneePitch">1.82849419085</joint><joint name="LHipRoll">-0.253067505551</joint><joint name="RAnkleRoll">-0.0873961405631</joint><joint name="RShoulderPitch">0.610959485978</joint><joint name="RElbowRoll">1.21429711911</joint><joint name="RHipRoll">0.274627557801</joint></state><state><joint name="LShoulderRoll">0.861218756763</joint><joint name="LHipPitch">-1.28391655764</joint><joint name="LElbowYaw">-0.277439283226</joint><joint name="LAnklePitch">-0.302240411897</joint><joint name="LWristYaw">-0.651568061684</joint><joint name="RShoulderRoll">-0.456504828493</joint><joint name="RWristYaw">0.649067004866</joint><joint name="HeadYaw">0.0109324457285</joint><joint name="RHipPitch">-1.00941466355</joint><joint name="HeadPitch">-0.232587812109</joint><joint name="RElbowYaw">0.284183235456</joint><joint name="RHand">0.00101498</joint><joint name="LElbowRoll">-1.54357966244</joint><joint name="RKneePitch">1.83163578351</joint><joint name="LShoulderPitch">0.33760601853</joint><joint name="RHipYawPitch">-0.975581456</joint><joint name="LHand">0.510166</joint><joint name="LHipYawPitch">-0.975581456</joint><joint name="LAnkleRoll">0.23781158256</joint><joint name="RAnklePitch">-0.490837200209</joint><joint name="LKneePitch">1.82849419085</joint><joint name="LHipRoll">-0.253067505551</joint><joint name="RAnkleRoll">-0.0873961405631</joint><joint name="RShoulderPitch">0.254943734497</joint><joint name="RElbowRoll">1.21429711911</joint><joint name="RHipRoll">0.274627557801</joint></state><state><joint name="LShoulderRoll">0.861218756763</joint><joint name="LHipPitch">-1.28391655764</joint><joint name="LElbowYaw">-0.277439283226</joint><joint name="LAnklePitch">-0.302240411897</joint><joint name="LWristYaw">-0.651568061684</joint><joint name="RShoulderRoll">-0.456504828493</joint><joint name="RWristYaw">0.649067004866</joint><joint name="HeadYaw">-0.000245798209217</joint><joint name="RHipPitch">-1.00941466355</joint><joint name="HeadPitch">-0.289724655831</joint><joint name="RElbowYaw">0.284183235456</joint><joint name="RHand">0.00101498</joint><joint name="LElbowRoll">-1.07589250943</joint><joint name="RKneePitch">1.83163578351</joint><joint name="LShoulderPitch">0.33760601853</joint><joint name="RHipYawPitch">-0.975581456</joint><joint name="LHand">0.510166</joint><joint name="LHipYawPitch">-0.975581456</joint><joint name="LAnkleRoll">0.23781158256</joint><joint name="RAnklePitch">-0.490837200209</joint><joint name="LKneePitch">1.82849419085</joint><joint name="LHipRoll">-0.253067505551</joint><joint name="RAnkleRoll">-0.0873961405631</joint><joint name="RShoulderPitch">0.254943734497</joint><joint name="RElbowRoll">1.54421670762</joint><joint name="RHipRoll">0.274627557801</joint></state><state><joint name="LShoulderRoll">0.46218238455</joint><joint name="LHipPitch">-1.28391655764</joint><joint name="LElbowYaw">-0.277439283226</joint><joint name="LAnklePitch">-0.302240411897</joint><joint name="LWristYaw">-0.651568061684</joint><joint name="RShoulderRoll">-0.855541200706</joint><joint name="RWristYaw">0.649067004866</joint><joint name="HeadYaw">-0.000245798209217</joint><joint name="RHipPitch">-1.00941466355</joint><joint name="HeadPitch">-0.289724655831</joint><joint name="RElbowYaw">0.284183235456</joint><joint name="RHand">0.410699</joint><joint name="LElbowRoll">-1.07589250943</joint><joint name="RKneePitch">1.83163578351</joint><joint name="LShoulderPitch">-0.0159247506143</joint><joint name="RHipYawPitch">-0.975581456</joint><joint name="LHand">0.00607498</joint><joint name="LHipYawPitch">-0.975581456</joint><joint name="LAnkleRoll">0.23781158256</joint><joint name="RAnklePitch">-0.490837200209</joint><joint name="LKneePitch">1.82849419085</joint><joint name="LHipRoll">-0.253067505551</joint><joint name="RAnkleRoll">-0.0873961405631</joint><joint name="RShoulderPitch">0.608475882452</joint><joint name="RElbowRoll">1.54421670762</joint><joint name="RHipRoll">0.274627557801</joint></state><state><joint name="LShoulderRoll">0.46218238455</joint><joint name="LHipPitch">-1.28391655764</joint><joint name="LElbowYaw">-0.277439283226</joint><joint name="LAnklePitch">-0.302240411897</joint><joint name="LWristYaw">-0.651568061684</joint><joint name="RShoulderRoll">-0.855541200706</joint><joint name="RWristYaw">0.649067004866</joint><joint name="HeadYaw">0.0109324457285</joint><joint name="RHipPitch">-1.00941466355</joint><joint name="HeadPitch">-0.232587812109</joint><joint name="RElbowYaw">0.284183235456</joint><joint name="RHand">0.410699</joint><joint name="LElbowRoll">-1.53530331113</joint><joint name="RKneePitch">1.83163578351</joint><joint name="LShoulderPitch">-0.0159247506143</joint><joint name="RHipYawPitch">-0.975581456</joint><joint name="LHand">0.00607498</joint><joint name="LHipYawPitch">-0.975581456</joint><joint name="LAnkleRoll">0.23781158256</joint><joint name="RAnklePitch">-0.490837200209</joint><joint name="LKneePitch">1.82849419085</joint><joint name="LHipRoll">-0.253067505551</joint><joint name="RAnkleRoll">-0.0873961405631</joint><joint name="RShoulderPitch">0.608475882452</joint><joint name="RElbowRoll">1.21660095372</joint><joint name="RHipRoll">0.274627557801</joint></state><state><joint name="LShoulderRoll">0.853441569616</joint><joint name="LHipPitch">-1.28391655764</joint><joint name="LElbowYaw">-0.277439283226</joint><joint name="LAnklePitch">-0.302240411897</joint><joint name="LWristYaw">-0.651568061684</joint><joint name="RShoulderRoll">-0.46428201564</joint><joint name="RWristYaw">0.649067004866</joint><joint name="HeadYaw">0.0109324457285</joint><joint name="RHipPitch">-1.00941466355</joint><joint name="HeadPitch">-0.232587812109</joint><joint name="RElbowYaw">0.284183235456</joint><joint name="RHand">0.00850497</joint><joint name="LElbowRoll">-1.53530331113</joint><joint name="RKneePitch">1.83163578351</joint><joint name="LShoulderPitch">0.335150340273</joint><joint name="RHipYawPitch">-0.975581456</joint><joint name="LHand">0.510166</joint><joint name="LHipYawPitch">-0.975581456</joint><joint name="LAnkleRoll">0.23781158256</joint><joint name="RAnklePitch">-0.490837200209</joint><joint name="LKneePitch">1.82849419085</joint><joint name="LHipRoll">-0.253067505551</joint><joint name="RAnkleRoll">-0.0873961405631</joint><joint name="RShoulderPitch">0.257399412755</joint><joint name="RElbowRoll">1.21660095372</joint><joint name="RHipRoll">0.274627557801</joint></state><state><joint name="LShoulderRoll">0.853441569616</joint><joint name="LHipPitch">-1.28391655764</joint><joint name="LElbowYaw">-0.277439283226</joint><joint name="LAnklePitch">-0.302240411897</joint><joint name="LWristYaw">-0.651568061684</joint><joint name="RShoulderRoll">-0.46428201564</joint><joint name="RWristYaw">0.649067004866</joint><joint name="HeadYaw">-0.000245798209217</joint><joint name="RHipPitch">-1.00941466355</joint><joint name="HeadPitch">-0.289724655831</joint><joint name="RElbowYaw">0.284183235456</joint><joint name="RHand">0.00850497</joint><joint name="LElbowRoll">-1.07344730315</joint><joint name="RKneePitch">1.83163578351</joint><joint name="LShoulderPitch">0.335150340273</joint><joint name="RHipYawPitch">-0.975581456</joint><joint name="LHand">0.510166</joint><joint name="LHipYawPitch">-0.975581456</joint><joint name="LAnkleRoll">0.23781158256</joint><joint name="RAnklePitch">-0.490837200209</joint><joint name="LKneePitch">1.82849419085</joint><joint name="LHipRoll">-0.253067505551</joint><joint name="RAnkleRoll">-0.0873961405631</joint><joint name="RShoulderPitch">0.257399412755</joint><joint name="RElbowRoll">1.53643952047</joint><joint name="RHipRoll">0.274627557801</joint></state><state><joint name="LShoulderRoll">0.456504828493</joint><joint name="LHipPitch">-1.28391655764</joint><joint name="LElbowYaw">-0.277439283226</joint><joint name="LAnklePitch">-0.302240411897</joint><joint name="LWristYaw">-0.651568061684</joint><joint name="RShoulderRoll">-0.861218756763</joint><joint name="RWristYaw">0.649067004866</joint><joint name="HeadYaw">-0.000245798209217</joint><joint name="RHipPitch">-1.00941466355</joint><joint name="HeadPitch">-0.289724655831</joint><joint name="RElbowYaw">0.284183235456</joint><joint name="RHand">0.410699</joint><joint name="LElbowRoll">-1.07344730315</joint><joint name="RKneePitch">1.83163578351</joint><joint name="LShoulderPitch">-0.0217326653129</joint><joint name="RHipYawPitch">-0.975581456</joint><joint name="LHand">0.00391997</joint><joint name="LHipYawPitch">-0.975581456</joint><joint name="LAnkleRoll">0.23781158256</joint><joint name="RAnklePitch">-0.490837200209</joint><joint name="LKneePitch">1.82849419085</joint><joint name="LHipRoll">-0.253067505551</joint><joint name="RAnkleRoll">-0.0873961405631</joint><joint name="RShoulderPitch">0.614282592873</joint><joint name="RElbowRoll">1.53643952047</joint><joint name="RHipRoll">0.274627557801</joint></state><state><joint name="LShoulderRoll">0.456504828493</joint><joint name="LHipPitch">-1.28391655764</joint><joint name="LElbowYaw">-0.277439283226</joint><joint name="LAnklePitch">-0.302240411897</joint><joint name="LWristYaw">-0.651568061684</joint><joint name="RShoulderRoll">-0.861218756763</joint><joint name="RWristYaw">0.649067004866</joint><joint name="HeadYaw">0.0109324457285</joint><joint name="RHipPitch">-1.00941466355</joint><joint name="HeadPitch">-0.232587812109</joint><joint name="RElbowYaw">0.284183235456</joint><joint name="RHand">0.410699</joint><joint name="LElbowRoll">-1.54150970195</joint><joint name="RKneePitch">1.83163578351</joint><joint name="LShoulderPitch">-0.0217326653129</joint><joint name="RHipYawPitch">-0.975581456</joint><joint name="LHand">0.00391997</joint><joint name="LHipYawPitch">-0.975581456</joint><joint name="LAnkleRoll">0.23781158256</joint><joint name="RAnklePitch">-0.490837200209</joint><joint name="LKneePitch">1.82849419085</joint><joint name="LHipRoll">-0.253067505551</joint><joint name="RAnkleRoll">-0.0873961405631</joint><joint name="RShoulderPitch">0.614282592873</joint><joint name="RElbowRoll">1.22058903107</joint><joint name="RHipRoll">0.274627557801</joint></state><state><joint name="LShoulderRoll">0.853441569616</joint><joint name="LHipPitch">-1.28391655764</joint><joint name="LElbowYaw">-0.277439283226</joint><joint name="LAnklePitch">-0.302240411897</joint><joint name="LWristYaw">-0.651568061684</joint><joint name="RShoulderRoll">-0.46428201564</joint><joint name="RWristYaw">0.649067004866</joint><joint name="HeadYaw">0.0109324457285</joint><joint name="RHipPitch">-1.00941466355</joint><joint name="HeadPitch">-0.232587812109</joint><joint name="RElbowYaw">0.284183235456</joint><joint name="RHand">0.0</joint><joint name="LElbowRoll">-1.54150970195</joint><joint name="RKneePitch">1.83163578351</joint><joint name="LShoulderPitch">0.334335271512</joint><joint name="RHipYawPitch">-0.975581456</joint><joint name="LHand">0.510166</joint><joint name="LHipYawPitch">-0.975581456</joint><joint name="LAnkleRoll">0.23781158256</joint><joint name="RAnklePitch">-0.490837200209</joint><joint name="LKneePitch">1.82849419085</joint><joint name="LHipRoll">-0.253067505551</joint><joint name="RAnkleRoll">-0.0873961405631</joint><joint name="RShoulderPitch">0.258214481516</joint><joint name="RElbowRoll">1.22058903107</joint><joint name="RHipRoll">0.274627557801</joint></state><state><joint name="LShoulderRoll">0.853441569616</joint><joint name="LHipPitch">-1.28391655764</joint><joint name="LElbowYaw">-0.277439283226</joint><joint name="LAnklePitch">-0.302240411897</joint><joint name="LWristYaw">-0.651568061684</joint><joint name="RShoulderRoll">-0.46428201564</joint><joint name="RWristYaw">0.649067004866</joint><joint name="HeadYaw">-0.000245798209217</joint><joint name="RHipPitch">-1.00941466355</joint><joint name="HeadPitch">-0.289724655831</joint><joint name="RElbowYaw">0.284183235456</joint><joint name="RHand">0.0</joint><joint name="LElbowRoll">-1.08346374772</joint><joint name="RKneePitch">1.83163578351</joint><joint name="LShoulderPitch">0.334335271512</joint><joint name="RHipYawPitch">-0.975581456</joint><joint name="LHand">0.510166</joint><joint name="LHipYawPitch">-0.975581456</joint><joint name="LAnkleRoll">0.23781158256</joint><joint name="RAnklePitch">-0.490837200209</joint><joint name="LKneePitch">1.82849419085</joint><joint name="LHipRoll">-0.253067505551</joint><joint name="RAnkleRoll">-0.0873961405631</joint><joint name="RShoulderPitch">0.258214481516</joint><joint name="RElbowRoll">1.53643952047</joint><joint name="RHipRoll">0.274627557801</joint></state><state><joint name="LShoulderRoll">0.46428201564</joint><joint name="LHipPitch">-1.28391655764</joint><joint name="LElbowYaw">-0.277439283226</joint><joint name="LAnklePitch">-0.302240411897</joint><joint name="LWristYaw">-0.651568061684</joint><joint name="RShoulderRoll">-0.853441569616</joint><joint name="RWristYaw">0.649067004866</joint><joint name="HeadYaw">-0.000245798209217</joint><joint name="RHipPitch">-1.00941466355</joint><joint name="HeadPitch">-0.289724655831</joint><joint name="RElbowYaw">0.284183235456</joint><joint name="RHand">0.410699</joint><joint name="LElbowRoll">-1.08346374772</joint><joint name="RKneePitch">1.83163578351</joint><joint name="LShoulderPitch">-0.0173361285673</joint><joint name="RHipYawPitch">-0.975581456</joint><joint name="LHand">0.00728999</joint><joint name="LHipYawPitch">-0.975581456</joint><joint name="LAnkleRoll">0.23781158256</joint><joint name="RAnklePitch">-0.490837200209</joint><joint name="LKneePitch">1.82849419085</joint><joint name="LHipRoll">-0.253067505551</joint><joint name="RAnkleRoll">-0.0873961405631</joint><joint name="RShoulderPitch">0.609886108488</joint><joint name="RElbowRoll">1.53643952047</joint><joint name="RHipRoll">0.274627557801</joint></state><state><joint name="LShoulderRoll">0.46428201564</joint><joint name="LHipPitch">-1.28391655764</joint><joint name="LElbowYaw">-0.277439283226</joint><joint name="LAnklePitch">-0.302240411897</joint><joint name="LWristYaw">-0.651568061684</joint><joint name="RShoulderRoll">-0.853441569616</joint><joint name="RWristYaw">0.649067004866</joint><joint name="HeadYaw">0.0109324457285</joint><joint name="RHipPitch">-1.00941466355</joint><joint name="HeadPitch">-0.232587812109</joint><joint name="RElbowYaw">0.284183235456</joint><joint name="RHand">0.410699</joint><joint name="LElbowRoll">-1.54357966244</joint><joint name="RKneePitch">1.83163578351</joint><joint name="LShoulderPitch">-0.0173361285673</joint><joint name="RHipYawPitch">-0.975581456</joint><joint name="LHand">0.00728999</joint><joint name="LHipYawPitch">-0.975581456</joint><joint name="LAnkleRoll">0.23781158256</joint><joint name="RAnklePitch">-0.490837200209</joint><joint name="LKneePitch">1.82849419085</joint><joint name="LHipRoll">-0.253067505551</joint><joint name="RAnkleRoll">-0.0873961405631</joint><joint name="RShoulderPitch">0.609886108488</joint><joint name="RElbowRoll">1.21529195679</joint><joint name="RHipRoll">0.274627557801</joint></state><state><joint name="LShoulderRoll">0.788876604597</joint><joint name="LHipPitch">-1.28391655764</joint><joint name="LElbowYaw">-0.277439283226</joint><joint name="LAnklePitch">-0.302240411897</joint><joint name="LWristYaw">-0.651568061684</joint><joint name="RShoulderRoll">-0.528846980659</joint><joint name="RWristYaw">0.649067004866</joint><joint name="HeadYaw">0.0109324457285</joint><joint name="RHipPitch">-1.00941466355</joint><joint name="HeadPitch">-0.232587812109</joint><joint name="RElbowYaw">0.284183235456</joint><joint name="RHand">0.0103306</joint><joint name="LElbowRoll">-1.54357966244</joint><joint name="RKneePitch">1.83163578351</joint><joint name="LShoulderPitch">0.254512638172</joint><joint name="RHipYawPitch">-0.975581456</joint><joint name="LHand">0.114844</joint><joint name="LHipYawPitch">-0.975581456</joint><joint name="LAnkleRoll">0.23781158256</joint><joint name="RAnklePitch">-0.490837200209</joint><joint name="LKneePitch">1.82849419085</joint><joint name="LHipRoll">-0.253067505551</joint><joint name="RAnkleRoll">-0.0873961405631</joint><joint name="RShoulderPitch">0.31963959921</joint><joint name="RElbowRoll">1.21529195679</joint><joint name="RHipRoll">0.274627557801</joint></state><state><joint name="LShoulderRoll">0.788876604597</joint><joint name="LHipPitch">-1.28391655764</joint><joint name="LElbowYaw">-0.277439283226</joint><joint name="LAnklePitch">-0.302240411897</joint><joint name="LWristYaw">-0.651568061684</joint><joint name="RShoulderRoll">-0.528846980659</joint><joint name="RWristYaw">0.649067004866</joint><joint name="HeadYaw">-0.000245798209217</joint><joint name="RHipPitch">-1.00941466355</joint><joint name="HeadPitch">-0.289724655831</joint><joint name="RElbowYaw">0.284183235456</joint><joint name="RHand">0.0103306</joint><joint name="LElbowRoll">-1.16638434049</joint><joint name="RKneePitch">1.83163578351</joint><joint name="LShoulderPitch">0.254512638172</joint><joint name="RHipYawPitch">-0.975581456</joint><joint name="LHand">0.114844</joint><joint name="LHipYawPitch">-0.975581456</joint><joint name="LAnkleRoll">0.23781158256</joint><joint name="RAnklePitch">-0.490837200209</joint><joint name="LKneePitch">1.82849419085</joint><joint name="LHipRoll">-0.253067505551</joint><joint name="RAnkleRoll">-0.0873961405631</joint><joint name="RShoulderPitch">0.31963959921</joint><joint name="RElbowRoll">1.32130674621</joint><joint name="RHipRoll">0.274627557801</joint></state><state><joint name="LShoulderRoll">0.0951899083379</joint><joint name="LHipPitch">-1.41277247099</joint><joint name="LElbowYaw">-0.277439283226</joint><joint name="LAnklePitch">-0.37587236238</joint><joint name="LWristYaw">0.258184810918</joint><joint name="RShoulderRoll">0.0674714618224</joint><joint name="RWristYaw">-0.351729222837</joint><joint name="HeadYaw">-0.000245798209217</joint><joint name="RHipPitch">-1.10452114515</joint><joint name="HeadPitch">-0.289724655831</joint><joint name="RElbowYaw">0.284183235456</joint><joint name="RHand">0.157731</joint><joint name="LElbowRoll">-1.16638434049</joint><joint name="RKneePitch">1.95434988321</joint><joint name="LShoulderPitch">0.529105289388</joint><joint name="RHipYawPitch">-0.949504491645</joint><joint name="LHand">0.304851</joint><joint name="LHipYawPitch">-0.949504491645</joint><joint name="LAnkleRoll">0.211734618206</joint><joint name="RAnklePitch">-0.684121942892</joint><joint name="LKneePitch">1.92359718179</joint><joint name="LHipRoll">-0.280680359647</joint><joint name="RAnkleRoll">-0.081259911979</joint><joint name="RShoulderPitch">0.513625964252</joint><joint name="RElbowRoll">1.32130674621</joint><joint name="RHipRoll">0.268492725481</joint></state><state><joint name="LShoulderRoll">0.0951899083379</joint><joint name="LHipPitch">-1.41277247099</joint><joint name="LElbowYaw">-0.632643456604</joint><joint name="LAnklePitch">-0.37587236238</joint><joint name="LWristYaw">0.258184810918</joint><joint name="RShoulderRoll">0.0674714618224</joint><joint name="RWristYaw">-0.351729222837</joint><joint name="HeadYaw">0.0</joint><joint name="RHipPitch">-1.10452114515</joint><joint name="HeadPitch">-0.55451204731</joint><joint name="RElbowYaw">0.587325982576</joint><joint name="RHand">0.157731</joint><joint name="LElbowRoll">-0.0441372823878</joint><joint name="RKneePitch">1.95434988321</joint><joint name="LShoulderPitch">0.529105289388</joint><joint name="RHipYawPitch">-0.949504491645</joint><joint name="LHand">0.304851</joint><joint name="LHipYawPitch">-0.949504491645</joint><joint name="LAnkleRoll">0.211734618206</joint><joint name="RAnklePitch">-0.684121942892</joint><joint name="LKneePitch">1.92359718179</joint><joint name="LHipRoll">-0.280680359647</joint><joint name="RAnkleRoll">-0.081259911979</joint><joint name="RShoulderPitch">0.513625964252</joint><joint name="RElbowRoll">0.04471795343</joint><joint name="RHipRoll">0.268492725481</joint></state><state><joint name="LShoulderRoll">-0.0337899233845</joint><joint name="LHipPitch">-1.22869259478</joint><joint name="LElbowYaw">-0.632643456604</joint><joint name="LAnklePitch">-0.885159438112</joint><joint name="LWristYaw">0.756219748963</joint><joint name="RShoulderRoll">0.0521139606682</joint><joint name="RWristYaw">-1.04009406114</joint><joint name="HeadYaw">-0.00464391971383</joint><joint name="RHipPitch">-1.31467973104</joint><joint name="HeadPitch">-0.49043751981</joint><joint name="RElbowYaw">0.587325982576</joint><joint name="RHand">0.3744</joint><joint name="LElbowRoll">-0.0441372823878</joint><joint name="RKneePitch">2.11254652661</joint><joint name="LShoulderPitch">0.270971093018</joint><joint name="RHipYawPitch">-1.09983668144</joint><joint name="LHand">0.0492001</joint><joint name="LHipYawPitch">-1.09983668144</joint><joint name="LAnkleRoll">0.0</joint><joint name="RAnklePitch">-0.822182722712</joint><joint name="LKneePitch">2.11254652661</joint><joint name="LHipRoll">-0.379434579384</joint><joint name="RAnkleRoll">-0.0137641377201</joint><joint name="RShoulderPitch">0.392746205589</joint><joint name="RElbowRoll">0.04471795343</joint><joint name="RHipRoll">0.357464374759</joint></state><state><joint name="LShoulderRoll">-0.0337899233845</joint><joint name="LHipPitch">-1.22869259478</joint><joint name="LElbowYaw">-1.0508313267</joint><joint name="LAnklePitch">-0.885159438112</joint><joint name="LWristYaw">0.756219748963</joint><joint name="RShoulderRoll">0.0521139606682</joint><joint name="RWristYaw">-1.04009406114</joint><joint name="HeadYaw">-0.00464391971383</joint><joint name="RHipPitch">-1.31467973104</joint><joint name="HeadPitch">-0.49043751981</joint><joint name="RElbowYaw">1.48793856589</joint><joint name="RHand">0.3744</joint><joint name="LElbowRoll">-0.301941960595</joint><joint name="RKneePitch">2.11254652661</joint><joint name="LShoulderPitch">0.270971093018</joint><joint name="RHipYawPitch">-1.09983668144</joint><joint name="LHand">0.0492001</joint><joint name="LHipYawPitch">-1.09983668144</joint><joint name="LAnkleRoll">0.0</joint><joint name="RAnklePitch">-0.822182722712</joint><joint name="LKneePitch">2.11254652661</joint><joint name="LHipRoll">-0.379434579384</joint><joint name="RAnkleRoll">-0.0137641377201</joint><joint name="RShoulderPitch">0.392746205589</joint><joint name="RElbowRoll">0.137881010908</joint><joint name="RHipRoll">0.357464374759</joint></state><state><joint name="LShoulderRoll">-0.0337899233845</joint><joint name="LHipPitch">-1.22869259478</joint><joint name="LElbowYaw">-1.0508313267</joint><joint name="LAnklePitch">-0.885159438112</joint><joint name="LWristYaw">0.756219748963</joint><joint name="RShoulderRoll">0.0521139606682</joint><joint name="RWristYaw">-1.04009406114</joint><joint name="HeadYaw">-0.00464391971383</joint><joint name="RHipPitch">-1.31467973104</joint><joint name="HeadPitch">-0.671951762018</joint><joint name="RElbowYaw">1.48793856589</joint><joint name="RHand">0.3744</joint><joint name="LElbowRoll">-0.184037988306</joint><joint name="RKneePitch">2.11254652661</joint><joint name="LShoulderPitch">0.270971093018</joint><joint name="RHipYawPitch">-1.09983668144</joint><joint name="LHand">0.0492001</joint><joint name="LHipYawPitch">-1.09983668144</joint><joint name="LAnkleRoll">0.0</joint><joint name="RAnklePitch">-0.822182722712</joint><joint name="LKneePitch">2.11254652661</joint><joint name="LHipRoll">-0.379434579384</joint><joint name="RAnkleRoll">-0.0137641377201</joint><joint name="RShoulderPitch">0.392746205589</joint><joint name="RElbowRoll">0.0349065850399</joint><joint name="RHipRoll">0.357464374759</joint></state><state><joint name="LShoulderRoll">-0.0552658507644</joint><joint name="LHipPitch">-1.53588974176</joint><joint name="LElbowYaw">-1.06617277082</joint><joint name="LAnklePitch">-0.279229991039</joint><joint name="LWristYaw">0.751617315725</joint><joint name="RShoulderRoll">0.0643860687707</joint><joint name="RWristYaw">-1.04316234997</joint><joint name="HeadYaw">-4.19617294752e-05</joint><joint name="RHipPitch">-1.52483831693</joint><joint name="HeadPitch">-0.242414015797</joint><joint name="RElbowYaw">1.47106472268</joint><joint name="RHand">0.3644</joint><joint name="LElbowRoll">-0.182503843893</joint><joint name="RKneePitch">2.10469254498</joint><joint name="LShoulderPitch">0.281710103906</joint><joint name="RHipYawPitch">-1.05228169531</joint><joint name="LHand">0.054</joint><joint name="LHipYawPitch">-1.05228169531</joint><joint name="LAnkleRoll">-0.0751240324607</joint><joint name="RAnklePitch">-0.627363835617</joint><joint name="LKneePitch">1.88677073458</joint><joint name="LHipRoll">-0.322098768126</joint><joint name="RAnkleRoll">-0.0275700935291</joint><joint name="RShoulderPitch">0.418823169943</joint><joint name="RElbowRoll">0.0349065850399</joint><joint name="RHipRoll">0.274627557801</joint></state><state><joint name="LShoulderRoll">-0.0583337905236</joint><joint name="LHipPitch">-1.52628868554</joint><joint name="LElbowYaw">-0.565486677646</joint><joint name="LAnklePitch">-0.194860774997</joint><joint name="LWristYaw">0.751617315725</joint><joint name="RShoulderRoll">0.246932673231</joint><joint name="RWristYaw">-1.04009406114</joint><joint name="HeadYaw">0.0122299234945</joint><joint name="RHipPitch">-1.34382672955</joint><joint name="HeadPitch">-0.224006028176</joint><joint name="RElbowYaw">1.48640442147</joint><joint name="RHand">0.826</joint><joint name="LElbowRoll">-0.635299847726</joint><joint name="RKneePitch">2.03566477306</joint><joint name="LShoulderPitch">0.312389501497</joint><joint name="RHipYawPitch">-1.07836040499</joint><joint name="LHand">0.054</joint><joint name="LHipYawPitch">-1.07836040499</joint><joint name="LAnkleRoll">0.220937739351</joint><joint name="RAnklePitch">-0.518450054305</joint><joint name="LKneePitch">1.94967240082</joint><joint name="LHipRoll">-0.320564623714</joint><joint name="RAnkleRoll">-0.0689881529424</joint><joint name="RShoulderPitch">0.727158271588</joint><joint name="RElbowRoll">0.199461462906</joint><joint name="RHipRoll">0.263890292243</joint></state><state><joint name="LShoulderRoll">0.405638952773</joint><joint name="LHipPitch">-0.562936751609</joint><joint name="LElbowYaw">-0.868849336252</joint><joint name="LAnklePitch">-0.0460620314869</joint><joint name="LWristYaw">-1.34739418254</joint><joint name="RShoulderRoll">-0.657414914678</joint><joint name="RWristYaw">1.34739418254</joint><joint name="HeadYaw">-0.00990706479297</joint><joint name="RHipPitch">-0.566088816238</joint><joint name="HeadPitch">0.0820304748437</joint><joint name="RElbowYaw">0.868849336252</joint><joint name="RHand">0.67</joint><joint name="LElbowRoll">-0.670766683456</joint><joint name="RKneePitch">0.779313945625</joint><joint name="LShoulderPitch">0.888330701363</joint><joint name="RHipYawPitch">-0.509246933159</joint><joint name="LHand">0.67</joint><joint name="LHipYawPitch">-0.509246933159</joint><joint name="LAnkleRoll">-0.0045599868301</joint><joint name="RAnklePitch">-0.150289952823</joint><joint name="LKneePitch">0.705598219338</joint><joint name="LHipRoll">-0.0490460209091</joint><joint name="RAnkleRoll">0.0138480706039</joint><joint name="RShoulderPitch">1.32505745877</joint><joint name="RElbowRoll">0.645934138858</joint><joint name="RHipRoll">0.0475960013665</joint></state><state><joint name="LShoulderRoll">0.222815713627</joint><joint name="LHipPitch">0.104313093404</joint><joint name="LElbowYaw">-1.18178861646</joint><joint name="LAnklePitch">0.0838433483378</joint><joint name="LWristYaw">-0.0726713212628</joint><joint name="RShoulderRoll">-0.254999585033</joint><joint name="RWristYaw">0.23848877031</joint><joint name="HeadYaw">-0.00990706479297</joint><joint name="RHipPitch">0.102667946051</joint><joint name="HeadPitch">-0.148615134873</joint><joint name="RElbowYaw">1.17557175367</joint><joint name="RHand">0.349675</joint><joint name="LElbowRoll">-0.44468196814</joint><joint name="RKneePitch">-0.0563854794796</joint><joint name="LShoulderPitch">1.39655836224</joint><joint name="RHipYawPitch">-0.18202038769</joint><joint name="LHand">0.33889</joint><joint name="LHipYawPitch">-0.18202038769</joint><joint name="LAnkleRoll">-0.143659970594</joint><joint name="RAnklePitch">0.0767023337032</joint><joint name="LKneePitch">-0.0583856268023</joint><joint name="LHipRoll">0.108258410178</joint><joint name="RAnkleRoll">0.121457462646</joint><joint name="RShoulderPitch">1.43612323105</joint><joint name="RElbowRoll">0.420955962289</joint><joint name="RHipRoll">-0.0955264078177</joint></state><state name="pivot"><joint name="LShoulderRoll">0.179843962113</joint><joint name="LHipPitch">0.128982449716</joint><joint name="LElbowYaw">-1.19157642291</joint><joint name="LAnklePitch">0.0892692279164</joint><joint name="LWristYaw">0.0943507540336</joint><joint name="RShoulderRoll">-0.185530244816</joint><joint name="RWristYaw">0.0931930771407</joint><joint name="HeadYaw">-0.00838911703593</joint><joint name="RHipPitch">0.128565141492</joint><joint name="HeadPitch">-0.179494896263</joint><joint name="RElbowYaw">1.19152755369</joint><joint name="RHand">0.306788</joint><joint name="LElbowRoll">-0.418611985103</joint><joint name="RKneePitch">-0.0883216886655</joint><joint name="LShoulderPitch">1.46224208331</joint><joint name="RHipYawPitch">-0.177543618159</joint><joint name="LHand">0.294559</joint><joint name="LHipYawPitch">-0.177543618159</joint><joint name="LAnkleRoll">-0.135497763814</joint><joint name="RAnklePitch">0.0827113277849</joint><joint name="LKneePitch">-0.0884457815753</joint><joint name="LHipRoll">0.108271151082</joint><joint name="RAnkleRoll">0.12823265627</joint><joint name="RShoulderPitch">1.46303097213</joint><joint name="RElbowRoll">0.415147506538</joint><joint name="RHipRoll">-0.0998961886659</joint></state></actuators><speed>adjusted_norm</speed></robot>