<robot name="nao"><emotion name="neutral" /><repeat>0</repeat><actuators><state><joint name="LShoulderRoll">0.102736013892</joint><joint name="LHipPitch">0.13196591554</joint><joint name="LElbowYaw">-1.16434754125</joint><joint name="LAnklePitch">0.0827938818586</joint><joint name="LWristYaw">0.0444441112703</joint><joint name="RShoulderRoll">-0.110489813627</joint><joint name="RWristYaw">0.151823922703</joint><joint name="HeadYaw">0.0</joint><joint name="RHipPitch">0.130347995323</joint><joint name="HeadPitch">-0.168782065314</joint><joint name="RElbowYaw">1.16733205427</joint><joint name="RHand">0.2924</joint><joint name="LElbowRoll">-0.443283959409</joint><joint name="RKneePitch">-0.0843278517381</joint><joint name="LShoulderPitch">1.47413126617</joint><joint name="RHipYawPitch">-0.17483486716</joint><joint name="LHand">0.2896</joint><joint name="LHipYawPitch">-0.17483486716</joint><joint name="LAnkleRoll">-0.128814025443</joint><joint name="RAnklePitch">0.0890140607797</joint><joint name="LKneePitch">-0.0920820005389</joint><joint name="LHipRoll">0.104353934108</joint><joint name="RAnkleRoll">0.13043194566</joint><joint name="RShoulderPitch">1.48341990845</joint><joint name="RElbowRoll">0.451038457276</joint><joint name="RHipRoll">-0.0919980502019</joint></state><state><joint name="LShoulderRoll">0.102736013892</joint><joint name="LHipPitch">-0.785366747471</joint><joint name="LElbowYaw">-1.16434754125</joint><joint name="LAnklePitch">-0.0506639411257</joint><joint name="LWristYaw">-1.4835298642</joint><joint name="RShoulderRoll">-0.110489813627</joint><joint name="RWristYaw">1.4835298642</joint><joint name="HeadYaw">0.0</joint><joint name="RHipPitch">-0.780848090037</joint><joint name="HeadPitch">-0.168782065314</joint><joint name="RElbowYaw">1.16733205427</joint><joint name="RHand">0.76</joint><joint name="LElbowRoll">-0.705113017806</joint><joint name="RKneePitch">0.619778634688</joint><joint name="LShoulderPitch">1.47413126617</joint><joint name="RHipYawPitch">-0.0168321123859</joint><joint name="LHand">0.76</joint><joint name="LHipYawPitch">-0.0168321123859</joint><joint name="LAnkleRoll">-0.162562060926</joint><joint name="RAnklePitch">-0.122677971392</joint><joint name="LKneePitch">0.572139872755</joint><joint name="LHipRoll">0.135034029832</joint><joint name="RAnkleRoll">0.240879871385</joint><joint name="RShoulderPitch">1.48341990845</joint><joint name="RElbowRoll">0.705113017806</joint><joint name="RHipRoll">-0.263806516439</joint></state><state><joint name="LShoulderRoll">0.102736013892</joint><joint name="LHipPitch">-0.785366747471</joint><joint name="LElbowYaw">-1.16434754125</joint><joint name="LAnklePitch">-0.0506639411257</joint><joint name="LWristYaw">-1.4835298642</joint><joint name="RShoulderRoll">-0.0276118068983</joint><joint name="RWristYaw">0.906551938754</joint><joint name="HeadYaw">0.0</joint><joint name="RHipPitch">-0.780848090037</joint><joint name="HeadPitch">-0.0628318530718</joint><joint name="RElbowYaw">0.951068306655</joint><joint name="RHand">0.13181</joint><joint name="LElbowRoll">-0.705113017806</joint><joint name="RKneePitch">0.619778634688</joint><joint name="LShoulderPitch">1.47413126617</joint><joint name="RHipYawPitch">-0.0168321123859</joint><joint name="LHand">0.76</joint><joint name="LHipYawPitch">-0.0168321123859</joint><joint name="LAnkleRoll">-0.162562060926</joint><joint name="RAnklePitch">-0.122677971392</joint><joint name="LKneePitch">0.572139872755</joint><joint name="LHipRoll">0.135034029832</joint><joint name="RAnkleRoll">0.240879871385</joint><joint name="RShoulderPitch">0.0184078130879</joint><joint name="RElbowRoll">1.4327372923</joint><joint name="RHipRoll">-0.263806516439</joint></state><state><joint name="LShoulderRoll">0.0628931141285</joint><joint name="LHipPitch">-1.28545070206</joint><joint name="LElbowYaw">-0.986350137484</joint><joint name="LAnklePitch">-0.335988098314</joint><joint name="LWristYaw">-0.909704003383</joint><joint name="RShoulderRoll">-0.0276118068983</joint><joint name="RWristYaw">0.906551938754</joint><joint name="HeadYaw">0.0</joint><joint name="RHipPitch">-1.21036838297</joint><joint name="HeadPitch">-0.0628318530718</joint><joint name="RElbowYaw">0.951068306655</joint><joint name="RHand">0.13181</joint><joint name="LElbowRoll">-1.43120489322</joint><joint name="RKneePitch">1.11219186721</joint><joint name="LShoulderPitch">0.0260776624857</joint><joint name="RHipYawPitch">0.133499885419</joint><joint name="LHand">0.13181</joint><joint name="LHipYawPitch">0.133499885419</joint><joint name="LAnkleRoll">-0.134950079495</joint><joint name="RAnklePitch">-0.421807682963</joint><joint name="LKneePitch">1.13511851227</joint><joint name="LHipRoll">0.156509957212</joint><joint name="RAnkleRoll">0.283832424276</joint><joint name="RShoulderPitch">0.0184078130879</joint><joint name="RElbowRoll">1.4327372923</joint><joint name="RHipRoll">-0.398797262105</joint></state><state><joint name="LShoulderRoll">0.0628931141285</joint><joint name="LHipPitch">-1.28545070206</joint><joint name="LElbowYaw">-0.986350137484</joint><joint name="LAnklePitch">-0.335988098314</joint><joint name="LWristYaw">-0.909704003383</joint><joint name="RShoulderRoll">-0.0276118068983</joint><joint name="RWristYaw">0.906551938754</joint><joint name="HeadYaw">0.0</joint><joint name="RHipPitch">-1.21036838297</joint><joint name="HeadPitch">-0.120427718388</joint><joint name="RElbowYaw">0.951068306655</joint><joint name="RHand">0.3</joint><joint name="LElbowRoll">-1.43120489322</joint><joint name="RKneePitch">1.11219186721</joint><joint name="LShoulderPitch">0.0260776624857</joint><joint name="RHipYawPitch">0.133499885419</joint><joint name="LHand">0.13181</joint><joint name="LHipYawPitch">0.133499885419</joint><joint name="LAnkleRoll">-0.134950079495</joint><joint name="RAnklePitch">-0.421807682963</joint><joint name="LKneePitch">1.13511851227</joint><joint name="LHipRoll">0.156509957212</joint><joint name="RAnkleRoll">0.283832424276</joint><joint name="RShoulderPitch">0.0184078130879</joint><joint name="RElbowRoll">1.4327372923</joint><joint name="RHipRoll">-0.398797262105</joint></state><state><joint name="LShoulderRoll">0.0628931141285</joint><joint name="LHipPitch">-1.28545070206</joint><joint name="LElbowYaw">-0.986350137484</joint><joint name="LAnklePitch">-0.335988098314</joint><joint name="LWristYaw">-0.909704003383</joint><joint name="RShoulderRoll">-0.0276118068983</joint><joint name="RWristYaw">0.906551938754</joint><joint name="HeadYaw">0.0</joint><joint name="RHipPitch">-1.21036838297</joint><joint name="HeadPitch">-0.120427718388</joint><joint name="RElbowYaw">0.951068306655</joint><joint name="RHand">0.3</joint><joint name="LElbowRoll">-1.43120489322</joint><joint name="RKneePitch">1.11219186721</joint><joint name="LShoulderPitch">0.0260776624857</joint><joint name="RHipYawPitch">0.133499885419</joint><joint name="LHand">0.3</joint><joint name="LHipYawPitch">0.133499885419</joint><joint name="LAnkleRoll">-0.134950079495</joint><joint name="RAnklePitch">-0.421807682963</joint><joint name="LKneePitch">1.13511851227</joint><joint name="LHipRoll">0.156509957212</joint><joint name="RAnkleRoll">0.283832424276</joint><joint name="RShoulderPitch">0.0184078130879</joint><joint name="RElbowRoll">1.4327372923</joint><joint name="RHipRoll">-0.398797262105</joint></state><state><joint name="LShoulderRoll">0.0628931141285</joint><joint name="LHipPitch">-1.28545070206</joint><joint name="LElbowYaw">-0.986350137484</joint><joint name="LAnklePitch">-0.335988098314</joint><joint name="LWristYaw">-0.909704003383</joint><joint name="RShoulderRoll">-0.0276118068983</joint><joint name="RWristYaw">0.906551938754</joint><joint name="HeadYaw">0.0</joint><joint name="RHipPitch">-1.21036838297</joint><joint name="HeadPitch">-0.0628318530718</joint><joint name="RElbowYaw">0.951068306655</joint><joint name="RHand">0.16</joint><joint name="LElbowRoll">-1.43120489322</joint><joint name="RKneePitch">1.11219186721</joint><joint name="LShoulderPitch">0.0260776624857</joint><joint name="RHipYawPitch">0.133499885419</joint><joint name="LHand">0.16</joint><joint name="LHipYawPitch">0.133499885419</joint><joint name="LAnkleRoll">-0.134950079495</joint><joint name="RAnklePitch">-0.421807682963</joint><joint name="LKneePitch">1.13511851227</joint><joint name="LHipRoll">0.156509957212</joint><joint name="RAnkleRoll">0.283832424276</joint><joint name="RShoulderPitch">0.0184078130879</joint><joint name="RElbowRoll">1.4327372923</joint><joint name="RHipRoll">-0.398797262105</joint></state><state><joint name="LShoulderRoll">0.0628931141285</joint><joint name="LHipPitch">-1.28545070206</joint><joint name="LElbowYaw">-0.986350137484</joint><joint name="LAnklePitch">-0.335988098314</joint><joint name="LWristYaw">-0.909704003383</joint><joint name="RShoulderRoll">-0.0276118068983</joint><joint name="RWristYaw">0.906551938754</joint><joint name="HeadYaw">0.0</joint><joint name="RHipPitch">-1.21036838297</joint><joint name="HeadPitch">-0.120427718388</joint><joint name="RElbowYaw">0.951068306655</joint><joint name="RHand">0.29</joint><joint name="LElbowRoll">-1.43120489322</joint><joint name="RKneePitch">1.11219186721</joint><joint name="LShoulderPitch">0.0260776624857</joint><joint name="RHipYawPitch">0.133499885419</joint><joint name="LHand">0.16</joint><joint name="LHipYawPitch">0.133499885419</joint><joint name="LAnkleRoll">-0.134950079495</joint><joint name="RAnklePitch">-0.421807682963</joint><joint name="LKneePitch">1.13511851227</joint><joint name="LHipRoll">0.156509957212</joint><joint name="RAnkleRoll">0.283832424276</joint><joint name="RShoulderPitch">0.0184078130879</joint><joint name="RElbowRoll">1.4327372923</joint><joint name="RHipRoll">-0.398797262105</joint></state><state><joint name="LShoulderRoll">0.0628931141285</joint><joint name="LHipPitch">-1.28545070206</joint><joint name="LElbowYaw">-0.986350137484</joint><joint name="LAnklePitch">-0.335988098314</joint><joint name="LWristYaw">-0.909704003383</joint><joint name="RShoulderRoll">-0.0276118068983</joint><joint name="RWristYaw">0.906551938754</joint><joint name="HeadYaw">0.0</joint><joint name="RHipPitch">-1.21036838297</joint><joint name="HeadPitch">-0.0383972435439</joint><joint name="RElbowYaw">0.951068306655</joint><joint name="RHand">0.17</joint><joint name="LElbowRoll">-1.43120489322</joint><joint name="RKneePitch">1.11219186721</joint><joint name="LShoulderPitch">0.0260776624857</joint><joint name="RHipYawPitch">0.133499885419</joint><joint name="LHand">0.29</joint><joint name="LHipYawPitch">0.133499885419</joint><joint name="LAnkleRoll">-0.134950079495</joint><joint name="RAnklePitch">-0.421807682963</joint><joint name="LKneePitch">1.13511851227</joint><joint name="LHipRoll">0.156509957212</joint><joint name="RAnkleRoll">0.283832424276</joint><joint name="RShoulderPitch">0.0184078130879</joint><joint name="RElbowRoll">1.4327372923</joint><joint name="RHipRoll">-0.398797262105</joint></state><state><joint name="LShoulderRoll">0.0628931141285</joint><joint name="LHipPitch">-1.28545070206</joint><joint name="LElbowYaw">-0.986350137484</joint><joint name="LAnklePitch">-0.335988098314</joint><joint name="LWristYaw">-0.909704003383</joint><joint name="RShoulderRoll">-0.0276118068983</joint><joint name="RWristYaw">0.906551938754</joint><joint name="HeadYaw">0.0</joint><joint name="RHipPitch">-1.21036838297</joint><joint name="HeadPitch">-0.120427718388</joint><joint name="RElbowYaw">0.951068306655</joint><joint name="RHand">0.29</joint><joint name="LElbowRoll">-1.43120489322</joint><joint name="RKneePitch">1.11219186721</joint><joint name="LShoulderPitch">0.0260776624857</joint><joint name="RHipYawPitch">0.133499885419</joint><joint name="LHand">0.29</joint><joint name="LHipYawPitch">0.133499885419</joint><joint name="LAnkleRoll">-0.134950079495</joint><joint name="RAnklePitch">-0.421807682963</joint><joint name="LKneePitch">1.13511851227</joint><joint name="LHipRoll">0.156509957212</joint><joint name="RAnkleRoll">0.283832424276</joint><joint name="RShoulderPitch">0.0184078130879</joint><joint name="RElbowRoll">1.4327372923</joint><joint name="RHipRoll">-0.398797262105</joint></state><state><joint name="LShoulderRoll">0.0628931141285</joint><joint name="LHipPitch">-1.43731529093</joint><joint name="LElbowYaw">-0.986350137484</joint><joint name="LAnklePitch">-0.417290770859</joint><joint name="LWristYaw">-0.909704003383</joint><joint name="RShoulderRoll">-0.0276118068983</joint><joint name="RWristYaw">0.906551938754</joint><joint name="HeadYaw">0.0</joint><joint name="RHipPitch">-1.29013516577</joint><joint name="HeadPitch">-0.0383972435439</joint><joint name="RElbowYaw">0.951068306655</joint><joint name="RHand">0.17</joint><joint name="LElbowRoll">-1.43120489322</joint><joint name="RKneePitch">1.22417393735</joint><joint name="LShoulderPitch">0.0260776624857</joint><joint name="RHipYawPitch">0.122761921729</joint><joint name="LHand">0.17</joint><joint name="LHipYawPitch">0.122761921729</joint><joint name="LAnkleRoll">-0.11040586329</joint><joint name="RAnklePitch">-0.46782852468</joint><joint name="LKneePitch">1.37902478457</joint><joint name="LHipRoll">0.17798518646</joint><joint name="RAnkleRoll">0.377406506793</joint><joint name="RShoulderPitch">0.0184078130879</joint><joint name="RElbowRoll">1.4327372923</joint><joint name="RHipRoll">-0.409536272993</joint></state><state><joint name="LShoulderRoll">0.0628931141285</joint><joint name="LHipPitch">-1.43731529093</joint><joint name="LElbowYaw">-0.986350137484</joint><joint name="LAnklePitch">-0.417290770859</joint><joint name="LWristYaw">-0.909704003383</joint><joint name="RShoulderRoll">-0.0276118068983</joint><joint name="RWristYaw">0.906551938754</joint><joint name="HeadYaw">0.0</joint><joint name="RHipPitch">-1.29013516577</joint><joint name="HeadPitch">-0.0628318530718</joint><joint name="RElbowYaw">0.951068306655</joint><joint name="RHand">0.16</joint><joint name="LElbowRoll">-1.43120489322</joint><joint name="RKneePitch">1.22417393735</joint><joint name="LShoulderPitch">0.0260776624857</joint><joint name="RHipYawPitch">0.122761921729</joint><joint name="LHand">0.17</joint><joint name="LHipYawPitch">0.122761921729</joint><joint name="LAnkleRoll">-0.11040586329</joint><joint name="RAnklePitch">-0.46782852468</joint><joint name="LKneePitch">1.37902478457</joint><joint name="LHipRoll">0.17798518646</joint><joint name="RAnkleRoll">0.377406506793</joint><joint name="RShoulderPitch">0.0184078130879</joint><joint name="RElbowRoll">1.4327372923</joint><joint name="RHipRoll">-0.409536272993</joint></state><state><joint name="LShoulderRoll">0.0628931141285</joint><joint name="LHipPitch">-1.43731529093</joint><joint name="LElbowYaw">-0.986350137484</joint><joint name="LAnklePitch">-0.417290770859</joint><joint name="LWristYaw">-0.909704003383</joint><joint name="RShoulderRoll">-0.0276118068983</joint><joint name="RWristYaw">0.906551938754</joint><joint name="HeadYaw">0.0</joint><joint name="RHipPitch">-1.29013516577</joint><joint name="HeadPitch">-0.0628318530718</joint><joint name="RElbowYaw">0.951068306655</joint><joint name="RHand">0.16</joint><joint name="LElbowRoll">-1.43120489322</joint><joint name="RKneePitch">1.22417393735</joint><joint name="LShoulderPitch">0.0260776624857</joint><joint name="RHipYawPitch">0.122761921729</joint><joint name="LHand">0.16</joint><joint name="LHipYawPitch">0.122761921729</joint><joint name="LAnkleRoll">-0.11040586329</joint><joint name="RAnklePitch">-0.46782852468</joint><joint name="LKneePitch">1.37902478457</joint><joint name="LHipRoll">0.17798518646</joint><joint name="RAnkleRoll">0.377406506793</joint><joint name="RShoulderPitch">0.0184078130879</joint><joint name="RElbowRoll">1.4327372923</joint><joint name="RHipRoll">-0.409536272993</joint></state><state><joint name="LShoulderRoll">0.0628931141285</joint><joint name="LHipPitch">-1.43731529093</joint><joint name="LElbowYaw">-0.986350137484</joint><joint name="LAnklePitch">-0.417290770859</joint><joint name="LWristYaw">-0.909704003383</joint><joint name="RShoulderRoll">-0.0276118068983</joint><joint name="RWristYaw">0.906551938754</joint><joint name="HeadYaw">0.0</joint><joint name="RHipPitch">-1.29013516577</joint><joint name="HeadPitch">-0.120427718388</joint><joint name="RElbowYaw">0.951068306655</joint><joint name="RHand">0.29</joint><joint name="LElbowRoll">-1.43120489322</joint><joint name="RKneePitch">1.22417393735</joint><joint name="LShoulderPitch">0.0260776624857</joint><joint name="RHipYawPitch">0.122761921729</joint><joint name="LHand">0.16</joint><joint name="LHipYawPitch">0.122761921729</joint><joint name="LAnkleRoll">-0.11040586329</joint><joint name="RAnklePitch">-0.46782852468</joint><joint name="LKneePitch">1.37902478457</joint><joint name="LHipRoll">0.17798518646</joint><joint name="RAnkleRoll">0.377406506793</joint><joint name="RShoulderPitch">0.0184078130879</joint><joint name="RElbowRoll">1.4327372923</joint><joint name="RHipRoll">-0.409536272993</joint></state><state><joint name="LShoulderRoll">0.0628931141285</joint><joint name="LHipPitch">-1.43731529093</joint><joint name="LElbowYaw">-0.986350137484</joint><joint name="LAnklePitch">-0.417290770859</joint><joint name="LWristYaw">-0.909704003383</joint><joint name="RShoulderRoll">-0.0276118068983</joint><joint name="RWristYaw">0.906551938754</joint><joint name="HeadYaw">0.0</joint><joint name="RHipPitch">-1.29013516577</joint><joint name="HeadPitch">-0.0383972435439</joint><joint name="RElbowYaw">0.951068306655</joint><joint name="RHand">0.17</joint><joint name="LElbowRoll">-1.43120489322</joint><joint name="RKneePitch">1.22417393735</joint><joint name="LShoulderPitch">0.0260776624857</joint><joint name="RHipYawPitch">0.122761921729</joint><joint name="LHand">0.29</joint><joint name="LHipYawPitch">0.122761921729</joint><joint name="LAnkleRoll">-0.11040586329</joint><joint name="RAnklePitch">-0.46782852468</joint><joint name="LKneePitch">1.37902478457</joint><joint name="LHipRoll">0.17798518646</joint><joint name="RAnkleRoll">0.377406506793</joint><joint name="RShoulderPitch">0.0184078130879</joint><joint name="RElbowRoll">1.4327372923</joint><joint name="RHipRoll">-0.409536272993</joint></state><state><joint name="LShoulderRoll">0.0628931141285</joint><joint name="LHipPitch">-1.43731529093</joint><joint name="LElbowYaw">-0.986350137484</joint><joint name="LAnklePitch">-0.417290770859</joint><joint name="LWristYaw">-0.909704003383</joint><joint name="RShoulderRoll">-0.0276118068983</joint><joint name="RWristYaw">0.906551938754</joint><joint name="HeadYaw">0.0</joint><joint name="RHipPitch">-1.29013516577</joint><joint name="HeadPitch">-0.120427718388</joint><joint name="RElbowYaw">0.951068306655</joint><joint name="RHand">0.29</joint><joint name="LElbowRoll">-1.43120489322</joint><joint name="RKneePitch">1.22417393735</joint><joint name="LShoulderPitch">0.0260776624857</joint><joint name="RHipYawPitch">0.122761921729</joint><joint name="LHand">0.17</joint><joint name="LHipYawPitch">0.122761921729</joint><joint name="LAnkleRoll">-0.11040586329</joint><joint name="RAnklePitch">-0.46782852468</joint><joint name="LKneePitch">1.37902478457</joint><joint name="LHipRoll">0.17798518646</joint><joint name="RAnkleRoll">0.377406506793</joint><joint name="RShoulderPitch">0.0184078130879</joint><joint name="RElbowRoll">1.4327372923</joint><joint name="RHipRoll">-0.409536272993</joint></state><state><joint name="LShoulderRoll">0.0628931141285</joint><joint name="LHipPitch">-1.43731529093</joint><joint name="LElbowYaw">-0.986350137484</joint><joint name="LAnklePitch">-0.417290770859</joint><joint name="LWristYaw">-0.909704003383</joint><joint name="RShoulderRoll">-0.0276118068983</joint><joint name="RWristYaw">0.906551938754</joint><joint name="HeadYaw">0.0</joint><joint name="RHipPitch">-1.29013516577</joint><joint name="HeadPitch">-0.0383972435439</joint><joint name="RElbowYaw">0.951068306655</joint><joint name="RHand">0.17</joint><joint name="LElbowRoll">-1.43120489322</joint><joint name="RKneePitch">1.22417393735</joint><joint name="LShoulderPitch">0.0260776624857</joint><joint name="RHipYawPitch">0.122761921729</joint><joint name="LHand">0.29</joint><joint name="LHipYawPitch">0.122761921729</joint><joint name="LAnkleRoll">-0.11040586329</joint><joint name="RAnklePitch">-0.46782852468</joint><joint name="LKneePitch">1.37902478457</joint><joint name="LHipRoll">0.17798518646</joint><joint name="RAnkleRoll">0.377406506793</joint><joint name="RShoulderPitch">0.0184078130879</joint><joint name="RElbowRoll">1.4327372923</joint><joint name="RHipRoll">-0.409536272993</joint></state><state><joint name="LShoulderRoll">0.0628931141285</joint><joint name="LHipPitch">-1.43731529093</joint><joint name="LElbowYaw">-0.986350137484</joint><joint name="LAnklePitch">-0.417290770859</joint><joint name="LWristYaw">-0.909704003383</joint><joint name="RShoulderRoll">-0.0276118068983</joint><joint name="RWristYaw">0.906551938754</joint><joint name="HeadYaw">0.0</joint><joint name="RHipPitch">-1.29013516577</joint><joint name="HeadPitch">-0.445058959259</joint><joint name="RElbowYaw">0.951068306655</joint><joint name="RHand">0.17</joint><joint name="LElbowRoll">-1.43120489322</joint><joint name="RKneePitch">1.22417393735</joint><joint name="LShoulderPitch">0.0260776624857</joint><joint name="RHipYawPitch">0.122761921729</joint><joint name="LHand">0.17</joint><joint name="LHipYawPitch">0.122761921729</joint><joint name="LAnkleRoll">-0.11040586329</joint><joint name="RAnklePitch">-0.46782852468</joint><joint name="LKneePitch">1.37902478457</joint><joint name="LHipRoll">0.17798518646</joint><joint name="RAnkleRoll">0.377406506793</joint><joint name="RShoulderPitch">0.219911485751</joint><joint name="RElbowRoll">1.4327372923</joint><joint name="RHipRoll">-0.409536272993</joint></state><state><joint name="LShoulderRoll">0.0628931141285</joint><joint name="LHipPitch">-1.02620473095</joint><joint name="LElbowYaw">-0.986350137484</joint><joint name="LAnklePitch">-0.262356147831</joint><joint name="LWristYaw">-0.909704003383</joint><joint name="RShoulderRoll">-0.0276118068983</joint><joint name="RWristYaw">0.906551938754</joint><joint name="HeadYaw">0.0</joint><joint name="RHipPitch">-1.0784441808</joint><joint name="HeadPitch">-0.445058959259</joint><joint name="RElbowYaw">0.951068306655</joint><joint name="RHand">0.17</joint><joint name="LElbowRoll">-1.43120489322</joint><joint name="RKneePitch">0.895898449</joint><joint name="LShoulderPitch">0.102974425868</joint><joint name="RHipYawPitch">0.110489813627</joint><joint name="LHand">0.17</joint><joint name="LHipYawPitch">0.110489813627</joint><joint name="LAnkleRoll">-0.260738227614</joint><joint name="RAnklePitch">-0.253067505551</joint><joint name="LKneePitch">0.860532842367</joint><joint name="LHipRoll">0.282298279864</joint><joint name="RAnkleRoll">0.251617136943</joint><joint name="RShoulderPitch">0.219911485751</joint><joint name="RElbowRoll">1.4327372923</joint><joint name="RHipRoll">-0.29448591403</joint></state><state><joint name="LShoulderRoll">0.0628931141285</joint><joint name="LHipPitch">-1.02620473095</joint><joint name="LElbowYaw">-0.986350137484</joint><joint name="LAnklePitch">-0.262356147831</joint><joint name="LWristYaw">-0.909704003383</joint><joint name="RShoulderRoll">-0.0276118068983</joint><joint name="RWristYaw">0.906551938754</joint><joint name="HeadYaw">0.0</joint><joint name="RHipPitch">-1.0784441808</joint><joint name="HeadPitch">-0.445058959259</joint><joint name="RElbowYaw">0.951068306655</joint><joint name="RHand">0.17</joint><joint name="LElbowRoll">-1.43120489322</joint><joint name="RKneePitch">0.895898449</joint><joint name="LShoulderPitch">0.102974425868</joint><joint name="RHipYawPitch">0.110489813627</joint><joint name="LHand">0.17</joint><joint name="LHipYawPitch">0.110489813627</joint><joint name="LAnkleRoll">-0.260738227614</joint><joint name="RAnklePitch">-0.253067505551</joint><joint name="LKneePitch">0.860532842367</joint><joint name="LHipRoll">0.282298279864</joint><joint name="RAnkleRoll">0.251617136943</joint><joint name="RShoulderPitch">0.219911485751</joint><joint name="RElbowRoll">1.4327372923</joint><joint name="RHipRoll">-0.29448591403</joint></state><state><joint name="LShoulderRoll">0.0628931141285</joint><joint name="LHipPitch">-1.02620473095</joint><joint name="LElbowYaw">-0.986350137484</joint><joint name="LAnklePitch">-0.262356147831</joint><joint name="LWristYaw">-0.909704003383</joint><joint name="RShoulderRoll">-0.0276118068983</joint><joint name="RWristYaw">0.906551938754</joint><joint name="HeadYaw">0.0</joint><joint name="RHipPitch">-1.0784441808</joint><joint name="HeadPitch">-0.120427718388</joint><joint name="RElbowYaw">0.951068306655</joint><joint name="RHand">0.3</joint><joint name="LElbowRoll">-1.43120489322</joint><joint name="RKneePitch">0.895898449</joint><joint name="LShoulderPitch">0.102974425868</joint><joint name="RHipYawPitch">0.110489813627</joint><joint name="LHand">0.3</joint><joint name="LHipYawPitch">0.110489813627</joint><joint name="LAnkleRoll">-0.260738227614</joint><joint name="RAnklePitch">-0.253067505551</joint><joint name="LKneePitch">0.860532842367</joint><joint name="LHipRoll">0.282298279864</joint><joint name="RAnkleRoll">0.251617136943</joint><joint name="RShoulderPitch">0.0184078130879</joint><joint name="RElbowRoll">1.4327372923</joint><joint name="RHipRoll">-0.29448591403</joint></state><state><joint name="LShoulderRoll">0.0628931141285</joint><joint name="LHipPitch">-1.02620473095</joint><joint name="LElbowYaw">-0.986350137484</joint><joint name="LAnklePitch">-0.262356147831</joint><joint name="LWristYaw">-0.909704003383</joint><joint name="RShoulderRoll">-0.0276118068983</joint><joint name="RWristYaw">0.906551938754</joint><joint name="HeadYaw">0.0</joint><joint name="RHipPitch">-1.0784441808</joint><joint name="HeadPitch">-0.120427718388</joint><joint name="RElbowYaw">0.951068306655</joint><joint name="RHand">0.3</joint><joint name="LElbowRoll">-1.43120489322</joint><joint name="RKneePitch">0.895898449</joint><joint name="LShoulderPitch">0.0260776624857</joint><joint name="RHipYawPitch">0.110489813627</joint><joint name="LHand">0.3</joint><joint name="LHipYawPitch">0.110489813627</joint><joint name="LAnkleRoll">-0.260738227614</joint><joint name="RAnklePitch">-0.253067505551</joint><joint name="LKneePitch">0.860532842367</joint><joint name="LHipRoll">0.282298279864</joint><joint name="RAnkleRoll">0.251617136943</joint><joint name="RShoulderPitch">0.0184078130879</joint><joint name="RElbowRoll">1.4327372923</joint><joint name="RHipRoll">-0.29448591403</joint></state><state><joint name="LShoulderRoll">0.0628931141285</joint><joint name="LHipPitch">-1.21036838297</joint><joint name="LElbowYaw">-0.986350137484</joint><joint name="LAnklePitch">-0.421807682963</joint><joint name="LWristYaw">-0.909704003383</joint><joint name="RShoulderRoll">-0.0276118068983</joint><joint name="RWristYaw">0.906551938754</joint><joint name="HeadYaw">0.0</joint><joint name="RHipPitch">-1.28545070206</joint><joint name="HeadPitch">-0.0628318530718</joint><joint name="RElbowYaw">0.951068306655</joint><joint name="RHand">0.16</joint><joint name="LElbowRoll">-1.43120489322</joint><joint name="RKneePitch">1.13511851227</joint><joint name="LShoulderPitch">0.0260776624857</joint><joint name="RHipYawPitch">0.133499885419</joint><joint name="LHand">0.16</joint><joint name="LHipYawPitch">0.133499885419</joint><joint name="LAnkleRoll">-0.283832424276</joint><joint name="RAnklePitch">-0.335988098314</joint><joint name="LKneePitch">1.11219186721</joint><joint name="LHipRoll">0.398797262105</joint><joint name="RAnkleRoll">0.134950079495</joint><joint name="RShoulderPitch">0.0184078130879</joint><joint name="RElbowRoll">1.4327372923</joint><joint name="RHipRoll">-0.156509957212</joint></state><state><joint name="LShoulderRoll">0.0628931141285</joint><joint name="LHipPitch">-1.21036838297</joint><joint name="LElbowYaw">-0.986350137484</joint><joint name="LAnklePitch">-0.421807682963</joint><joint name="LWristYaw">-0.909704003383</joint><joint name="RShoulderRoll">-0.0276118068983</joint><joint name="RWristYaw">0.906551938754</joint><joint name="HeadYaw">0.0</joint><joint name="RHipPitch">-1.28545070206</joint><joint name="HeadPitch">-0.120427718388</joint><joint name="RElbowYaw">0.951068306655</joint><joint name="RHand">0.29</joint><joint name="LElbowRoll">-1.43120489322</joint><joint name="RKneePitch">1.13511851227</joint><joint name="LShoulderPitch">0.0260776624857</joint><joint name="RHipYawPitch">0.133499885419</joint><joint name="LHand">0.16</joint><joint name="LHipYawPitch">0.133499885419</joint><joint name="LAnkleRoll">-0.283832424276</joint><joint name="RAnklePitch">-0.335988098314</joint><joint name="LKneePitch">1.11219186721</joint><joint name="LHipRoll">0.398797262105</joint><joint name="RAnkleRoll">0.134950079495</joint><joint name="RShoulderPitch">0.0184078130879</joint><joint name="RElbowRoll">1.4327372923</joint><joint name="RHipRoll">-0.156509957212</joint></state><state><joint name="LShoulderRoll">0.0628931141285</joint><joint name="LHipPitch">-1.21036838297</joint><joint name="LElbowYaw">-0.986350137484</joint><joint name="LAnklePitch">-0.421807682963</joint><joint name="LWristYaw">-0.909704003383</joint><joint name="RShoulderRoll">-0.0276118068983</joint><joint name="RWristYaw">0.906551938754</joint><joint name="HeadYaw">0.0</joint><joint name="RHipPitch">-1.28545070206</joint><joint name="HeadPitch">-0.0383972435439</joint><joint name="RElbowYaw">0.951068306655</joint><joint name="RHand">0.17</joint><joint name="LElbowRoll">-1.43120489322</joint><joint name="RKneePitch">1.13511851227</joint><joint name="LShoulderPitch">0.0260776624857</joint><joint name="RHipYawPitch">0.133499885419</joint><joint name="LHand">0.29</joint><joint name="LHipYawPitch">0.133499885419</joint><joint name="LAnkleRoll">-0.283832424276</joint><joint name="RAnklePitch">-0.335988098314</joint><joint name="LKneePitch">1.11219186721</joint><joint name="LHipRoll">0.398797262105</joint><joint name="RAnkleRoll">0.134950079495</joint><joint name="RShoulderPitch">0.0184078130879</joint><joint name="RElbowRoll">1.4327372923</joint><joint name="RHipRoll">-0.156509957212</joint></state><state><joint name="LShoulderRoll">0.0628931141285</joint><joint name="LHipPitch">-1.21036838297</joint><joint name="LElbowYaw">-0.986350137484</joint><joint name="LAnklePitch">-0.421807682963</joint><joint name="LWristYaw">-0.909704003383</joint><joint name="RShoulderRoll">-0.0276118068983</joint><joint name="RWristYaw">0.906551938754</joint><joint name="HeadYaw">0.0</joint><joint name="RHipPitch">-1.28545070206</joint><joint name="HeadPitch">-0.120427718388</joint><joint name="RElbowYaw">0.951068306655</joint><joint name="RHand">0.29</joint><joint name="LElbowRoll">-1.43120489322</joint><joint name="RKneePitch">1.13511851227</joint><joint name="LShoulderPitch">0.0260776624857</joint><joint name="RHipYawPitch">0.133499885419</joint><joint name="LHand">0.29</joint><joint name="LHipYawPitch">0.133499885419</joint><joint name="LAnkleRoll">-0.283832424276</joint><joint name="RAnklePitch">-0.335988098314</joint><joint name="LKneePitch">1.11219186721</joint><joint name="LHipRoll">0.398797262105</joint><joint name="RAnkleRoll">0.134950079495</joint><joint name="RShoulderPitch">0.0184078130879</joint><joint name="RElbowRoll">1.4327372923</joint><joint name="RHipRoll">-0.156509957212</joint></state><state><joint name="LShoulderRoll">0.0628931141285</joint><joint name="LHipPitch">-1.21036838297</joint><joint name="LElbowYaw">-0.986350137484</joint><joint name="LAnklePitch">-0.421807682963</joint><joint name="LWristYaw">-0.909704003383</joint><joint name="RShoulderRoll">-0.0276118068983</joint><joint name="RWristYaw">0.906551938754</joint><joint name="HeadYaw">0.0</joint><joint name="RHipPitch">-1.28545070206</joint><joint name="HeadPitch">-0.0383972435439</joint><joint name="RElbowYaw">0.951068306655</joint><joint name="RHand">0.17</joint><joint name="LElbowRoll">-1.43120489322</joint><joint name="RKneePitch">1.13511851227</joint><joint name="LShoulderPitch">0.0260776624857</joint><joint name="RHipYawPitch">0.133499885419</joint><joint name="LHand">0.17</joint><joint name="LHipYawPitch">0.133499885419</joint><joint name="LAnkleRoll">-0.283832424276</joint><joint name="RAnklePitch">-0.335988098314</joint><joint name="LKneePitch">1.11219186721</joint><joint name="LHipRoll">0.398797262105</joint><joint name="RAnkleRoll">0.134950079495</joint><joint name="RShoulderPitch">0.0184078130879</joint><joint name="RElbowRoll">1.4327372923</joint><joint name="RHipRoll">-0.156509957212</joint></state><state><joint name="LShoulderRoll">0.0628931141285</joint><joint name="LHipPitch">-1.21036838297</joint><joint name="LElbowYaw">-0.986350137484</joint><joint name="LAnklePitch">-0.421807682963</joint><joint name="LWristYaw">-0.909704003383</joint><joint name="RShoulderRoll">-0.0276118068983</joint><joint name="RWristYaw">0.906551938754</joint><joint name="HeadYaw">0.0</joint><joint name="RHipPitch">-1.28545070206</joint><joint name="HeadPitch">-0.0628318530718</joint><joint name="RElbowYaw">0.951068306655</joint><joint name="RHand">0.16</joint><joint name="LElbowRoll">-1.43120489322</joint><joint name="RKneePitch">1.13511851227</joint><joint name="LShoulderPitch">0.0260776624857</joint><joint name="RHipYawPitch">0.133499885419</joint><joint name="LHand">0.17</joint><joint name="LHipYawPitch">0.133499885419</joint><joint name="LAnkleRoll">-0.283832424276</joint><joint name="RAnklePitch">-0.335988098314</joint><joint name="LKneePitch">1.11219186721</joint><joint name="LHipRoll">0.398797262105</joint><joint name="RAnkleRoll">0.134950079495</joint><joint name="RShoulderPitch">0.0184078130879</joint><joint name="RElbowRoll">1.4327372923</joint><joint name="RHipRoll">-0.156509957212</joint></state><state><joint name="LShoulderRoll">0.0628931141285</joint><joint name="LHipPitch">-1.21036838297</joint><joint name="LElbowYaw">-0.986350137484</joint><joint name="LAnklePitch">-0.421807682963</joint><joint name="LWristYaw">-0.909704003383</joint><joint name="RShoulderRoll">-0.0276118068983</joint><joint name="RWristYaw">0.906551938754</joint><joint name="HeadYaw">0.0</joint><joint name="RHipPitch">-1.28545070206</joint><joint name="HeadPitch">-0.0628318530718</joint><joint name="RElbowYaw">0.951068306655</joint><joint name="RHand">0.16</joint><joint name="LElbowRoll">-1.43120489322</joint><joint name="RKneePitch">1.13511851227</joint><joint name="LShoulderPitch">0.0260776624857</joint><joint name="RHipYawPitch">0.133499885419</joint><joint name="LHand">0.16</joint><joint name="LHipYawPitch">0.133499885419</joint><joint name="LAnkleRoll">-0.283832424276</joint><joint name="RAnklePitch">-0.335988098314</joint><joint name="LKneePitch">1.11219186721</joint><joint name="LHipRoll">0.398797262105</joint><joint name="RAnkleRoll">0.134950079495</joint><joint name="RShoulderPitch">0.0184078130879</joint><joint name="RElbowRoll">1.4327372923</joint><joint name="RHipRoll">-0.156509957212</joint></state><state><joint name="LShoulderRoll">0.0628931141285</joint><joint name="LHipPitch">-1.29013516577</joint><joint name="LElbowYaw">-0.986350137484</joint><joint name="LAnklePitch">-0.46782852468</joint><joint name="LWristYaw">-0.909704003383</joint><joint name="RShoulderRoll">-0.0276118068983</joint><joint name="RWristYaw">0.906551938754</joint><joint name="HeadYaw">0.0</joint><joint name="RHipPitch">-1.43731529093</joint><joint name="HeadPitch">-0.120427718388</joint><joint name="RElbowYaw">0.951068306655</joint><joint name="RHand">0.29</joint><joint name="LElbowRoll">-1.43120489322</joint><joint name="RKneePitch">1.37902478457</joint><joint name="LShoulderPitch">0.0260776624857</joint><joint name="RHipYawPitch">0.122761921729</joint><joint name="LHand">0.16</joint><joint name="LHipYawPitch">0.122761921729</joint><joint name="LAnkleRoll">-0.377406506793</joint><joint name="RAnklePitch">-0.417290770859</joint><joint name="LKneePitch">1.22417393735</joint><joint name="LHipRoll">0.409536272993</joint><joint name="RAnkleRoll">0.11040586329</joint><joint name="RShoulderPitch">0.0184078130879</joint><joint name="RElbowRoll">1.4327372923</joint><joint name="RHipRoll">-0.17798518646</joint></state><state><joint name="LShoulderRoll">0.0628931141285</joint><joint name="LHipPitch">-1.29013516577</joint><joint name="LElbowYaw">-0.986350137484</joint><joint name="LAnklePitch">-0.46782852468</joint><joint name="LWristYaw">-0.909704003383</joint><joint name="RShoulderRoll">-0.0276118068983</joint><joint name="RWristYaw">0.906551938754</joint><joint name="HeadYaw">0.0</joint><joint name="RHipPitch">-1.43731529093</joint><joint name="HeadPitch">-0.0383972435439</joint><joint name="RElbowYaw">0.951068306655</joint><joint name="RHand">0.17</joint><joint name="LElbowRoll">-1.43120489322</joint><joint name="RKneePitch">1.37902478457</joint><joint name="LShoulderPitch">0.0260776624857</joint><joint name="RHipYawPitch">0.122761921729</joint><joint name="LHand">0.29</joint><joint name="LHipYawPitch">0.122761921729</joint><joint name="LAnkleRoll">-0.377406506793</joint><joint name="RAnklePitch">-0.417290770859</joint><joint name="LKneePitch">1.22417393735</joint><joint name="LHipRoll">0.409536272993</joint><joint name="RAnkleRoll">0.11040586329</joint><joint name="RShoulderPitch">0.0184078130879</joint><joint name="RElbowRoll">1.4327372923</joint><joint name="RHipRoll">-0.17798518646</joint></state><state><joint name="LShoulderRoll">0.0628931141285</joint><joint name="LHipPitch">-1.29013516577</joint><joint name="LElbowYaw">-0.986350137484</joint><joint name="LAnklePitch">-0.46782852468</joint><joint name="LWristYaw">-0.909704003383</joint><joint name="RShoulderRoll">-0.0276118068983</joint><joint name="RWristYaw">0.906551938754</joint><joint name="HeadYaw">0.0</joint><joint name="RHipPitch">-1.43731529093</joint><joint name="HeadPitch">-0.120427718388</joint><joint name="RElbowYaw">0.951068306655</joint><joint name="RHand">0.29</joint><joint name="LElbowRoll">-1.43120489322</joint><joint name="RKneePitch">1.37902478457</joint><joint name="LShoulderPitch">0.0260776624857</joint><joint name="RHipYawPitch">0.122761921729</joint><joint name="LHand">0.29</joint><joint name="LHipYawPitch">0.122761921729</joint><joint name="LAnkleRoll">-0.377406506793</joint><joint name="RAnklePitch">-0.417290770859</joint><joint name="LKneePitch">1.22417393735</joint><joint name="LHipRoll">0.409536272993</joint><joint name="RAnkleRoll">0.11040586329</joint><joint name="RShoulderPitch">0.0184078130879</joint><joint name="RElbowRoll">1.4327372923</joint><joint name="RHipRoll">-0.17798518646</joint></state><state><joint name="LShoulderRoll">0.0628931141285</joint><joint name="LHipPitch">-1.29013516577</joint><joint name="LElbowYaw">-0.986350137484</joint><joint name="LAnklePitch">-0.46782852468</joint><joint name="LWristYaw">-0.909704003383</joint><joint name="RShoulderRoll">-0.0276118068983</joint><joint name="RWristYaw">0.906551938754</joint><joint name="HeadYaw">0.0</joint><joint name="RHipPitch">-1.43731529093</joint><joint name="HeadPitch">-0.0383972435439</joint><joint name="RElbowYaw">0.951068306655</joint><joint name="RHand">0.17</joint><joint name="LElbowRoll">-1.43120489322</joint><joint name="RKneePitch">1.37902478457</joint><joint name="LShoulderPitch">0.0260776624857</joint><joint name="RHipYawPitch">0.122761921729</joint><joint name="LHand">0.17</joint><joint name="LHipYawPitch">0.122761921729</joint><joint name="LAnkleRoll">-0.377406506793</joint><joint name="RAnklePitch">-0.417290770859</joint><joint name="LKneePitch">1.22417393735</joint><joint name="LHipRoll">0.409536272993</joint><joint name="RAnkleRoll">0.11040586329</joint><joint name="RShoulderPitch">0.0184078130879</joint><joint name="RElbowRoll">1.4327372923</joint><joint name="RHipRoll">-0.17798518646</joint></state><state><joint name="LShoulderRoll">0.0628931141285</joint><joint name="LHipPitch">-1.29013516577</joint><joint name="LElbowYaw">-0.986350137484</joint><joint name="LAnklePitch">-0.46782852468</joint><joint name="LWristYaw">-0.909704003383</joint><joint name="RShoulderRoll">-0.0276118068983</joint><joint name="RWristYaw">0.906551938754</joint><joint name="HeadYaw">0.0</joint><joint name="RHipPitch">-1.43731529093</joint><joint name="HeadPitch">-0.0383972435439</joint><joint name="RElbowYaw">0.951068306655</joint><joint name="RHand">0.17</joint><joint name="LElbowRoll">-1.43120489322</joint><joint name="RKneePitch">1.37902478457</joint><joint name="LShoulderPitch">0.0260776624857</joint><joint name="RHipYawPitch">0.122761921729</joint><joint name="LHand">0.17</joint><joint name="LHipYawPitch">0.122761921729</joint><joint name="LAnkleRoll">-0.377406506793</joint><joint name="RAnklePitch">-0.417290770859</joint><joint name="LKneePitch">1.22417393735</joint><joint name="LHipRoll">0.409536272993</joint><joint name="RAnkleRoll">0.11040586329</joint><joint name="RShoulderPitch">0.0184078130879</joint><joint name="RElbowRoll">1.4327372923</joint><joint name="RHipRoll">-0.17798518646</joint></state><state><joint name="LShoulderRoll">0.0628931141285</joint><joint name="LHipPitch">-1.29013516577</joint><joint name="LElbowYaw">-0.986350137484</joint><joint name="LAnklePitch">-0.46782852468</joint><joint name="LWristYaw">-0.909704003383</joint><joint name="RShoulderRoll">-0.0276118068983</joint><joint name="RWristYaw">0.906551938754</joint><joint name="HeadYaw">0.0</joint><joint name="RHipPitch">-1.43731529093</joint><joint name="HeadPitch">-0.0383972435439</joint><joint name="RElbowYaw">0.951068306655</joint><joint name="RHand">0.17</joint><joint name="LElbowRoll">-1.43120489322</joint><joint name="RKneePitch">1.37902478457</joint><joint name="LShoulderPitch">0.0260776624857</joint><joint name="RHipYawPitch">0.122761921729</joint><joint name="LHand">0.17</joint><joint name="LHipYawPitch">0.122761921729</joint><joint name="LAnkleRoll">-0.377406506793</joint><joint name="RAnklePitch">-0.417290770859</joint><joint name="LKneePitch">1.22417393735</joint><joint name="LHipRoll">0.409536272993</joint><joint name="RAnkleRoll">0.11040586329</joint><joint name="RShoulderPitch">0.0184078130879</joint><joint name="RElbowRoll">1.4327372923</joint><joint name="RHipRoll">-0.17798518646</joint></state><state><joint name="LShoulderRoll">0.0628931141285</joint><joint name="LHipPitch">-1.29013516577</joint><joint name="LElbowYaw">-0.986350137484</joint><joint name="LAnklePitch">-0.46782852468</joint><joint name="LWristYaw">-0.909704003383</joint><joint name="RShoulderRoll">-0.0276118068983</joint><joint name="RWristYaw">1.00530964915</joint><joint name="HeadYaw">0.0</joint><joint name="RHipPitch">-1.43731529093</joint><joint name="HeadPitch">-0.193326630585</joint><joint name="RElbowYaw">0.951068306655</joint><joint name="RHand">0.08</joint><joint name="LElbowRoll">-1.43120489322</joint><joint name="RKneePitch">1.37902478457</joint><joint name="LShoulderPitch">0.0260776624857</joint><joint name="RHipYawPitch">0.122761921729</joint><joint name="LHand">0.17</joint><joint name="LHipYawPitch">0.122761921729</joint><joint name="LAnkleRoll">-0.377406506793</joint><joint name="RAnklePitch">-0.417290770859</joint><joint name="LKneePitch">1.22417393735</joint><joint name="LHipRoll">0.409536272993</joint><joint name="RAnkleRoll">0.11040586329</joint><joint name="RShoulderPitch">0.914552528045</joint><joint name="RElbowRoll">1.29154364648</joint><joint name="RHipRoll">-0.17798518646</joint></state><state><joint name="LShoulderRoll">0.0628931141285</joint><joint name="LHipPitch">0.13043194566</joint><joint name="LElbowYaw">-0.986350137484</joint><joint name="LAnklePitch">0.0889301104427</joint><joint name="LWristYaw">-1.00530964915</joint><joint name="RShoulderRoll">-0.0276118068983</joint><joint name="RWristYaw">1.00530964915</joint><joint name="HeadYaw">0.0</joint><joint name="RHipPitch">0.133415935082</joint><joint name="HeadPitch">-0.193326630585</joint><joint name="RElbowYaw">0.951068306655</joint><joint name="RHand">0.08</joint><joint name="LElbowRoll">-1.29154364648</joint><joint name="RKneePitch">-0.0827938818586</joint><joint name="LShoulderPitch">0.914552528045</joint><joint name="RHipYawPitch">-0.161028091046</joint><joint name="LHand">0.08</joint><joint name="LHipYawPitch">-0.161028091046</joint><joint name="LAnkleRoll">-0.127280055564</joint><joint name="RAnklePitch">0.101285994349</joint><joint name="LKneePitch">-0.0923279174305</joint><joint name="LHipRoll">0.104353934108</joint><joint name="RAnkleRoll">0.12889797578</joint><joint name="RShoulderPitch">0.914552528045</joint><joint name="RElbowRoll">1.29154364648</joint><joint name="RHipRoll">-0.101202044012</joint></state><state><joint name="LShoulderRoll">0.0628931141285</joint><joint name="LHipPitch">0.13043194566</joint><joint name="LElbowYaw">-0.986350137484</joint><joint name="LAnklePitch">0.0889301104427</joint><joint name="LWristYaw">-1.00530964915</joint><joint name="RShoulderRoll">-0.168782065314</joint><joint name="RWristYaw">0.0904640803223</joint><joint name="HeadYaw">0.0</joint><joint name="RHipPitch">0.133415935082</joint><joint name="HeadPitch">-0.193326630585</joint><joint name="RElbowYaw">1.20721631834</joint><joint name="RHand">0.3144</joint><joint name="LElbowRoll">-1.29154364648</joint><joint name="RKneePitch">-0.0827938818586</joint><joint name="LShoulderPitch">0.914552528045</joint><joint name="RHipYawPitch">-0.161028091046</joint><joint name="LHand">0.08</joint><joint name="LHipYawPitch">-0.161028091046</joint><joint name="LAnkleRoll">-0.127280055564</joint><joint name="RAnklePitch">0.101285994349</joint><joint name="LKneePitch">-0.0923279174305</joint><joint name="LHipRoll">0.104353934108</joint><joint name="RAnkleRoll">0.12889797578</joint><joint name="RShoulderPitch">1.50182789607</joint><joint name="RElbowRoll">0.426493892005</joint><joint name="RHipRoll">-0.101202044012</joint></state><state><joint name="LShoulderRoll">0.156426006875</joint><joint name="LHipPitch">0.13043194566</joint><joint name="LElbowYaw">-1.2026976609</joint><joint name="LAnklePitch">0.0889301104427</joint><joint name="LWristYaw">0.0843278517381</joint><joint name="RShoulderRoll">-0.168782065314</joint><joint name="RWristYaw">0.0904640803223</joint><joint name="HeadYaw">0.0</joint><joint name="RHipPitch">0.133415935082</joint><joint name="HeadPitch">-0.193326630585</joint><joint name="RElbowYaw">1.20721631834</joint><joint name="RHand">0.3144</joint><joint name="LElbowRoll">-0.404933839755</joint><joint name="RKneePitch">-0.0827938818586</joint><joint name="LShoulderPitch">1.49560754262</joint><joint name="RHipYawPitch">-0.161028091046</joint><joint name="LHand">0.316</joint><joint name="LHipYawPitch">-0.161028091046</joint><joint name="LAnkleRoll">-0.127280055564</joint><joint name="RAnklePitch">0.101285994349</joint><joint name="LKneePitch">-0.0923279174305</joint><joint name="LHipRoll">0.104353934108</joint><joint name="RAnkleRoll">0.12889797578</joint><joint name="RShoulderPitch">1.50182789607</joint><joint name="RElbowRoll">0.426493892005</joint><joint name="RHipRoll">-0.101202044012</joint></state><state name="pivot"><joint name="LShoulderRoll">0.156426006875</joint><joint name="LHipPitch">0.13043194566</joint><joint name="LElbowYaw">-1.2026976609</joint><joint name="LAnklePitch">0.0889301104427</joint><joint name="LWristYaw">0.0843278517381</joint><joint name="RShoulderRoll">-0.168782065314</joint><joint name="RWristYaw">0.0904640803223</joint><joint name="HeadYaw">0.0</joint><joint name="RHipPitch">0.133415935082</joint><joint name="HeadPitch">-0.193326630585</joint><joint name="RElbowYaw">1.20721631834</joint><joint name="RHand">0.3144</joint><joint name="LElbowRoll">-0.404933839755</joint><joint name="RKneePitch">-0.0827938818586</joint><joint name="LShoulderPitch">1.49560754262</joint><joint name="RHipYawPitch">-0.161028091046</joint><joint name="LHand">0.316</joint><joint name="LHipYawPitch">-0.161028091046</joint><joint name="LAnkleRoll">-0.127280055564</joint><joint name="RAnklePitch">0.101285994349</joint><joint name="LKneePitch">-0.0923279174305</joint><joint name="LHipRoll">0.104353934108</joint><joint name="RAnkleRoll">0.12889797578</joint><joint name="RShoulderPitch">1.50182789607</joint><joint name="RElbowRoll">0.426493892005</joint><joint name="RHipRoll">-0.101202044012</joint></state></actuators><speed>adjusted_norm</speed></robot>