<robot name="nao"><emotion name="neutral" /><repeat>0</repeat><actuators><state><joint name="LShoulderPitch">1.54623081757</joint><joint name="LHipPitch">0.115092072331</joint><joint name="LElbowYaw">-1.34689327304</joint><joint name="LAnklePitch">-0.122761921729</joint><joint name="LWristYaw">-0.550747372113</joint><joint name="RWristYaw">1.66588186444</joint><joint name="RHipYawPitch">-0.257669938789</joint><joint name="RHipPitch">0.136484223907</joint><joint name="HeadPitch">-0.0629360492281</joint><joint name="RElbowYaw">1.65974528679</joint><joint name="RHand">0.25</joint><joint name="RShoulderPitch">1.06465084372</joint><joint name="RKneePitch">0.205598040556</joint><joint name="LShoulderRoll">0.469493568786</joint><joint name="RShoulderRoll">-0.0184500500558</joint><joint name="LHipYawPitch">-0.257669938789</joint><joint name="LAnkleRoll">-0.200911831514</joint><joint name="RAnklePitch">-0.151823922703</joint><joint name="LKneePitch">0.214717385897</joint><joint name="LHipRoll">0.220937739351</joint><joint name="LHand">0.3036</joint><joint name="RHipRoll">0.170316035194</joint><joint name="LElbowRoll">-1.530653754</joint><joint name="RElbowRoll">1.54461638801</joint><joint name="RAnkleRoll">-0.128814025443</joint></state><state><joint name="LShoulderPitch">1.54623081757</joint><joint name="LHipPitch">0.115092072331</joint><joint name="LElbowYaw">-1.17815484096</joint><joint name="LAnklePitch">-0.122761921729</joint><joint name="LWristYaw">-0.227074317001</joint><joint name="RWristYaw">0.0506145483078</joint><joint name="RHipYawPitch">-0.257669938789</joint><joint name="RHipPitch">0.136484223907</joint><joint name="HeadPitch">0.11344640138</joint><joint name="RElbowYaw">0.799360797413</joint><joint name="RHand">0.25</joint><joint name="RShoulderPitch">1.06465084372</joint><joint name="RKneePitch">0.205598040556</joint><joint name="LShoulderRoll">0.469493568786</joint><joint name="RShoulderRoll">0.212930168743</joint><joint name="LHipYawPitch">-0.257669938789</joint><joint name="LAnkleRoll">-0.200911831514</joint><joint name="RAnklePitch">-0.151823922703</joint><joint name="LKneePitch">0.214717385897</joint><joint name="LHipRoll">0.220937739351</joint><joint name="LHand">0.3036</joint><joint name="RHipRoll">0.170316035194</joint><joint name="LElbowRoll">-1.530653754</joint><joint name="RElbowRoll">1.54461638801</joint><joint name="RAnkleRoll">-0.128814025443</joint></state><state><joint name="LShoulderPitch">1.54623081757</joint><joint name="LHipPitch">0.115092072331</joint><joint name="LElbowYaw">-1.34689327304</joint><joint name="LAnklePitch">-0.122761921729</joint><joint name="LWristYaw">-0.550747372113</joint><joint name="RWristYaw">1.66588186444</joint><joint name="RHipYawPitch">-0.257669938789</joint><joint name="RHipPitch">0.136484223907</joint><joint name="HeadPitch">-0.0629360492281</joint><joint name="RElbowYaw">1.65974528679</joint><joint name="RHand">0.25</joint><joint name="RShoulderPitch">1.06465084372</joint><joint name="RKneePitch">0.205598040556</joint><joint name="LShoulderRoll">0.469493568786</joint><joint name="RShoulderRoll">-0.0184500500558</joint><joint name="LHipYawPitch">-0.257669938789</joint><joint name="LAnkleRoll">-0.200911831514</joint><joint name="RAnklePitch">-0.151823922703</joint><joint name="LKneePitch">0.214717385897</joint><joint name="LHipRoll">0.220937739351</joint><joint name="LHand">0.3036</joint><joint name="RHipRoll">0.170316035194</joint><joint name="LElbowRoll">-1.530653754</joint><joint name="RElbowRoll">1.54461638801</joint><joint name="RAnkleRoll">-0.128814025443</joint></state><state><joint name="LShoulderPitch">1.54623081757</joint><joint name="LHipPitch">0.115092072331</joint><joint name="LElbowYaw">-1.34689327304</joint><joint name="LAnklePitch">-0.122761921729</joint><joint name="LWristYaw">-0.550747372113</joint><joint name="RWristYaw">1.66588186444</joint><joint name="RHipYawPitch">-0.257669938789</joint><joint name="RHipPitch">0.136484223907</joint><joint name="HeadPitch">-0.0629360492281</joint><joint name="RElbowYaw">1.65974528679</joint><joint name="RHand">1.0</joint><joint name="RShoulderPitch">1.06465084372</joint><joint name="RKneePitch">0.205598040556</joint><joint name="LShoulderRoll">0.469493568786</joint><joint name="RShoulderRoll">-0.0184500500558</joint><joint name="LHipYawPitch">-0.257669938789</joint><joint name="LAnkleRoll">-0.200911831514</joint><joint name="RAnklePitch">-0.151823922703</joint><joint name="LKneePitch">0.214717385897</joint><joint name="LHipRoll">0.220937739351</joint><joint name="LHand">0.3036</joint><joint name="RHipRoll">0.170316035194</joint><joint name="LElbowRoll">-1.530653754</joint><joint name="RElbowRoll">1.54461638801</joint><joint name="RAnkleRoll">-0.128814025443</joint></state><state><joint name="LShoulderPitch">1.54623081757</joint><joint name="LHipPitch">0.115092072331</joint><joint name="LElbowYaw">-1.34689327304</joint><joint name="LAnklePitch">-0.122761921729</joint><joint name="LWristYaw">-0.550747372113</joint><joint name="RWristYaw">1.66588186444</joint><joint name="RHipYawPitch">-0.257669938789</joint><joint name="RHipPitch">0.136484223907</joint><joint name="HeadPitch">-0.0629360492281</joint><joint name="RElbowYaw">1.65974528679</joint><joint name="RHand">1.0</joint><joint name="RShoulderPitch">1.06465084372</joint><joint name="RKneePitch">0.205598040556</joint><joint name="LShoulderRoll">0.151823922703</joint><joint name="RShoulderRoll">-0.0184500500558</joint><joint name="LHipYawPitch">-0.257669938789</joint><joint name="LAnkleRoll">-0.200911831514</joint><joint name="RAnklePitch">-0.151823922703</joint><joint name="LKneePitch">0.214717385897</joint><joint name="LHipRoll">0.220937739351</joint><joint name="LHand">0.3036</joint><joint name="RHipRoll">0.170316035194</joint><joint name="LElbowRoll">-1.26361837844</joint><joint name="RElbowRoll">1.06639617297</joint><joint name="RAnkleRoll">-0.128814025443</joint></state><state><joint name="LShoulderPitch">1.54623081757</joint><joint name="LHipPitch">0.115092072331</joint><joint name="LElbowYaw">-1.34689327304</joint><joint name="LAnklePitch">-0.122761921729</joint><joint name="LWristYaw">-0.550747372113</joint><joint name="RWristYaw">1.66588186444</joint><joint name="RHipYawPitch">-0.257669938789</joint><joint name="RHipPitch">0.136484223907</joint><joint name="HeadPitch">-0.0629360492281</joint><joint name="RElbowYaw">1.65974528679</joint><joint name="RHand">0.37</joint><joint name="RShoulderPitch">1.55398357011</joint><joint name="RKneePitch">0.205598040556</joint><joint name="LShoulderRoll">0.151823922703</joint><joint name="RShoulderRoll">-0.0184500500558</joint><joint name="LHipYawPitch">-0.257669938789</joint><joint name="LAnkleRoll">-0.200911831514</joint><joint name="RAnklePitch">-0.151823922703</joint><joint name="LKneePitch">0.214717385897</joint><joint name="LHipRoll">0.220937739351</joint><joint name="LHand">0.3036</joint><joint name="RHipRoll">0.170316035194</joint><joint name="LElbowRoll">-1.26361837844</joint><joint name="RElbowRoll">1.06639617297</joint><joint name="RAnkleRoll">-0.128814025443</joint></state><state><joint name="LShoulderPitch">1.54623081757</joint><joint name="LHipPitch">0.115092072331</joint><joint name="LElbowYaw">-1.17815484096</joint><joint name="LAnklePitch">-0.122761921729</joint><joint name="LWristYaw">-0.227074317001</joint><joint name="RWristYaw">1.66588186444</joint><joint name="RHipYawPitch">-0.257669938789</joint><joint name="RHipPitch">0.136484223907</joint><joint name="HeadPitch">-0.0629360492281</joint><joint name="RElbowYaw">1.65974528679</joint><joint name="RHand">0.37</joint><joint name="RShoulderPitch">1.55398357011</joint><joint name="RKneePitch">0.205598040556</joint><joint name="LShoulderRoll">0.190174565956</joint><joint name="RShoulderRoll">-0.0184500500558</joint><joint name="LHipYawPitch">-0.257669938789</joint><joint name="LAnkleRoll">-0.200911831514</joint><joint name="RAnklePitch">-0.151823922703</joint><joint name="LKneePitch">0.214717385897</joint><joint name="LHipRoll">0.220937739351</joint><joint name="LHand">0.3036</joint><joint name="RHipRoll">0.170316035194</joint><joint name="LElbowRoll">-1.50174412027</joint><joint name="RElbowRoll">1.06639617297</joint><joint name="RAnkleRoll">-0.128814025443</joint></state><state><joint name="LShoulderPitch">1.54623081757</joint><joint name="LHipPitch">0.115092072331</joint><joint name="LElbowYaw">-1.17815484096</joint><joint name="LAnklePitch">-0.122761921729</joint><joint name="LWristYaw">-0.227074317001</joint><joint name="RWristYaw">0.0506145483078</joint><joint name="RHipYawPitch">-0.257669938789</joint><joint name="RHipPitch">0.136484223907</joint><joint name="HeadPitch">-0.0629360492281</joint><joint name="RElbowYaw">0.799360797413</joint><joint name="RHand">0.19</joint><joint name="RShoulderPitch">1.55398357011</joint><joint name="RKneePitch">0.205598040556</joint><joint name="LShoulderRoll">0.190174565956</joint><joint name="RShoulderRoll">0.212930168743</joint><joint name="LHipYawPitch">-0.257669938789</joint><joint name="LAnkleRoll">-0.200911831514</joint><joint name="RAnklePitch">-0.151823922703</joint><joint name="LKneePitch">0.214717385897</joint><joint name="LHipRoll">0.220937739351</joint><joint name="LHand">0.3036</joint><joint name="RHipRoll">0.170316035194</joint><joint name="LElbowRoll">-1.50174412027</joint><joint name="RElbowRoll">1.54461638801</joint><joint name="RAnkleRoll">-0.128814025443</joint></state><state><joint name="LShoulderPitch">1.54623081757</joint><joint name="LHipPitch">0.115092072331</joint><joint name="LElbowYaw">-1.17815484096</joint><joint name="LAnklePitch">-0.122761921729</joint><joint name="LWristYaw">-0.227074317001</joint><joint name="RWristYaw">0.0506145483078</joint><joint name="RHipYawPitch">-0.257669938789</joint><joint name="RHipPitch">0.136484223907</joint><joint name="HeadPitch">-0.0629360492281</joint><joint name="RElbowYaw">0.799360797413</joint><joint name="RHand">0.19</joint><joint name="RShoulderPitch">1.55398357011</joint><joint name="RKneePitch">0.205598040556</joint><joint name="LShoulderRoll">0.190174565956</joint><joint name="RShoulderRoll">0.212930168743</joint><joint name="LHipYawPitch">-0.257669938789</joint><joint name="LAnkleRoll">-0.200911831514</joint><joint name="RAnklePitch">-0.151823922703</joint><joint name="LKneePitch">0.214717385897</joint><joint name="LHipRoll">0.220937739351</joint><joint name="LHand">0.3036</joint><joint name="RHipRoll">0.170316035194</joint><joint name="LElbowRoll">-1.50174412027</joint><joint name="RElbowRoll">1.54461638801</joint><joint name="RAnkleRoll">-0.128814025443</joint></state><state name="pivot"><joint name="LShoulderPitch">1.54623081757</joint><joint name="LHipPitch">0.115092072331</joint><joint name="LElbowYaw">-1.17815484096</joint><joint name="LAnklePitch">-0.122761921729</joint><joint name="LWristYaw">-0.227074317001</joint><joint name="RWristYaw">0.0506145483078</joint><joint name="RHipYawPitch">-0.257669938789</joint><joint name="RHipPitch">0.136484223907</joint><joint name="HeadPitch">-0.0629360492281</joint><joint name="RElbowYaw">0.799360797413</joint><joint name="RHand">0.19</joint><joint name="RShoulderPitch">1.55398357011</joint><joint name="RKneePitch">0.205598040556</joint><joint name="LShoulderRoll">0.190174565956</joint><joint name="RShoulderRoll">0.212930168743</joint><joint name="LHipYawPitch">-0.257669938789</joint><joint name="LAnkleRoll">-0.200911831514</joint><joint name="RAnklePitch">-0.151823922703</joint><joint name="LKneePitch">0.214717385897</joint><joint name="LHipRoll">0.220937739351</joint><joint name="LHand">0.3036</joint><joint name="RHipRoll">0.170316035194</joint><joint name="LElbowRoll">-1.50174412027</joint><joint name="RElbowRoll">1.54461638801</joint><joint name="RAnkleRoll">-0.128814025443</joint></state></actuators><speed>neutral_norm</speed></robot>