<robot name="nao"><emotion name="neutral" /><repeat>0</repeat><actuators><state><joint name="LShoulderRoll">0.335103216383</joint><joint name="LHipPitch">0.12889797578</joint><joint name="LElbowYaw">-1.21957150411</joint><joint name="LAnklePitch">0.0919980502019</joint><joint name="LWristYaw">-0.940732466825</joint><joint name="RShoulderRoll">-0.335103216383</joint><joint name="RWristYaw">0.940732466825</joint><joint name="RHipYawPitch">-0.177901410656</joint><joint name="RHipPitch">0.125746085684</joint><joint name="HeadPitch">0.0488692190558</joint><joint name="RElbowYaw">1.20414802951</joint><joint name="RHand">0.52</joint><joint name="LElbowRoll">-0.439822971503</joint><joint name="RKneePitch">-0.0889301104427</joint><joint name="LShoulderPitch">1.43731529093</joint><joint name="LHand">0.52</joint><joint name="LHipYawPitch">-0.177901410656</joint><joint name="LAnkleRoll">-0.156426006875</joint><joint name="RAnklePitch">0.0859461210206</joint><joint name="LKneePitch">-0.0828778321956</joint><joint name="LHipRoll">0.148839933281</joint><joint name="RAnkleRoll">0.105887903988</joint><joint name="RShoulderPitch">1.45274051086</joint><joint name="RElbowRoll">0.439822971503</joint><joint name="RHipRoll">-0.0582500147195</joint></state><state><joint name="LShoulderRoll">0.335103216383</joint><joint name="LHipPitch">0.12889797578</joint><joint name="LElbowYaw">-1.21957150411</joint><joint name="LAnklePitch">0.0919980502019</joint><joint name="LWristYaw">-0.940732466825</joint><joint name="RShoulderRoll">-0.335103216383</joint><joint name="RWristYaw">0.940732466825</joint><joint name="RHipYawPitch">-0.177901410656</joint><joint name="RHipPitch">0.125746085684</joint><joint name="HeadPitch">-0.240855436775</joint><joint name="RElbowYaw">1.20414802951</joint><joint name="RHand">0.52</joint><joint name="LElbowRoll">-0.439822971503</joint><joint name="RKneePitch">-0.0889301104427</joint><joint name="LShoulderPitch">1.43731529093</joint><joint name="LHand">0.52</joint><joint name="LHipYawPitch">-0.177901410656</joint><joint name="LAnkleRoll">-0.156426006875</joint><joint name="RAnklePitch">0.0859461210206</joint><joint name="LKneePitch">-0.0828778321956</joint><joint name="LHipRoll">0.148839933281</joint><joint name="RAnkleRoll">0.105887903988</joint><joint name="RShoulderPitch">1.45274051086</joint><joint name="RElbowRoll">0.439822971503</joint><joint name="RHipRoll">-0.0582500147195</joint></state><state name="pivot"><joint name="LShoulderRoll">0.213184986814</joint><joint name="LHipPitch">0.12889797578</joint><joint name="LElbowYaw">-1.21957150411</joint><joint name="LAnklePitch">0.0919980502019</joint><joint name="LWristYaw">0.0843278517381</joint><joint name="RShoulderRoll">-0.204063896143</joint><joint name="RWristYaw">0.121144001513</joint><joint name="RHipYawPitch">-0.177901410656</joint><joint name="RHipPitch">0.125746085684</joint><joint name="HeadPitch">-0.0154341560149</joint><joint name="RElbowYaw">1.20414802951</joint><joint name="RHand">0.314</joint><joint name="LElbowRoll">-0.439822971503</joint><joint name="RKneePitch">-0.0889301104427</joint><joint name="LShoulderPitch">1.43731529093</joint><joint name="LHand">0.3256</joint><joint name="LHipYawPitch">-0.177901410656</joint><joint name="LAnkleRoll">-0.156426006875</joint><joint name="RAnklePitch">0.0859461210206</joint><joint name="LKneePitch">-0.0828778321956</joint><joint name="LHipRoll">0.148839933281</joint><joint name="RAnkleRoll">0.105887903988</joint><joint name="RShoulderPitch">1.45274051086</joint><joint name="RElbowRoll">0.439822971503</joint><joint name="RHipRoll">-0.0582500147195</joint></state></actuators><speed>neutral_norm</speed></robot>