<robot name="nao"><emotion name="neutral" /><repeat>0</repeat><actuators><state><joint name="LShoulderRoll">0.0889301104427</joint><joint name="LHipPitch">0.0874800909002</joint><joint name="LElbowYaw">-1.37910856038</joint><joint name="LAnklePitch">0.0582500147195</joint><joint name="LWristYaw">-0.213268762618</joint><joint name="RShoulderRoll">-0.0276538693332</joint><joint name="RWristYaw">0.0751240324607</joint><joint name="HeadYaw">0.0229680093575</joint><joint name="RHipPitch">0.0858621706836</joint><joint name="HeadPitch">0.141086133546</joint><joint name="RElbowYaw">1.42350973655</joint><joint name="RHand">0.18</joint><joint name="LElbowRoll">-0.530721464276</joint><joint name="RKneePitch">0.0506639411257</joint><joint name="LShoulderPitch">1.38976205013</joint><joint name="RHipYawPitch">-0.205514264752</joint><joint name="LHand">0.18</joint><joint name="LHipYawPitch">-0.205514264752</joint><joint name="LAnkleRoll">-0.148755982944</joint><joint name="RAnklePitch">0.0307219836253</joint><joint name="LKneePitch">0.0306380332883</joint><joint name="LHipRoll">0.170316035194</joint><joint name="RAnkleRoll">0.0123138389249</joint><joint name="RShoulderPitch">1.43433252324</joint><joint name="RElbowRoll">0.701079561904</joint><joint name="RHipRoll">0.010779851592</joint></state><state><joint name="LShoulderRoll">0.0889301104427</joint><joint name="LHipPitch">0.0874800909002</joint><joint name="LElbowYaw">-1.37910856038</joint><joint name="LAnklePitch">0.0582500147195</joint><joint name="LWristYaw">-0.213268762618</joint><joint name="RShoulderRoll">-0.0276538693332</joint><joint name="RWristYaw">0.0751240324607</joint><joint name="HeadYaw">0.0229680093575</joint><joint name="RHipPitch">0.0858621706836</joint><joint name="HeadPitch">0.141086133546</joint><joint name="RElbowYaw">1.42350973655</joint><joint name="RHand">0.18</joint><joint name="LElbowRoll">-0.530721464276</joint><joint name="RKneePitch">0.0506639411257</joint><joint name="LShoulderPitch">1.38976205013</joint><joint name="RHipYawPitch">-0.205514264752</joint><joint name="LHand">0.18</joint><joint name="LHipYawPitch">-0.205514264752</joint><joint name="LAnkleRoll">-0.148755982944</joint><joint name="RAnklePitch">0.0307219836253</joint><joint name="LKneePitch">0.0306380332883</joint><joint name="LHipRoll">0.170316035194</joint><joint name="RAnkleRoll">0.0123138389249</joint><joint name="RShoulderPitch">1.43433252324</joint><joint name="RElbowRoll">0.701079561904</joint><joint name="RHipRoll">0.010779851592</joint></state><state><joint name="LShoulderRoll">0.0889301104427</joint><joint name="LHipPitch">0.0874800909002</joint><joint name="LElbowYaw">-1.37910856038</joint><joint name="LAnklePitch">0.0582500147195</joint><joint name="LWristYaw">-0.213268762618</joint><joint name="RShoulderRoll">-0.0276538693332</joint><joint name="RWristYaw">0.0751240324607</joint><joint name="HeadYaw">0.0229680093575</joint><joint name="RHipPitch">0.0858621706836</joint><joint name="HeadPitch">-0.106465084372</joint><joint name="RElbowYaw">1.42350973655</joint><joint name="RHand">0.18</joint><joint name="LElbowRoll">-0.530721464276</joint><joint name="RKneePitch">0.0506639411257</joint><joint name="LShoulderPitch">1.38976205013</joint><joint name="RHipYawPitch">-0.205514264752</joint><joint name="LHand">0.18</joint><joint name="LHipYawPitch">-0.205514264752</joint><joint name="LAnkleRoll">-0.148755982944</joint><joint name="RAnklePitch">0.0307219836253</joint><joint name="LKneePitch">0.0306380332883</joint><joint name="LHipRoll">0.170316035194</joint><joint name="RAnkleRoll">0.0123138389249</joint><joint name="RShoulderPitch">1.43433252324</joint><joint name="RElbowRoll">0.701079561904</joint><joint name="RHipRoll">0.010779851592</joint></state><state><joint name="LShoulderRoll">0.0889301104427</joint><joint name="LHipPitch">0.440299446388</joint><joint name="LElbowYaw">-1.37910856038</joint><joint name="LAnklePitch">-4.19617294752e-05</joint><joint name="LWristYaw">-0.213268762618</joint><joint name="RShoulderRoll">-0.0061779070467</joint><joint name="RWristYaw">0.944902058408</joint><joint name="HeadYaw">0.0229680093575</joint><joint name="RHipPitch">0.477031645826</joint><joint name="HeadPitch">-0.106465084372</joint><joint name="RElbowYaw">1.94506473159</joint><joint name="RHand">0.56</joint><joint name="LElbowRoll">-0.530721464276</joint><joint name="RKneePitch">-0.0827938818586</joint><joint name="LShoulderPitch">1.38976205013</joint><joint name="RHipYawPitch">-0.22238810796</joint><joint name="LHand">0.18</joint><joint name="LHipYawPitch">-0.22238810796</joint><joint name="LAnkleRoll">-0.217785674722</joint><joint name="RAnklePitch">-0.0367740873395</joint><joint name="LKneePitch">-0.0905480306593</joint><joint name="LHipRoll">0.273093413389</joint><joint name="RAnkleRoll">-0.0306380332883</joint><joint name="RShoulderPitch">1.40978795797</joint><joint name="RElbowRoll">0.980267665041</joint><joint name="RHipRoll">0.0552658507644</joint></state><state><joint name="LShoulderRoll">0.144154073305</joint><joint name="LHipPitch">0.440299446388</joint><joint name="LElbowYaw">-1.89300156001</joint><joint name="LAnklePitch">-4.19617294752e-05</joint><joint name="LWristYaw">-1.16741583007</joint><joint name="RShoulderRoll">-0.0061779070467</joint><joint name="RWristYaw">0.944902058408</joint><joint name="HeadYaw">0.0613179544786</joint><joint name="RHipPitch">0.477031645826</joint><joint name="HeadPitch">0.232128790515</joint><joint name="RElbowYaw">1.94506473159</joint><joint name="RHand">0.56</joint><joint name="LElbowRoll">-0.748550772229</joint><joint name="RKneePitch">-0.0827938818586</joint><joint name="LShoulderPitch">1.32380082171</joint><joint name="RHipYawPitch">-0.22238810796</joint><joint name="LHand">0.56</joint><joint name="LHipYawPitch">-0.22238810796</joint><joint name="LAnkleRoll">-0.217785674722</joint><joint name="RAnklePitch">-0.0367740873395</joint><joint name="LKneePitch">-0.0905480306593</joint><joint name="LHipRoll">0.273093413389</joint><joint name="RAnkleRoll">-0.0306380332883</joint><joint name="RShoulderPitch">1.40978795797</joint><joint name="RElbowRoll">0.980267665041</joint><joint name="RHipRoll">0.0552658507644</joint></state><state name="pivot"><joint name="LShoulderRoll">0.038308231752</joint><joint name="LHipPitch">0.30990938863</joint><joint name="LElbowYaw">-1.29320345459</joint><joint name="LAnklePitch">0.081259911979</joint><joint name="LWristYaw">-0.105887903988</joint><joint name="RShoulderRoll">-0.0475960013665</joint><joint name="RWristYaw">0.142620103425</joint><joint name="HeadYaw">0.0306380332883</joint><joint name="RHipPitch">0.381923418897</joint><joint name="HeadPitch">0.0275700935291</joint><joint name="RElbowYaw">1.142787489</joint><joint name="RHand">0.3068</joint><joint name="LElbowRoll">-0.546061163071</joint><joint name="RKneePitch">-0.0781919722198</joint><joint name="LShoulderPitch">1.41890730331</joint><joint name="RHipYawPitch">-0.22852468561</joint><joint name="LHand">0.3068</joint><joint name="LHipYawPitch">-0.22852468561</joint><joint name="LAnkleRoll">-0.22238810796</joint><joint name="RAnklePitch">-0.0183660997187</joint><joint name="LKneePitch">-0.081343862316</joint><joint name="LHipRoll">0.300706267485</joint><joint name="RAnkleRoll">-0.0582500147195</joint><joint name="RShoulderPitch">1.51103276255</joint><joint name="RElbowRoll">0.748634548033</joint><joint name="RHipRoll">0.0920820005389</joint></state></actuators><speed>neutral_norm</speed></robot>