<robot name="nao"><emotion name="neutral" /><repeat>0</repeat><actuators><state><joint name="RHipRoll">-0.00310993238096</joint><joint name="LShoulderRoll">0.127364005901</joint><joint name="LHipPitch">-0.170316035194</joint><joint name="LElbowYaw">-2.08566845613</joint><joint name="LAnklePitch">0.225540172589</joint><joint name="LWristYaw">-1.35601436372</joint><joint name="RShoulderRoll">-0.0137641377201</joint><joint name="RWristYaw">1.55091702661</joint><joint name="RHipYawPitch">-0.226990541197</joint><joint name="RHipPitch">-0.148755982944</joint><joint name="RElbowYaw">1.92061266877</joint><joint name="RHand">0.6692</joint><joint name="LElbowRoll">-0.417290770859</joint><joint name="LShoulderPitch">1.00788051914</joint><joint name="LHand">0.6724</joint><joint name="LHipYawPitch">-0.226990541197</joint><joint name="LAnkleRoll">-0.15190787304</joint><joint name="RAnklePitch">0.196309398277</joint><joint name="LKneePitch">-0.0889301104427</joint><joint name="LHipRoll">0.128814025443</joint><joint name="RAnkleRoll">0.0766580023402</joint><joint name="RShoulderPitch">0.875872541162</joint><joint name="RElbowRoll">0.426410116201</joint><joint name="RKneePitch">-0.0828778321956</joint></state><state><joint name="RHipRoll">0.0429101413908</joint><joint name="LShoulderRoll">0.127364005901</joint><joint name="LHipPitch">0.127280055564</joint><joint name="LElbowYaw">-2.08566845613</joint><joint name="LAnklePitch">0.108955843747</joint><joint name="LWristYaw">-1.35601436372</joint><joint name="RShoulderRoll">-0.0137641377201</joint><joint name="RWristYaw">1.55091702661</joint><joint name="RHipYawPitch">-0.176367266243</joint><joint name="RHipPitch">0.133499885419</joint><joint name="RElbowYaw">1.92061266877</joint><joint name="RHand">0.6692</joint><joint name="LElbowRoll">-0.795870138909</joint><joint name="LShoulderPitch">1.00788051914</joint><joint name="LHand">0.6724</joint><joint name="LHipYawPitch">-0.176367266243</joint><joint name="LAnkleRoll">-0.217869450526</joint><joint name="RAnklePitch">0.0858621706836</joint><joint name="LKneePitch">-0.0889301104427</joint><joint name="LHipRoll">0.245398528818</joint><joint name="RAnkleRoll">0.0275700935291</joint><joint name="RShoulderPitch">0.875872541162</joint><joint name="RElbowRoll">0.55152404363</joint><joint name="RKneePitch">-0.0828778321956</joint></state><state><joint name="RHipRoll">0.0429101413908</joint><joint name="LShoulderRoll">0.165806278939</joint><joint name="LHipPitch">0.127280055564</joint><joint name="LElbowYaw">-1.34564885329</joint><joint name="LAnklePitch">0.108955843747</joint><joint name="LWristYaw">-1.00530964915</joint><joint name="RShoulderRoll">-0.0643860687707</joint><joint name="RWristYaw">1.00530964915</joint><joint name="RHipYawPitch">-0.176367266243</joint><joint name="RHipPitch">0.133499885419</joint><joint name="RElbowYaw">1.34564885329</joint><joint name="RHand">0.504</joint><joint name="LElbowRoll">-1.15715329407</joint><joint name="LShoulderPitch">1.40978795797</joint><joint name="LHand">0.3136</joint><joint name="LHipYawPitch">-0.176367266243</joint><joint name="LAnkleRoll">-0.217869450526</joint><joint name="RAnklePitch">0.0858621706836</joint><joint name="LKneePitch">-0.0889301104427</joint><joint name="LHipRoll">0.245398528818</joint><joint name="RAnkleRoll">0.0275700935291</joint><joint name="RShoulderPitch">1.31613009965</joint><joint name="RElbowRoll">0.963421747101</joint><joint name="RKneePitch">-0.0828778321956</joint></state><state name="pivot"><joint name="RHipRoll">-0.164096030805</joint><joint name="LShoulderRoll">0.0767419526773</joint><joint name="LHipPitch">0.13196591554</joint><joint name="LElbowYaw">-1.34564885329</joint><joint name="LAnklePitch">0.0904640803223</joint><joint name="LWristYaw">-1.00530964915</joint><joint name="RShoulderRoll">-0.0643860687707</joint><joint name="RWristYaw">1.00530964915</joint><joint name="RHipYawPitch">-0.177901410656</joint><joint name="RHipPitch">0.127280055564</joint><joint name="RElbowYaw">1.34564885329</joint><joint name="RHand">0.504</joint><joint name="LElbowRoll">-0.360532663584</joint><joint name="LShoulderPitch">1.40978795797</joint><joint name="LHand">0.3136</joint><joint name="LHipYawPitch">-0.177901410656</joint><joint name="LAnkleRoll">-0.0919980502019</joint><joint name="RAnklePitch">0.0920820005389</joint><joint name="LKneePitch">-0.0874800909002</joint><joint name="LHipRoll">0.0491299712461</joint><joint name="RAnkleRoll">0.165713951022</joint><joint name="RShoulderPitch">1.31613009965</joint><joint name="RElbowRoll">0.46169194703</joint><joint name="RKneePitch">-0.0873961405631</joint></state></actuators><speed>neutral_norm</speed></robot>