<robot name="nao"><emotion name="neutral" /><repeat>0</repeat><actuators><state><joint name="LShoulderRoll">0.328233600447</joint><joint name="LHipPitch">0.101285994349</joint><joint name="LElbowYaw">-1.03323491718</joint><joint name="LAnklePitch">-0.214802907031</joint><joint name="LWristYaw">0.0229680093575</joint><joint name="RShoulderRoll">-0.107421873868</joint><joint name="RWristYaw">-0.0429940917278</joint><joint name="HeadYaw">-0.137881010908</joint><joint name="RHipPitch">0.116542091874</joint><joint name="HeadPitch">0.251327412287</joint><joint name="RElbowYaw">0.916297857297</joint><joint name="RHand">0.0</joint><joint name="LElbowRoll">-1.52322039671</joint><joint name="RKneePitch">0.245482304622</joint><joint name="LShoulderPitch">0.765424615438</joint><joint name="RHipYawPitch">-0.254601649964</joint><joint name="LHand">0.0</joint><joint name="LHipYawPitch">-0.254601649964</joint><joint name="LAnkleRoll">-0.0873961405631</joint><joint name="RAnklePitch">-0.121144001513</joint><joint name="LKneePitch">0.352778165718</joint><joint name="LHipRoll">0.0920820005389</joint><joint name="RAnkleRoll">0.159577896971</joint><joint name="RShoulderPitch">1.03855991673</joint><joint name="RElbowRoll">1.52637246134</joint><joint name="RHipRoll">-0.159493946634</joint></state><state><joint name="LShoulderRoll">0.289883480793</joint><joint name="LHipPitch">0.101285994349</joint><joint name="LElbowYaw">-1.89607333949</joint><joint name="LAnklePitch">-0.214802907031</joint><joint name="LWristYaw">-1.07691003638</joint><joint name="RShoulderRoll">-0.107421873868</joint><joint name="RWristYaw">-0.0429940917278</joint><joint name="HeadYaw">0.441568300755</joint><joint name="RHipPitch">0.116542091874</joint><joint name="HeadPitch">-0.351327797109</joint><joint name="RElbowYaw">0.916297857297</joint><joint name="RHand">0.0</joint><joint name="LElbowRoll">-1.26704271444</joint><joint name="RKneePitch">0.245482304622</joint><joint name="LShoulderPitch">1.05995241737</joint><joint name="RHipYawPitch">-0.254601649964</joint><joint name="LHand">0.552</joint><joint name="LHipYawPitch">-0.254601649964</joint><joint name="LAnkleRoll">-0.0873961405631</joint><joint name="RAnklePitch">-0.121144001513</joint><joint name="LKneePitch">0.352778165718</joint><joint name="LHipRoll">0.0920820005389</joint><joint name="RAnkleRoll">0.159577896971</joint><joint name="RShoulderPitch">1.03855991673</joint><joint name="RElbowRoll">1.52637246134</joint><joint name="RHipRoll">-0.159493946634</joint></state><state><joint name="LShoulderRoll">0.289883480793</joint><joint name="LHipPitch">0.101285994349</joint><joint name="LElbowYaw">-1.89607333949</joint><joint name="LAnklePitch">-0.214802907031</joint><joint name="LWristYaw">-1.07691003638</joint><joint name="RShoulderRoll">-0.107421873868</joint><joint name="RWristYaw">-0.0429940917278</joint><joint name="HeadYaw">0.441568300755</joint><joint name="RHipPitch">0.116542091874</joint><joint name="HeadPitch">0.251327412287</joint><joint name="RElbowYaw">0.916297857297</joint><joint name="RHand">0.0</joint><joint name="LElbowRoll">-1.26704271444</joint><joint name="RKneePitch">0.245482304622</joint><joint name="LShoulderPitch">1.05995241737</joint><joint name="RHipYawPitch">-0.254601649964</joint><joint name="LHand">0.552</joint><joint name="LHipYawPitch">-0.254601649964</joint><joint name="LAnkleRoll">-0.0873961405631</joint><joint name="RAnklePitch">-0.121144001513</joint><joint name="LKneePitch">0.352778165718</joint><joint name="LHipRoll">0.0920820005389</joint><joint name="RAnkleRoll">0.159577896971</joint><joint name="RShoulderPitch">1.03855991673</joint><joint name="RElbowRoll">1.52637246134</joint><joint name="RHipRoll">-0.159493946634</joint></state><state><joint name="LShoulderRoll">0.328233600447</joint><joint name="LHipPitch">0.101285994349</joint><joint name="LElbowYaw">-1.03323491718</joint><joint name="LAnklePitch">-0.214802907031</joint><joint name="LWristYaw">0.0229680093575</joint><joint name="RShoulderRoll">-0.107421873868</joint><joint name="RWristYaw">-0.0429940917278</joint><joint name="HeadYaw">0.350811179651</joint><joint name="RHipPitch">0.116542091874</joint><joint name="HeadPitch">0.251327412287</joint><joint name="RElbowYaw">0.916297857297</joint><joint name="RHand">0.0</joint><joint name="LElbowRoll">-1.52322039671</joint><joint name="RKneePitch">0.245482304622</joint><joint name="LShoulderPitch">0.765424615438</joint><joint name="RHipYawPitch">-0.254601649964</joint><joint name="LHand">0.0</joint><joint name="LHipYawPitch">-0.254601649964</joint><joint name="LAnkleRoll">-0.0873961405631</joint><joint name="RAnklePitch">-0.121144001513</joint><joint name="LKneePitch">0.352778165718</joint><joint name="LHipRoll">0.0920820005389</joint><joint name="RAnkleRoll">0.159577896971</joint><joint name="RShoulderPitch">1.03855991673</joint><joint name="RElbowRoll">1.52637246134</joint><joint name="RHipRoll">-0.159493946634</joint></state><state><joint name="LShoulderRoll">0.328233600447</joint><joint name="LHipPitch">-0.671850532921</joint><joint name="LElbowYaw">-1.03323491718</joint><joint name="LAnklePitch">-0.282298279864</joint><joint name="LWristYaw">0.0229680093575</joint><joint name="RShoulderRoll">-4.19617294752e-05</joint><joint name="RWristYaw">1.43271460302</joint><joint name="HeadYaw">0.350811179651</joint><joint name="RHipPitch">-0.535407673317</joint><joint name="HeadPitch">0.251327412287</joint><joint name="RElbowYaw">1.93433095669</joint><joint name="RHand">0.6016</joint><joint name="LElbowRoll">-1.52322039671</joint><joint name="RKneePitch">0.520067974522</joint><joint name="LShoulderPitch">0.765424615438</joint><joint name="RHipYawPitch">-0.309825612826</joint><joint name="LHand">0.0</joint><joint name="LHipYawPitch">-0.309825612826</joint><joint name="LAnkleRoll">-0.00302601695052</joint><joint name="RAnklePitch">0.0307219836253</joint><joint name="LKneePitch">0.938765480758</joint><joint name="LHipRoll">0.0368580376765</joint><joint name="RAnkleRoll">0.168782065314</joint><joint name="RShoulderPitch">1.17815484096</joint><joint name="RElbowRoll">1.31774801987</joint><joint name="RHipRoll">-0.0367740873395</joint></state><state><joint name="LShoulderRoll">0.328233600447</joint><joint name="LHipPitch">-0.671850532921</joint><joint name="LElbowYaw">-1.03323491718</joint><joint name="LAnklePitch">-0.282298279864</joint><joint name="LWristYaw">0.0229680093575</joint><joint name="RShoulderRoll">-4.19617294752e-05</joint><joint name="RWristYaw">1.43271460302</joint><joint name="HeadYaw">-0.137881010908</joint><joint name="RHipPitch">-0.535407673317</joint><joint name="HeadPitch">0.251327412287</joint><joint name="RElbowYaw">1.93433095669</joint><joint name="RHand">0.6016</joint><joint name="LElbowRoll">-1.52322039671</joint><joint name="RKneePitch">0.520067974522</joint><joint name="LShoulderPitch">0.765424615438</joint><joint name="RHipYawPitch">-0.309825612826</joint><joint name="LHand">0.0</joint><joint name="LHipYawPitch">-0.309825612826</joint><joint name="LAnkleRoll">-0.00302601695052</joint><joint name="RAnklePitch">0.0307219836253</joint><joint name="LKneePitch">0.938765480758</joint><joint name="LHipRoll">0.0368580376765</joint><joint name="RAnkleRoll">0.168782065314</joint><joint name="RShoulderPitch">1.17815484096</joint><joint name="RElbowRoll">1.31774801987</joint><joint name="RHipRoll">-0.0367740873395</joint></state><state><joint name="LShoulderRoll">0.328233600447</joint><joint name="LHipPitch">-0.671850532921</joint><joint name="LElbowYaw">-1.03323491718</joint><joint name="LAnklePitch">-0.282298279864</joint><joint name="LWristYaw">0.0229680093575</joint><joint name="RShoulderRoll">-4.19617294752e-05</joint><joint name="RWristYaw">1.43271460302</joint><joint name="HeadYaw">-0.137881010908</joint><joint name="RHipPitch">-0.535407673317</joint><joint name="HeadPitch">-0.400415182322</joint><joint name="RElbowYaw">1.93433095669</joint><joint name="RHand">0.6016</joint><joint name="LElbowRoll">-1.52322039671</joint><joint name="RKneePitch">0.520067974522</joint><joint name="LShoulderPitch">0.765424615438</joint><joint name="RHipYawPitch">-0.309825612826</joint><joint name="LHand">0.0</joint><joint name="LHipYawPitch">-0.309825612826</joint><joint name="LAnkleRoll">-0.00302601695052</joint><joint name="RAnklePitch">0.0307219836253</joint><joint name="LKneePitch">0.938765480758</joint><joint name="LHipRoll">0.0368580376765</joint><joint name="RAnkleRoll">0.168782065314</joint><joint name="RShoulderPitch">1.17815484096</joint><joint name="RElbowRoll">1.31774801987</joint><joint name="RHipRoll">-0.0367740873395</joint></state><state><joint name="LShoulderRoll">0.299088347268</joint><joint name="LHipPitch">-0.671850532921</joint><joint name="LElbowYaw">-2.08566845613</joint><joint name="LAnklePitch">-0.282298279864</joint><joint name="LWristYaw">-1.44813807762</joint><joint name="RShoulderRoll">-4.19617294752e-05</joint><joint name="RWristYaw">1.43271460302</joint><joint name="HeadYaw">0.137881010908</joint><joint name="RHipPitch">-0.535407673317</joint><joint name="HeadPitch">-0.400415182322</joint><joint name="RElbowYaw">1.93433095669</joint><joint name="RHand">0.6016</joint><joint name="LElbowRoll">-1.20875046275</joint><joint name="RKneePitch">0.520067974522</joint><joint name="LShoulderPitch">1.08449523731</joint><joint name="RHipYawPitch">-0.309825612826</joint><joint name="LHand">0.7544</joint><joint name="LHipYawPitch">-0.309825612826</joint><joint name="LAnkleRoll">-0.00302601695052</joint><joint name="RAnklePitch">0.0307219836253</joint><joint name="LKneePitch">0.938765480758</joint><joint name="LHipRoll">0.0368580376765</joint><joint name="RAnkleRoll">0.168782065314</joint><joint name="RShoulderPitch">1.17815484096</joint><joint name="RElbowRoll">1.31774801987</joint><joint name="RHipRoll">-0.0367740873395</joint></state><state><joint name="LShoulderRoll">0.299088347268</joint><joint name="LHipPitch">-0.424875971788</joint><joint name="LElbowYaw">-2.08566845613</joint><joint name="LAnklePitch">-0.306841099805</joint><joint name="LWristYaw">-1.44813807762</joint><joint name="RShoulderRoll">0.00302601695052</joint><joint name="RWristYaw">1.13358436785</joint><joint name="HeadYaw">0.137881010908</joint><joint name="RHipPitch">-0.323716688343</joint><joint name="HeadPitch">-0.400415182322</joint><joint name="RElbowYaw">1.78400574822</joint><joint name="RHand">0.446</joint><joint name="LElbowRoll">-1.20875046275</joint><joint name="RKneePitch">0.42342560318</joint><joint name="LShoulderPitch">1.08449523731</joint><joint name="RHipYawPitch">-0.300622491681</joint><joint name="LHand">0.7544</joint><joint name="LHipYawPitch">-0.300622491681</joint><joint name="LAnkleRoll">-0.0367740873395</joint><joint name="RAnklePitch">-0.0567160448399</joint><joint name="LKneePitch">0.742414194579</joint><joint name="LHipRoll">0.0429940917278</joint><joint name="RAnkleRoll">0.15037390316</joint><joint name="RShoulderPitch">1.17815484096</joint><joint name="RElbowRoll">1.34842741746</joint><joint name="RHipRoll">-0.0705221228219</joint></state><state name="pivot"><joint name="LShoulderRoll">0.289883480793</joint><joint name="LHipPitch">-0.424875971788</joint><joint name="LElbowYaw">-1.89607333949</joint><joint name="LAnklePitch">-0.306841099805</joint><joint name="LWristYaw">-1.07691003638</joint><joint name="RShoulderRoll">0.00302601695052</joint><joint name="RWristYaw">1.13358436785</joint><joint name="HeadYaw">0.197222205475</joint><joint name="RHipPitch">-0.323716688343</joint><joint name="HeadPitch">-0.351327797109</joint><joint name="RElbowYaw">1.78400574822</joint><joint name="RHand">0.446</joint><joint name="LElbowRoll">-1.26704271444</joint><joint name="RKneePitch">0.42342560318</joint><joint name="LShoulderPitch">1.05995241737</joint><joint name="RHipYawPitch">-0.300622491681</joint><joint name="LHand">0.552</joint><joint name="LHipYawPitch">-0.300622491681</joint><joint name="LAnkleRoll">-0.0367740873395</joint><joint name="RAnklePitch">-0.0567160448399</joint><joint name="LKneePitch">0.742414194579</joint><joint name="LHipRoll">0.0429940917278</joint><joint name="RAnkleRoll">0.15037390316</joint><joint name="RShoulderPitch">1.17815484096</joint><joint name="RElbowRoll">1.34842741746</joint><joint name="RHipRoll">-0.0705221228219</joint></state></actuators><speed>neutral_norm</speed></robot>