<robot name="nao"><emotion name="neutral" /><repeat>0</repeat><actuators><state><joint name="LShoulderRoll">0.179144085083</joint><joint name="LHipPitch">0.123486407902</joint><joint name="LElbowYaw">-1.19830641251</joint><joint name="LAnklePitch">0.0850586210959</joint><joint name="LWristYaw">0.0979030226601</joint><joint name="RShoulderRoll">-0.179144085083</joint><joint name="RWristYaw">0.101773988408</joint><joint name="RHipYawPitch">-0.169999956066</joint><joint name="RHipPitch">0.123486407902</joint><joint name="HeadPitch">-0.251327412287</joint><joint name="RElbowYaw">1.19830641251</joint><joint name="RHand">0.302524</joint><joint name="LElbowRoll">-0.413145613886</joint><joint name="RKneePitch">-0.0811279650875</joint><joint name="LShoulderPitch">1.47005592237</joint><joint name="LHand">0.302524</joint><joint name="LHipYawPitch">-0.169999956066</joint><joint name="LAnkleRoll">-0.12259192666</joint><joint name="RAnklePitch">0.0850586210959</joint><joint name="LKneePitch">-0.0811279650875</joint><joint name="LHipRoll">0.0915526421768</joint><joint name="RAnkleRoll">0.12259192666</joint><joint name="RShoulderPitch">1.47005592237</joint><joint name="RElbowRoll">0.413145613886</joint><joint name="RHipRoll">-0.0915526421768</joint></state><state><joint name="LShoulderRoll">0.179144085083</joint><joint name="LHipPitch">-0.121144001513</joint><joint name="LElbowYaw">-1.19830641251</joint><joint name="LAnklePitch">0.0904640803223</joint><joint name="LWristYaw">-0.541052068118</joint><joint name="RShoulderRoll">-0.179144085083</joint><joint name="RWristYaw">0.541052068118</joint><joint name="RHipYawPitch">-0.208582553577</joint><joint name="RHipPitch">-0.108955843747</joint><joint name="HeadPitch">-0.0698131700798</joint><joint name="RElbowYaw">1.19830641251</joint><joint name="RHand">0.302524</joint><joint name="LElbowRoll">-1.39102741384</joint><joint name="RKneePitch">0.0383920075561</joint><joint name="LShoulderPitch">1.85004900711</joint><joint name="LHand">0.302524</joint><joint name="LHipYawPitch">-0.208582553577</joint><joint name="LAnkleRoll">-0.154892036995</joint><joint name="RAnklePitch">0.0997520244697</joint><joint name="LKneePitch">0.0413761715112</joint><joint name="LHipRoll">0.144238023642</joint><joint name="RAnkleRoll">0.0475960013665</joint><joint name="RShoulderPitch">1.85004900711</joint><joint name="RElbowRoll">1.39102741384</joint><joint name="RHipRoll">-0.00302601695052</joint></state><state><joint name="LShoulderRoll">0.249582083035</joint><joint name="LHipPitch">-0.121144001513</joint><joint name="LElbowYaw">-2.08566845613</joint><joint name="LAnklePitch">0.0904640803223</joint><joint name="LWristYaw">-1.82386906833</joint><joint name="RShoulderRoll">-0.249582083035</joint><joint name="RWristYaw">1.82386906833</joint><joint name="RHipYawPitch">-0.208582553577</joint><joint name="RHipPitch">-0.108955843747</joint><joint name="HeadPitch">-0.0698131700798</joint><joint name="RElbowYaw">2.08566845613</joint><joint name="RHand">0.75</joint><joint name="LElbowRoll">-0.713839664066</joint><joint name="RKneePitch">0.0383920075561</joint><joint name="LShoulderPitch">1.58650429006</joint><joint name="LHand">0.75</joint><joint name="LHipYawPitch">-0.208582553577</joint><joint name="LAnkleRoll">-0.154892036995</joint><joint name="RAnklePitch">0.0997520244697</joint><joint name="LKneePitch">0.0413761715112</joint><joint name="LHipRoll">0.144238023642</joint><joint name="RAnkleRoll">0.0475960013665</joint><joint name="RShoulderPitch">1.58650429006</joint><joint name="RElbowRoll">0.713839664066</joint><joint name="RHipRoll">-0.00302601695052</joint></state><state><joint name="LShoulderRoll">0.249582083035</joint><joint name="LHipPitch">0.107421873868</joint><joint name="LElbowYaw">-2.08566845613</joint><joint name="LAnklePitch">0.105803953651</joint><joint name="LWristYaw">-1.82386906833</joint><joint name="RShoulderRoll">-0.249582083035</joint><joint name="RWristYaw">1.82386906833</joint><joint name="RHipYawPitch">-0.17483486716</joint><joint name="RHipPitch">0.141086133546</joint><joint name="HeadPitch">-0.10471975512</joint><joint name="RElbowYaw">2.08566845613</joint><joint name="RHand">0.75</joint><joint name="LElbowRoll">-0.834267382453</joint><joint name="RKneePitch">-0.0919980502019</joint><joint name="LShoulderPitch">1.58650429006</joint><joint name="LHand">0.75</joint><joint name="LHipYawPitch">-0.17483486716</joint><joint name="LAnkleRoll">-0.239261951168</joint><joint name="RAnklePitch">0.0966839101776</joint><joint name="LKneePitch">-0.0844118020752</joint><joint name="LHipRoll">0.285366568689</joint><joint name="RAnkleRoll">-0.0291040634087</joint><joint name="RShoulderPitch">1.58650429006</joint><joint name="RElbowRoll">0.834267382453</joint><joint name="RHipRoll">0.113558102452</joint></state><state name="pivot"><joint name="LShoulderRoll">0.249582083035</joint><joint name="LHipPitch">0.107421873868</joint><joint name="LElbowYaw">-2.08566845613</joint><joint name="LAnklePitch">0.105803953651</joint><joint name="LWristYaw">-1.82386906833</joint><joint name="RShoulderRoll">-0.249582083035</joint><joint name="RWristYaw">1.82386906833</joint><joint name="RHipYawPitch">-0.17483486716</joint><joint name="RHipPitch">0.141086133546</joint><joint name="HeadPitch">-0.10471975512</joint><joint name="RElbowYaw">2.08566845613</joint><joint name="RHand">0.75</joint><joint name="LElbowRoll">-0.834267382453</joint><joint name="RKneePitch">-0.0919980502019</joint><joint name="LShoulderPitch">1.58650429006</joint><joint name="LHand">0.75</joint><joint name="LHipYawPitch">-0.17483486716</joint><joint name="LAnkleRoll">-0.239261951168</joint><joint name="RAnklePitch">0.0966839101776</joint><joint name="LKneePitch">-0.0844118020752</joint><joint name="LHipRoll">0.285366568689</joint><joint name="RAnkleRoll">-0.0291040634087</joint><joint name="RShoulderPitch">1.58650429006</joint><joint name="RElbowRoll">0.834267382453</joint><joint name="RHipRoll">0.113558102452</joint></state></actuators><speed>neutral_norm</speed></robot>