<robot name="nao"><emotion name="neutral" /><repeat>0</repeat><actuators><state><joint name="LShoulderRoll">-0.0184500500558</joint><joint name="LHipPitch">-0.0045599868301</joint><joint name="LElbowYaw">-1.42973009</joint><joint name="LAnklePitch">-0.187190052935</joint><joint name="LWristYaw">-0.724089982763</joint><joint name="RShoulderRoll">-0.081343862316</joint><joint name="RWristYaw">0.842124854746</joint><joint name="HeadYaw">-0.0245859295741</joint><joint name="RHipPitch">-0.0598679349361</joint><joint name="HeadPitch">0.265340660851</joint><joint name="RElbowYaw">1.30845937759</joint><joint name="RHand">0.674</joint><joint name="LElbowRoll">-1.29772211203</joint><joint name="RKneePitch">0.408085904384</joint><joint name="LShoulderPitch">1.44566320074</joint><joint name="RHipYawPitch">-0.184037988306</joint><joint name="LHand">0.68</joint><joint name="LHipYawPitch">-0.184037988306</joint><joint name="LAnkleRoll">-0.0490460209091</joint><joint name="RAnklePitch">-0.208582553577</joint><joint name="LKneePitch">0.34204090016</joint><joint name="LHipRoll">0.0337899233845</joint><joint name="RAnkleRoll">0.0767419526773</joint><joint name="RShoulderPitch">1.47028979649</joint><joint name="RElbowRoll">1.230310515</joint><joint name="RHipRoll">-0.0659200386503</joint></state><state><joint name="LShoulderRoll">-0.107421873868</joint><joint name="LHipPitch">0.0322559535049</joint><joint name="LElbowYaw">-0.97530045799</joint><joint name="LAnklePitch">-0.116626042211</joint><joint name="LWristYaw">-0.122601700504</joint><joint name="RShoulderRoll">-0.081343862316</joint><joint name="RWristYaw">0.842124854746</joint><joint name="HeadYaw">-0.0245859295741</joint><joint name="RHipPitch">0.101202044012</joint><joint name="HeadPitch">0.265340660851</joint><joint name="RElbowYaw">1.30845937759</joint><joint name="RHand">0.674</joint><joint name="LElbowRoll">-1.42827274008</joint><joint name="RKneePitch">0.0736740129181</joint><joint name="LShoulderPitch">1.15727023113</joint><joint name="RHipYawPitch">-0.173300024616</joint><joint name="LHand">0.35</joint><joint name="LHipYawPitch">-0.173300024616</joint><joint name="LAnkleRoll">0.0245859295741</joint><joint name="RAnklePitch">-0.0413761715112</joint><joint name="LKneePitch">0.225456396785</joint><joint name="LHipRoll">-0.0321720031679</joint><joint name="RAnkleRoll">0.11969398197</joint><joint name="RShoulderPitch">1.47028979649</joint><joint name="RElbowRoll">1.230310515</joint><joint name="RHipRoll">-0.0904640803223</joint></state><state><joint name="LShoulderRoll">-0.107421873868</joint><joint name="LHipPitch">0.0322559535049</joint><joint name="LElbowYaw">-0.97530045799</joint><joint name="LAnklePitch">-0.116626042211</joint><joint name="LWristYaw">-0.122601700504</joint><joint name="RShoulderRoll">-0.00576586971689</joint><joint name="RWristYaw">0.229898259731</joint><joint name="HeadYaw">-0.0245859295741</joint><joint name="RHipPitch">0.101202044012</joint><joint name="HeadPitch">0.265340660851</joint><joint name="RElbowYaw">0.858998697954</joint><joint name="RHand">0.44</joint><joint name="LElbowRoll">-1.42827274008</joint><joint name="RKneePitch">0.0736740129181</joint><joint name="LShoulderPitch">1.15727023113</joint><joint name="RHipYawPitch">-0.173300024616</joint><joint name="LHand">0.35</joint><joint name="LHipYawPitch">-0.173300024616</joint><joint name="LAnkleRoll">0.0245859295741</joint><joint name="RAnklePitch">-0.0413761715112</joint><joint name="LKneePitch">0.225456396785</joint><joint name="LHipRoll">-0.0321720031679</joint><joint name="RAnkleRoll">0.11969398197</joint><joint name="RShoulderPitch">1.21349426766</joint><joint name="RElbowRoll">1.47197229389</joint><joint name="RHipRoll">-0.0904640803223</joint></state><state name="pivot"><joint name="LShoulderRoll">-0.107421873868</joint><joint name="LHipPitch">0.0322559535049</joint><joint name="LElbowYaw">-0.97530045799</joint><joint name="LAnklePitch">-0.116626042211</joint><joint name="LWristYaw">-0.122601700504</joint><joint name="RShoulderRoll">-0.00576586971689</joint><joint name="RWristYaw">0.229898259731</joint><joint name="HeadYaw">0.0</joint><joint name="RHipPitch">0.101202044012</joint><joint name="HeadPitch">-0.11344640138</joint><joint name="RElbowYaw">0.858998697954</joint><joint name="RHand">0.44</joint><joint name="LElbowRoll">-1.42827274008</joint><joint name="RKneePitch">0.0736740129181</joint><joint name="LShoulderPitch">1.15727023113</joint><joint name="RHipYawPitch">-0.173300024616</joint><joint name="LHand">0.35</joint><joint name="LHipYawPitch">-0.173300024616</joint><joint name="LAnkleRoll">0.0245859295741</joint><joint name="RAnklePitch">-0.0413761715112</joint><joint name="LKneePitch">0.225456396785</joint><joint name="LHipRoll">-0.0321720031679</joint><joint name="RAnkleRoll">0.11969398197</joint><joint name="RShoulderPitch">1.21349426766</joint><joint name="RElbowRoll">1.47197229389</joint><joint name="RHipRoll">-0.0904640803223</joint></state></actuators><speed>neutral_norm</speed></robot>