<robot name="nao"><emotion name="neutral" /><repeat>0</repeat><actuators><state><joint name="LShoulderRoll">-0.226892802759</joint><joint name="LHipPitch">0.29150140101</joint><joint name="LElbowYaw">-0.990921154795</joint><joint name="LAnklePitch">0.035239942927</joint><joint name="LWristYaw">-0.245398528818</joint><joint name="RShoulderRoll">0.0215179898149</joint><joint name="RWristYaw">0.7885188121</joint><joint name="HeadYaw">0.0583337905236</joint><joint name="RHipPitch">0.292951769618</joint><joint name="HeadPitch">0.0398422016316</joint><joint name="RElbowYaw">1.41745868003</joint><joint name="RHand">0.6972</joint><joint name="LElbowRoll">-1.32848528542</joint><joint name="RKneePitch">-0.0827938818586</joint><joint name="LShoulderPitch">1.39598240359</joint><joint name="RHipYawPitch">-0.307977309148</joint><joint name="LHand">0.17</joint><joint name="LHipYawPitch">-0.307977309148</joint><joint name="LAnkleRoll">-0.095065989961</joint><joint name="RAnklePitch">0.0414601218482</joint><joint name="LKneePitch">-0.0874800909002</joint><joint name="LHipRoll">0.0782759225568</joint><joint name="RAnkleRoll">0.168782065314</joint><joint name="RShoulderPitch">1.37135406251</joint><joint name="RElbowRoll">1.08909767055</joint><joint name="RHipRoll">-0.190174565956</joint></state><state name="pivot"><joint name="LShoulderRoll">-0.226892802759</joint><joint name="LHipPitch">0.29150140101</joint><joint name="LElbowYaw">-0.990921154795</joint><joint name="LAnklePitch">0.035239942927</joint><joint name="LWristYaw">-0.245398528818</joint><joint name="RShoulderRoll">0.226892802759</joint><joint name="RWristYaw">0.240879871385</joint><joint name="HeadYaw">0.0767419526773</joint><joint name="RHipPitch">0.292951769618</joint><joint name="HeadPitch">-0.0736740129181</joint><joint name="RElbowYaw">0.964927966245</joint><joint name="RHand">0.17</joint><joint name="LElbowRoll">-1.32848528542</joint><joint name="RKneePitch">-0.0827938818586</joint><joint name="LShoulderPitch">1.39598240359</joint><joint name="RHipYawPitch">-0.307977309148</joint><joint name="LHand">0.17</joint><joint name="LHipYawPitch">-0.307977309148</joint><joint name="LAnkleRoll">-0.095065989961</joint><joint name="RAnklePitch">0.0414601218482</joint><joint name="LKneePitch">-0.0874800909002</joint><joint name="LHipRoll">0.0782759225568</joint><joint name="RAnkleRoll">0.168782065314</joint><joint name="RShoulderPitch">1.36675162927</joint><joint name="RElbowRoll">1.33453808727</joint><joint name="RHipRoll">-0.190174565956</joint></state></actuators><speed>neutral_norm</speed></robot>