<robot name="nao"><emotion name="neutral" /><repeat>0</repeat><actuators><state><joint name="LShoulderRoll">0.00523598775598</joint><joint name="LHipPitch">-0.268492725481</joint><joint name="LElbowYaw">-0.799360797413</joint><joint name="LAnklePitch">-0.10887189341</joint><joint name="LWristYaw">-0.733038285838</joint><joint name="RShoulderRoll">-0.0925024503557</joint><joint name="RWristYaw">-0.425860337487</joint><joint name="HeadYaw">0.0506639411257</joint><joint name="RHipPitch">-0.217785674722</joint><joint name="HeadPitch">0.0</joint><joint name="RElbowYaw">1.11177473352</joint><joint name="RHand">0.09</joint><joint name="LElbowRoll">-1.15715329407</joint><joint name="RKneePitch">0.418739394138</joint><joint name="LShoulderPitch">1.63537350912</joint><joint name="RHipYawPitch">-0.193242854781</joint><joint name="LHand">0.35</joint><joint name="LHipYawPitch">-0.193242854781</joint><joint name="LAnkleRoll">-0.116542091874</joint><joint name="RAnklePitch">-0.136567999711</joint><joint name="LKneePitch">0.434164614068</joint><joint name="LHipRoll">0.115092072331</joint><joint name="RAnkleRoll">0.0936159704185</joint><joint name="RShoulderPitch">1.12573736754</joint><joint name="RElbowRoll">0.989601685881</joint><joint name="RHipRoll">-0.0122299234945</joint></state><state name="pivot"><joint name="LShoulderRoll">0.00523598775598</joint><joint name="LHipPitch">-0.426410116201</joint><joint name="LElbowYaw">-1.46258591317</joint><joint name="LAnklePitch">-0.242414015797</joint><joint name="LWristYaw">-0.221656815003</joint><joint name="RShoulderRoll">-0.00523598775598</joint><joint name="RWristYaw">0.221656815003</joint><joint name="HeadYaw">0.0506639411257</joint><joint name="RHipPitch">-0.380474795618</joint><joint name="HeadPitch">-0.15037390316</joint><joint name="RElbowYaw">1.46258591317</joint><joint name="RHand">0.53</joint><joint name="LElbowRoll">-1.23569311041</joint><joint name="RKneePitch">0.516999685697</joint><joint name="LShoulderPitch">1.63537350912</joint><joint name="RHipYawPitch">-0.242330239993</joint><joint name="LHand">0.53</joint><joint name="LHipYawPitch">-0.242330239993</joint><joint name="LAnkleRoll">-0.116542091874</joint><joint name="RAnklePitch">-0.17483486716</joint><joint name="LKneePitch">0.619694858884</joint><joint name="LHipRoll">0.115092072331</joint><joint name="RAnkleRoll">0.0936159704185</joint><joint name="RShoulderPitch">1.63537350912</joint><joint name="RElbowRoll">1.23569311041</joint><joint name="RHipRoll">-0.0122299234945</joint></state></actuators><speed>neutral_norm</speed></robot>