<robot name="nao"><emotion name="neutral" /><repeat>0</repeat><actuators><state><joint name="LShoulderRoll">0.193731546971</joint><joint name="LHipPitch">-0.217785674722</joint><joint name="LElbowYaw">-1.34564885329</joint><joint name="LAnklePitch">-0.0907571211037</joint><joint name="LWristYaw">-0.733038285838</joint><joint name="RShoulderRoll">-0.0925024503557</joint><joint name="RWristYaw">0.221656815003</joint><joint name="HeadYaw">-0.0506639411257</joint><joint name="RHipPitch">-0.268492725481</joint><joint name="HeadPitch">0.0</joint><joint name="RElbowYaw">1.46258591317</joint><joint name="RHand">0.53</joint><joint name="LElbowRoll">-1.15715329407</joint><joint name="RKneePitch">0.434164614068</joint><joint name="LShoulderPitch">1.09606677025</joint><joint name="RHipYawPitch">-0.193242854781</joint><joint name="LHand">0.35</joint><joint name="LHipYawPitch">-0.193242854781</joint><joint name="LAnkleRoll">-0.124212115805</joint><joint name="RAnklePitch">-0.0907571211037</joint><joint name="LKneePitch">0.418739394138</joint><joint name="LHipRoll">0.0936159704185</joint><joint name="RAnkleRoll">0.11816001209</joint><joint name="RShoulderPitch">1.12573736754</joint><joint name="RElbowRoll">1.23569311041</joint><joint name="RHipRoll">-0.0919980502019</joint></state><state name="pivot"><joint name="LShoulderRoll">0.00523598775598</joint><joint name="LHipPitch">0.144238023642</joint><joint name="LElbowYaw">-1.46258591317</joint><joint name="LAnklePitch">0.0575958653158</joint><joint name="LWristYaw">-0.221656815003</joint><joint name="RShoulderRoll">-0.00523598775598</joint><joint name="RWristYaw">0.221656815003</joint><joint name="HeadYaw">-0.0506639411257</joint><joint name="RHipPitch">0.130347995323</joint><joint name="HeadPitch">-0.15037390316</joint><joint name="RElbowYaw">1.46258591317</joint><joint name="RHand">0.53</joint><joint name="LElbowRoll">-1.23569311041</joint><joint name="RKneePitch">-0.0873961405631</joint><joint name="LShoulderPitch">1.63537350912</joint><joint name="RHipYawPitch">-0.165630175218</joint><joint name="LHand">0.53</joint><joint name="LHipYawPitch">-0.165630175218</joint><joint name="LAnkleRoll">-0.124212115805</joint><joint name="RAnklePitch">0.0575958653158</joint><joint name="LKneePitch">-0.0859461210206</joint><joint name="LHipRoll">0.0936159704185</joint><joint name="RAnkleRoll">0.11816001209</joint><joint name="RShoulderPitch">1.63537350912</joint><joint name="RElbowRoll">1.23569311041</joint><joint name="RHipRoll">-0.0919980502019</joint></state></actuators><speed>neutral_norm</speed></robot>