<robot name="nao"><emotion name="neutral" /><repeat>0</repeat><actuators><state><joint name="LShoulderRoll">-0.0782759225568</joint><joint name="LHipPitch">0.23167500491</joint><joint name="LElbowYaw">-0.96185967742</joint><joint name="LAnklePitch">0.0751240324607</joint><joint name="LWristYaw">0.0935320200815</joint><joint name="RShoulderRoll">-0.0519610698257</joint><joint name="RWristYaw">-0.204063896143</joint><joint name="HeadYaw">0.089407807059</joint><joint name="RHipPitch">0.182503843893</joint><joint name="HeadPitch">0.0436332312999</joint><joint name="RElbowYaw">1.34564885329</joint><joint name="RHand">0.59</joint><joint name="LElbowRoll">-0.906551938754</joint><joint name="RKneePitch">0.0215179898149</joint><joint name="LShoulderPitch">1.39896691661</joint><joint name="RHipYawPitch">-0.328233600447</joint><joint name="LHand">0.1836</joint><joint name="LHipYawPitch">-0.328233600447</joint><joint name="LAnkleRoll">-0.0659200386503</joint><joint name="RAnklePitch">0.0383920075561</joint><joint name="LKneePitch">-0.0598679349361</joint><joint name="LHipRoll">0.0583337905236</joint><joint name="RAnkleRoll">0.17798518646</joint><joint name="RShoulderPitch">1.46040948759</joint><joint name="RElbowRoll">0.96799625507</joint><joint name="RHipRoll">-0.190174565956</joint></state><state><joint name="LShoulderRoll">0.0292213495344</joint><joint name="LHipPitch">0.31604596628</joint><joint name="LElbowYaw">-1.34564885329</joint><joint name="LAnklePitch">0.0490460209091</joint><joint name="LWristYaw">0.0045599868301</joint><joint name="RShoulderRoll">-0.0383920075561</joint><joint name="RWristYaw">-0.204063896143</joint><joint name="HeadYaw">0.089407807059</joint><joint name="RHipPitch">0.285282792885</joint><joint name="HeadPitch">0.0436332312999</joint><joint name="RElbowYaw">0.937231336345</joint><joint name="RHand">0.1648</joint><joint name="LElbowRoll">-0.871270107925</joint><joint name="RKneePitch">0.0322559535049</joint><joint name="LShoulderPitch">1.39896691661</joint><joint name="RHipYawPitch">-0.328233600447</joint><joint name="LHand">0.59</joint><joint name="LHipYawPitch">-0.328233600447</joint><joint name="LAnkleRoll">-0.0751240324607</joint><joint name="RAnklePitch">-0.0122299234945</joint><joint name="LKneePitch">-0.0491299712461</joint><joint name="LHipRoll">0.0890140607797</joint><joint name="RAnkleRoll">0.17798518646</joint><joint name="RShoulderPitch">1.46040948759</joint><joint name="RElbowRoll">0.992539075012</joint><joint name="RHipRoll">-0.200911831514</joint></state><state><joint name="LShoulderRoll">-0.0138480706039</joint><joint name="LHipPitch">0.31604596628</joint><joint name="LElbowYaw">-0.940383400975</joint><joint name="LAnklePitch">0.0490460209091</joint><joint name="LWristYaw">0.0459780811499</joint><joint name="RShoulderRoll">-0.0383920075561</joint><joint name="RWristYaw">-0.204063896143</joint><joint name="HeadYaw">0.0956279859802</joint><joint name="RHipPitch">0.285282792885</joint><joint name="HeadPitch">0.0459780811499</joint><joint name="RElbowYaw">0.937231336345</joint><joint name="RHand">0.1648</joint><joint name="LElbowRoll">-0.871270107925</joint><joint name="RKneePitch">0.0322559535049</joint><joint name="LShoulderPitch">1.39896691661</joint><joint name="RHipYawPitch">-0.328233600447</joint><joint name="LHand">0.1956</joint><joint name="LHipYawPitch">-0.328233600447</joint><joint name="LAnkleRoll">-0.0751240324607</joint><joint name="RAnklePitch">-0.0122299234945</joint><joint name="LKneePitch">-0.0491299712461</joint><joint name="LHipRoll">0.0890140607797</joint><joint name="RAnkleRoll">0.17798518646</joint><joint name="RShoulderPitch">1.46040948759</joint><joint name="RElbowRoll">0.992539075012</joint><joint name="RHipRoll">-0.200911831514</joint></state><state name="pivot"><joint name="LShoulderRoll">-0.0413761715112</joint><joint name="LHipPitch">0.23167500491</joint><joint name="LElbowYaw">-0.803774735092</joint><joint name="LAnklePitch">0.0751240324607</joint><joint name="LWristYaw">0.0123138389249</joint><joint name="RShoulderRoll">-0.0674541830628</joint><joint name="RWristYaw">-0.233125373518</joint><joint name="HeadYaw">0.0956279859802</joint><joint name="RHipPitch">0.182503843893</joint><joint name="HeadPitch">0.0459780811499</joint><joint name="RElbowYaw">0.796187788833</joint><joint name="RHand">0.1888</joint><joint name="LElbowRoll">-0.868285594904</joint><joint name="RKneePitch">0.0215179898149</joint><joint name="LShoulderPitch">1.33155357425</joint><joint name="RHipYawPitch">-0.328233600447</joint><joint name="LHand">0.2224</joint><joint name="LHipYawPitch">-0.328233600447</joint><joint name="LAnkleRoll">-0.0659200386503</joint><joint name="RAnklePitch">0.0383920075561</joint><joint name="LKneePitch">-0.0598679349361</joint><joint name="LHipRoll">0.0583337905236</joint><joint name="RAnkleRoll">0.17798518646</joint><joint name="RShoulderPitch">1.49714168703</joint><joint name="RElbowRoll">1.0630207062</joint><joint name="RHipRoll">-0.190174565956</joint></state></actuators><speed>neutral_norm</speed></robot>