<robot name="nao"><emotion name="neutral" /><repeat>0</repeat><actuators><state><joint name="LShoulderRoll">-0.165713951022</joint><joint name="LHipPitch">-0.0797259420994</joint><joint name="LElbowYaw">-1.62608137618</joint><joint name="LAnklePitch">-0.222471883764</joint><joint name="LWristYaw">-1.04009406114</joint><joint name="RShoulderRoll">0.240796095581</joint><joint name="RWristYaw">1.00012602127</joint><joint name="RHipYawPitch">-0.283748648472</joint><joint name="RHipPitch">-0.0445280616074</joint><joint name="HeadPitch">-0.230142605826</joint><joint name="RElbowYaw">1.7978113026</joint><joint name="RHand">0.14</joint><joint name="LElbowRoll">-1.50174412027</joint><joint name="RKneePitch">0.351327797109</joint><joint name="LShoulderPitch">1.07375797175</joint><joint name="LHand">0.14</joint><joint name="LHipYawPitch">-0.283748648472</joint><joint name="LAnkleRoll">-0.0674541830628</joint><joint name="RAnklePitch">-0.111940182235</joint><joint name="LKneePitch">0.506178644334</joint><joint name="LHipRoll">0.0997520244697</joint><joint name="RAnkleRoll">0.0491299712461</joint><joint name="RShoulderPitch">1.09992045724</joint><joint name="RElbowRoll">1.52330417252</joint><joint name="RHipRoll">0.0138480706039</joint></state><state><joint name="LShoulderRoll">-0.165713951022</joint><joint name="LHipPitch">-0.0797259420994</joint><joint name="LElbowYaw">-0.815068760681</joint><joint name="LAnklePitch">-0.222471883764</joint><joint name="LWristYaw">-1.04009406114</joint><joint name="RShoulderRoll">0.0505799907886</joint><joint name="RWristYaw">1.37749064016</joint><joint name="RHipYawPitch">-0.283748648472</joint><joint name="RHipPitch">-0.0445280616074</joint><joint name="HeadPitch">-0.207132184968</joint><joint name="RElbowYaw">1.7978113026</joint><joint name="RHand">0.8</joint><joint name="LElbowRoll">-1.50174412027</joint><joint name="RKneePitch">0.351327797109</joint><joint name="LShoulderPitch">1.07375797175</joint><joint name="LHand">0.14</joint><joint name="LHipYawPitch">-0.283748648472</joint><joint name="LAnkleRoll">-0.0674541830628</joint><joint name="RAnklePitch">-0.111940182235</joint><joint name="LKneePitch">0.506178644334</joint><joint name="LHipRoll">0.0997520244697</joint><joint name="RAnkleRoll">0.0491299712461</joint><joint name="RShoulderPitch">1.28246618904</joint><joint name="RElbowRoll">0.828401330837</joint><joint name="RHipRoll">0.0138480706039</joint></state><state><joint name="LShoulderRoll">-0.0920820005389</joint><joint name="LHipPitch">-0.0797259420994</joint><joint name="LElbowYaw">-1.62608137618</joint><joint name="LAnklePitch">-0.222471883764</joint><joint name="LWristYaw">-1.34689327304</joint><joint name="RShoulderRoll">0.0505799907886</joint><joint name="RWristYaw">1.37749064016</joint><joint name="RHipYawPitch">-0.283748648472</joint><joint name="RHipPitch">-0.0445280616074</joint><joint name="HeadPitch">-0.230142605826</joint><joint name="RElbowYaw">1.7978113026</joint><joint name="RHand">0.8</joint><joint name="LElbowRoll">-0.819114433887</joint><joint name="RKneePitch">0.351327797109</joint><joint name="LShoulderPitch">1.23176088361</joint><joint name="LHand">0.8</joint><joint name="LHipYawPitch">-0.283748648472</joint><joint name="LAnkleRoll">-0.0674541830628</joint><joint name="RAnklePitch">-0.111940182235</joint><joint name="LKneePitch">0.506178644334</joint><joint name="LHipRoll">0.0997520244697</joint><joint name="RAnkleRoll">0.0491299712461</joint><joint name="RShoulderPitch">1.28246618904</joint><joint name="RElbowRoll">0.828401330837</joint><joint name="RHipRoll">0.0138480706039</joint></state><state><joint name="LShoulderRoll">-0.0920820005389</joint><joint name="LHipPitch">-0.0797259420994</joint><joint name="LElbowYaw">-1.62608137618</joint><joint name="LAnklePitch">-0.222471883764</joint><joint name="LWristYaw">-1.34689327304</joint><joint name="RShoulderRoll">0.101202044012</joint><joint name="RWristYaw">1.37749064016</joint><joint name="RHipYawPitch">-0.283748648472</joint><joint name="RHipPitch">-0.0445280616074</joint><joint name="HeadPitch">-0.230142605826</joint><joint name="RElbowYaw">1.66741600886</joint><joint name="RHand">0.4812</joint><joint name="LElbowRoll">-0.819114433887</joint><joint name="RKneePitch">0.351327797109</joint><joint name="LShoulderPitch">1.23176088361</joint><joint name="LHand">0.8</joint><joint name="LHipYawPitch">-0.283748648472</joint><joint name="LAnkleRoll">-0.0674541830628</joint><joint name="RAnklePitch">-0.111940182235</joint><joint name="LKneePitch">0.506178644334</joint><joint name="LHipRoll">0.0997520244697</joint><joint name="RAnkleRoll">0.0491299712461</joint><joint name="RShoulderPitch">1.22417393735</joint><joint name="RElbowRoll">1.17815484096</joint><joint name="RHipRoll">0.0138480706039</joint></state><state><joint name="LShoulderRoll">-0.0721400430385</joint><joint name="LHipPitch">0.0368580376765</joint><joint name="LElbowYaw">-1.62608137618</joint><joint name="LAnklePitch">-0.139636114003</joint><joint name="LWristYaw">-1.34689327304</joint><joint name="RShoulderRoll">0.101202044012</joint><joint name="RWristYaw">1.37749064016</joint><joint name="RHipYawPitch">-0.277612070822</joint><joint name="RHipPitch">0.0367740873395</joint><joint name="HeadPitch">-0.230142605826</joint><joint name="RElbowYaw">1.66741600886</joint><joint name="RHand">0.4812</joint><joint name="LElbowRoll">-0.819114433887</joint><joint name="RKneePitch">0.236277438147</joint><joint name="LShoulderPitch">1.16579790986</joint><joint name="LHand">0.4844</joint><joint name="LHipYawPitch">-0.277612070822</joint><joint name="LAnkleRoll">-0.0966001343735</joint><joint name="RAnklePitch">-0.0735900625811</joint><joint name="LKneePitch">0.317496334889</joint><joint name="LHipRoll">0.112024132572</joint><joint name="RAnkleRoll">0.0261198994536</joint><joint name="RShoulderPitch">1.22417393735</joint><joint name="RElbowRoll">1.17815484096</joint><joint name="RHipRoll">0.0261198994536</joint></state><state><joint name="LShoulderRoll">-0.0721400430385</joint><joint name="LHipPitch">0.0368580376765</joint><joint name="LElbowYaw">-1.62608137618</joint><joint name="LAnklePitch">-0.139636114003</joint><joint name="LWristYaw">-0.937241808321</joint><joint name="RShoulderRoll">0.101202044012</joint><joint name="RWristYaw">0.937241808321</joint><joint name="RHipYawPitch">-0.277612070822</joint><joint name="RHipPitch">0.0367740873395</joint><joint name="HeadPitch">0.101202044012</joint><joint name="RElbowYaw">1.66741600886</joint><joint name="RHand">0.4812</joint><joint name="LElbowRoll">-1.54461638801</joint><joint name="RKneePitch">0.236277438147</joint><joint name="LShoulderPitch">1.16579790986</joint><joint name="LHand">0.4844</joint><joint name="LHipYawPitch">-0.277612070822</joint><joint name="LAnkleRoll">-0.0966001343735</joint><joint name="RAnklePitch">-0.0735900625811</joint><joint name="LKneePitch">0.317496334889</joint><joint name="LHipRoll">0.112024132572</joint><joint name="RAnkleRoll">0.0261198994536</joint><joint name="RShoulderPitch">1.22417393735</joint><joint name="RElbowRoll">1.17815484096</joint><joint name="RHipRoll">0.0261198994536</joint></state><state><joint name="LShoulderRoll">0.12217304764</joint><joint name="LHipPitch">0.0368580376765</joint><joint name="LElbowYaw">-0.815068760681</joint><joint name="LAnklePitch">-0.139636114003</joint><joint name="LWristYaw">-0.937241808321</joint><joint name="RShoulderRoll">-0.12217304764</joint><joint name="RWristYaw">0.937241808321</joint><joint name="RHipYawPitch">-0.277612070822</joint><joint name="RHipPitch">0.0367740873395</joint><joint name="HeadPitch">-0.230142605826</joint><joint name="RElbowYaw">1.66741600886</joint><joint name="RHand">0.69</joint><joint name="LElbowRoll">-1.54461638801</joint><joint name="RKneePitch">0.236277438147</joint><joint name="LShoulderPitch">0.914552528045</joint><joint name="LHand">0.69</joint><joint name="LHipYawPitch">-0.277612070822</joint><joint name="LAnkleRoll">-0.0966001343735</joint><joint name="RAnklePitch">-0.0735900625811</joint><joint name="LKneePitch">0.317496334889</joint><joint name="LHipRoll">0.112024132572</joint><joint name="RAnkleRoll">0.0261198994536</joint><joint name="RShoulderPitch">0.914552528045</joint><joint name="RElbowRoll">1.54461638801</joint><joint name="RHipRoll">0.0261198994536</joint></state><state><joint name="LShoulderRoll">0.12217304764</joint><joint name="LHipPitch">0.242414015797</joint><joint name="LElbowYaw">-0.815068760681</joint><joint name="LAnklePitch">-0.0475960013665</joint><joint name="LWristYaw">-0.937241808321</joint><joint name="RShoulderRoll">-0.12217304764</joint><joint name="RWristYaw">0.937241808321</joint><joint name="RHipYawPitch">-0.311359757239</joint><joint name="RHipPitch">0.22238810796</joint><joint name="HeadPitch">-0.230142605826</joint><joint name="RElbowYaw">0.815068760681</joint><joint name="RHand">0.69</joint><joint name="LElbowRoll">-1.54461638801</joint><joint name="RKneePitch">-0.0521139606682</joint><joint name="LShoulderPitch">0.914552528045</joint><joint name="LHand">0.69</joint><joint name="LHipYawPitch">-0.311359757239</joint><joint name="LAnkleRoll">0.0660039889873</joint><joint name="RAnklePitch">0.0690719287465</joint><joint name="LKneePitch">0.0475120510295</joint><joint name="LHipRoll">-0.0674541830628</joint><joint name="RAnkleRoll">0.113558102452</joint><joint name="RShoulderPitch">0.914552528045</joint><joint name="RElbowRoll">1.54461638801</joint><joint name="RHipRoll">-0.105803953651</joint></state><state><joint name="LShoulderRoll">-0.00872664625997</joint><joint name="LHipPitch">0.242414015797</joint><joint name="LElbowYaw">-0.815068760681</joint><joint name="LAnklePitch">-0.0475960013665</joint><joint name="LWristYaw">0.391128285372</joint><joint name="RShoulderRoll">0.00872664625997</joint><joint name="RWristYaw">0.391128285372</joint><joint name="RHipYawPitch">-0.311359757239</joint><joint name="RHipPitch">0.22238810796</joint><joint name="HeadPitch">-0.207132184968</joint><joint name="RElbowYaw">0.815068760681</joint><joint name="RHand">0.04</joint><joint name="LElbowRoll">-1.27758101246</joint><joint name="RKneePitch">-0.0521139606682</joint><joint name="LShoulderPitch">1.12573736754</joint><joint name="LHand">0.04</joint><joint name="LHipYawPitch">-0.311359757239</joint><joint name="LAnkleRoll">0.0660039889873</joint><joint name="RAnklePitch">0.0690719287465</joint><joint name="LKneePitch">0.0475120510295</joint><joint name="LHipRoll">-0.0674541830628</joint><joint name="RAnkleRoll">0.113558102452</joint><joint name="RShoulderPitch">1.12573736754</joint><joint name="RElbowRoll">1.27758101246</joint><joint name="RHipRoll">-0.105803953651</joint></state><state name="pivot"><joint name="LShoulderRoll">-0.00872664625997</joint><joint name="LHipPitch">0.242414015797</joint><joint name="LElbowYaw">-0.815068760681</joint><joint name="LAnklePitch">-0.0475960013665</joint><joint name="LWristYaw">0.391128285372</joint><joint name="RShoulderRoll">0.00872664625997</joint><joint name="RWristYaw">0.391128285372</joint><joint name="RHipYawPitch">-0.311359757239</joint><joint name="RHipPitch">0.22238810796</joint><joint name="HeadPitch">-0.207132184968</joint><joint name="RElbowYaw">0.815068760681</joint><joint name="RHand">0.04</joint><joint name="LElbowRoll">-1.27758101246</joint><joint name="RKneePitch">-0.0521139606682</joint><joint name="LShoulderPitch">1.12573736754</joint><joint name="LHand">0.04</joint><joint name="LHipYawPitch">-0.311359757239</joint><joint name="LAnkleRoll">0.0660039889873</joint><joint name="RAnklePitch">0.0690719287465</joint><joint name="LKneePitch">0.0475120510295</joint><joint name="LHipRoll">-0.0674541830628</joint><joint name="RAnkleRoll">0.113558102452</joint><joint name="RShoulderPitch">1.12573736754</joint><joint name="RElbowRoll">1.27758101246</joint><joint name="RHipRoll">-0.105803953651</joint></state></actuators><speed>neutral_norm</speed></robot>