<robot name="nao"><emotion name="neutral" /><repeat>0</repeat><actuators><state><joint name="LShoulderRoll">0.128563047097</joint><joint name="LHipPitch">0.132240281298</joint><joint name="LElbowYaw">-1.18947504649</joint><joint name="LAnklePitch">0.0766944797216</joint><joint name="LWristYaw">-0.366798395599</joint><joint name="RShoulderRoll">-0.152328148324</joint><joint name="RWristYaw">-0.380616167287</joint><joint name="RHipYawPitch">-0.172169749392</joint><joint name="RHipPitch">0.119026044465</joint><joint name="HeadPitch">-0.199447500272</joint><joint name="RElbowYaw">1.19152755369</joint><joint name="RHand">0.618988</joint><joint name="LElbowRoll">-1.54151668326</joint><joint name="RKneePitch">-0.0789127932009</joint><joint name="LShoulderPitch">1.39286350021</joint><joint name="LHand">0.865834</joint><joint name="LHipYawPitch">-0.172169749392</joint><joint name="LAnkleRoll">-0.0743744135469</joint><joint name="RAnklePitch">0.0838159466685</joint><joint name="LKneePitch">-0.082839609485</joint><joint name="LHipRoll">0.0313471605634</joint><joint name="RAnkleRoll">0.157214721164</joint><joint name="RShoulderPitch">1.27026110158</joint><joint name="RElbowRoll">1.50368667173</joint><joint name="RHipRoll">-0.152360960514</joint></state><state><joint name="LShoulderRoll">0.128563047097</joint><joint name="LHipPitch">0.132240281298</joint><joint name="LElbowYaw">-1.18947504649</joint><joint name="LAnklePitch">0.0766944797216</joint><joint name="LWristYaw">-0.366798395599</joint><joint name="RShoulderRoll">-0.152328148324</joint><joint name="RWristYaw">-0.380616167287</joint><joint name="RHipYawPitch">-0.172169749392</joint><joint name="RHipPitch">0.119026044465</joint><joint name="HeadPitch">-0.199447500272</joint><joint name="RElbowYaw">1.19152755369</joint><joint name="RHand">0.618988</joint><joint name="LElbowRoll">-1.54151668326</joint><joint name="RKneePitch">-0.0789127932009</joint><joint name="LShoulderPitch">1.39286350021</joint><joint name="LHand">0.865834</joint><joint name="LHipYawPitch">-0.172169749392</joint><joint name="LAnkleRoll">-0.0743744135469</joint><joint name="RAnklePitch">0.0838159466685</joint><joint name="LKneePitch">-0.082839609485</joint><joint name="LHipRoll">0.0313471605634</joint><joint name="RAnkleRoll">0.157214721164</joint><joint name="RShoulderPitch">1.27026110158</joint><joint name="RElbowRoll">1.50368667173</joint><joint name="RHipRoll">-0.152360960514</joint></state><state><joint name="LShoulderRoll">0.128563047097</joint><joint name="LHipPitch">0.0423753725079</joint><joint name="LElbowYaw">-1.18947504649</joint><joint name="LAnklePitch">0.0918304985937</joint><joint name="LWristYaw">-0.366798395599</joint><joint name="RShoulderRoll">-0.152328148324</joint><joint name="RWristYaw">-0.380616167287</joint><joint name="RHipYawPitch">-0.172169749392</joint><joint name="RHipPitch">0.0441397258488</joint><joint name="HeadPitch">-0.199447500272</joint><joint name="RElbowYaw">1.19152755369</joint><joint name="RHand">0.618988</joint><joint name="LElbowRoll">-1.54151668326</joint><joint name="RKneePitch">-0.0789127932009</joint><joint name="LShoulderPitch">1.39286350021</joint><joint name="LHand">0.865834</joint><joint name="LHipYawPitch">-0.172169749392</joint><joint name="LAnkleRoll">-0.0899801005207</joint><joint name="RAnklePitch">0.0977339002556</joint><joint name="LKneePitch">-0.082839609485</joint><joint name="LHipRoll">0.0448106304133</joint><joint name="RAnkleRoll">0.13065272981</joint><joint name="RShoulderPitch">1.27026110158</joint><joint name="RElbowRoll">1.50368667173</joint><joint name="RHipRoll">-0.1100878643</joint></state><state><joint name="LShoulderRoll">0.128563047097</joint><joint name="LHipPitch">0.0423753725079</joint><joint name="LElbowYaw">-1.18947504649</joint><joint name="LAnklePitch">0.0918304985937</joint><joint name="LWristYaw">-0.366798395599</joint><joint name="RShoulderRoll">-0.189132604392</joint><joint name="RWristYaw">0.362682909223</joint><joint name="RHipYawPitch">-0.172169749392</joint><joint name="RHipPitch">0.0441397258488</joint><joint name="HeadPitch">-0.249749634643</joint><joint name="RElbowYaw">0.99639450733</joint><joint name="RHand">0.456782</joint><joint name="LElbowRoll">-1.54151668326</joint><joint name="RKneePitch">-0.0789127932009</joint><joint name="LShoulderPitch">1.39286350021</joint><joint name="LHand">0.865834</joint><joint name="LHipYawPitch">-0.172169749392</joint><joint name="LAnkleRoll">-0.0899801005207</joint><joint name="RAnklePitch">0.0977339002556</joint><joint name="LKneePitch">-0.082839609485</joint><joint name="LHipRoll">0.0448106304133</joint><joint name="RAnkleRoll">0.13065272981</joint><joint name="RShoulderPitch">1.22334839661</joint><joint name="RElbowRoll">1.53167128095</joint><joint name="RHipRoll">-0.1100878643</joint></state><state><joint name="LShoulderRoll">0.105837987571</joint><joint name="LHipPitch">0.0423753725079</joint><joint name="LElbowYaw">-1.01032747075</joint><joint name="LAnklePitch">0.0918304985937</joint><joint name="LWristYaw">-0.767361930907</joint><joint name="RShoulderRoll">-0.189132604392</joint><joint name="RWristYaw">0.362682909223</joint><joint name="RHipYawPitch">-0.172169749392</joint><joint name="RHipPitch">0.0441397258488</joint><joint name="HeadPitch">-0.249749634643</joint><joint name="RElbowYaw">0.99639450733</joint><joint name="RHand">0.456782</joint><joint name="LElbowRoll">-1.54151668326</joint><joint name="RKneePitch">-0.0789127932009</joint><joint name="LShoulderPitch">1.23728834135</joint><joint name="LHand">0.854073</joint><joint name="LHipYawPitch">-0.172169749392</joint><joint name="LAnkleRoll">-0.0899801005207</joint><joint name="RAnklePitch">0.0977339002556</joint><joint name="LKneePitch">-0.082839609485</joint><joint name="LHipRoll">0.0448106304133</joint><joint name="RAnkleRoll">0.13065272981</joint><joint name="RShoulderPitch">1.22334839661</joint><joint name="RElbowRoll">1.53167128095</joint><joint name="RHipRoll">-0.1100878643</joint></state><state><joint name="LShoulderRoll">0.105837987571</joint><joint name="LHipPitch">-0.00412396867637</joint><joint name="LElbowYaw">-1.01032747075</joint><joint name="LAnklePitch">0.101914487413</joint><joint name="LWristYaw">-0.767361930907</joint><joint name="RShoulderRoll">-0.204200031825</joint><joint name="RWristYaw">0.748807335629</joint><joint name="RHipYawPitch">-0.182170486006</joint><joint name="RHipPitch">0.00602971113991</joint><joint name="HeadPitch">0.0383972435439</joint><joint name="RElbowYaw">0.960135292119</joint><joint name="RHand">0.367645</joint><joint name="LElbowRoll">-1.54151668326</joint><joint name="RKneePitch">-0.0789127932009</joint><joint name="LShoulderPitch">1.23728834135</joint><joint name="LHand">0.854073</joint><joint name="LHipYawPitch">-0.182170486006</joint><joint name="LAnkleRoll">-0.100019234378</joint><joint name="RAnklePitch">0.109737402186</joint><joint name="LKneePitch">-0.082839609485</joint><joint name="LHipRoll">0.0448106304133</joint><joint name="RAnkleRoll">0.118971939259</joint><joint name="RShoulderPitch">1.21321152432</joint><joint name="RElbowRoll">1.53167128095</joint><joint name="RHipRoll">-0.09611126765</joint></state><state><joint name="LShoulderRoll">0.0918053658525</joint><joint name="LHipPitch">-0.00412396867637</joint><joint name="LElbowYaw">-0.96540793179</joint><joint name="LAnklePitch">0.101914487413</joint><joint name="LWristYaw">-0.95952791754</joint><joint name="RShoulderRoll">-0.204200031825</joint><joint name="RWristYaw">0.748807335629</joint><joint name="RHipYawPitch">-0.182170486006</joint><joint name="RHipPitch">0.00602971113991</joint><joint name="HeadPitch">0.0383972435439</joint><joint name="RElbowYaw">0.960135292119</joint><joint name="RHand">0.367645</joint><joint name="LElbowRoll">-1.54151668326</joint><joint name="RKneePitch">-0.0789127932009</joint><joint name="LShoulderPitch">1.20990063473</joint><joint name="LHand">0.843551</joint><joint name="LHipYawPitch">-0.182170486006</joint><joint name="LAnkleRoll">-0.100019234378</joint><joint name="RAnklePitch">0.109737402186</joint><joint name="LKneePitch">-0.082839609485</joint><joint name="LHipRoll">0.0448106304133</joint><joint name="RAnkleRoll">0.118971939259</joint><joint name="RShoulderPitch">1.21321152432</joint><joint name="RElbowRoll">1.53167128095</joint><joint name="RHipRoll">-0.09611126765</joint></state><state><joint name="LShoulderRoll">0.0918053658525</joint><joint name="LHipPitch">-0.0398422016316</joint><joint name="LElbowYaw">-0.96540793179</joint><joint name="LAnklePitch">0.101914487413</joint><joint name="LWristYaw">-0.95952791754</joint><joint name="RShoulderRoll">-0.204200031825</joint><joint name="RWristYaw">0.748807335629</joint><joint name="RHipYawPitch">-0.193527343449</joint><joint name="RHipPitch">-0.0203489682819</joint><joint name="HeadPitch">0.0383972435439</joint><joint name="RElbowYaw">0.960135292119</joint><joint name="RHand">0.367645</joint><joint name="LElbowRoll">-1.54151668326</joint><joint name="RKneePitch">-0.0789127932009</joint><joint name="LShoulderPitch">1.20990063473</joint><joint name="LHand">0.843551</joint><joint name="LHipYawPitch">-0.193527343449</joint><joint name="LAnkleRoll">-0.110884083505</joint><joint name="RAnklePitch">0.109737402186</joint><joint name="LKneePitch">-0.082839609485</joint><joint name="LHipRoll">0.0556559318522</joint><joint name="RAnkleRoll">0.118971939259</joint><joint name="RShoulderPitch">1.21321152432</joint><joint name="RElbowRoll">1.53167128095</joint><joint name="RHipRoll">-0.0842526280474</joint></state><state><joint name="LShoulderRoll">0.0918053658525</joint><joint name="LHipPitch">-0.0398422016316</joint><joint name="LElbowYaw">-0.96540793179</joint><joint name="LAnklePitch">0.101914487413</joint><joint name="LWristYaw">-0.95952791754</joint><joint name="RShoulderRoll">-0.204200031825</joint><joint name="RWristYaw">1.12417878851</joint><joint name="RHipYawPitch">-0.193527343449</joint><joint name="RHipPitch">-0.0203489682819</joint><joint name="HeadPitch">-0.233874119767</joint><joint name="RElbowYaw">1.02627803478</joint><joint name="RHand">0.304126</joint><joint name="LElbowRoll">-1.54151668326</joint><joint name="RKneePitch">-0.0789127932009</joint><joint name="LShoulderPitch">1.20990063473</joint><joint name="LHand">0.843551</joint><joint name="LHipYawPitch">-0.193527343449</joint><joint name="LAnkleRoll">-0.110884083505</joint><joint name="RAnklePitch">0.109737402186</joint><joint name="LKneePitch">-0.082839609485</joint><joint name="LHipRoll">0.0556559318522</joint><joint name="RAnkleRoll">0.118971939259</joint><joint name="RShoulderPitch">1.29353506715</joint><joint name="RElbowRoll">1.13419523309</joint><joint name="RHipRoll">-0.0842526280474</joint></state><state><joint name="LShoulderRoll">0.0454296986989</joint><joint name="LHipPitch">-0.0398422016316</joint><joint name="LElbowYaw">-1.04687990127</joint><joint name="LAnklePitch">0.101914487413</joint><joint name="LWristYaw">-1.13038866999</joint><joint name="RShoulderRoll">-0.204200031825</joint><joint name="RWristYaw">1.12417878851</joint><joint name="RHipYawPitch">-0.193527343449</joint><joint name="RHipPitch">-0.0203489682819</joint><joint name="HeadPitch">-0.233874119767</joint><joint name="RElbowYaw">1.02627803478</joint><joint name="RHand">0.304126</joint><joint name="LElbowRoll">-1.44375381054</joint><joint name="RKneePitch">-0.0789127932009</joint><joint name="LShoulderPitch">1.25942609758</joint><joint name="LHand">0.8</joint><joint name="LHipYawPitch">-0.193527343449</joint><joint name="LAnkleRoll">-0.110884083505</joint><joint name="RAnklePitch">0.109737402186</joint><joint name="LKneePitch">-0.082839609485</joint><joint name="LHipRoll">0.0556559318522</joint><joint name="RAnkleRoll">0.118971939259</joint><joint name="RShoulderPitch">1.29353506715</joint><joint name="RElbowRoll">1.13419523309</joint><joint name="RHipRoll">-0.0842526280474</joint></state><state><joint name="LShoulderRoll">0.0454296986989</joint><joint name="LHipPitch">0.0345662458357</joint><joint name="LElbowYaw">-1.04687990127</joint><joint name="LAnklePitch">0.101914487413</joint><joint name="LWristYaw">-1.13038866999</joint><joint name="RShoulderRoll">-0.214939042712</joint><joint name="RWristYaw">0.697461494365</joint><joint name="RHipYawPitch">-0.193527343449</joint><joint name="RHipPitch">0.0448720660029</joint><joint name="HeadPitch">-0.0366519142919</joint><joint name="RElbowYaw">1.04070492638</joint><joint name="RHand">0.304126</joint><joint name="LElbowRoll">-1.44375381054</joint><joint name="RKneePitch">-0.0789127932009</joint><joint name="LShoulderPitch">1.25942609758</joint><joint name="LHand">0.8</joint><joint name="LHipYawPitch">-0.193527343449</joint><joint name="LAnkleRoll">-0.110884083505</joint><joint name="RAnklePitch">0.0984168475919</joint><joint name="LKneePitch">-0.082839609485</joint><joint name="LHipRoll">0.0703421793761</joint><joint name="RAnkleRoll">0.118971939259</joint><joint name="RShoulderPitch">1.3447011395</joint><joint name="RElbowRoll">1.05232358321</joint><joint name="RHipRoll">-0.0842526280474</joint></state><state><joint name="LShoulderRoll">0.134856878913</joint><joint name="LHipPitch">0.0345662458357</joint><joint name="LElbowYaw">-1.04687990127</joint><joint name="LAnklePitch">0.101914487413</joint><joint name="LWristYaw">-0.683601834775</joint><joint name="RShoulderRoll">-0.214939042712</joint><joint name="RWristYaw">0.697461494365</joint><joint name="RHipYawPitch">-0.193527343449</joint><joint name="RHipPitch">0.0448720660029</joint><joint name="HeadPitch">-0.0366519142919</joint><joint name="RElbowYaw">1.04070492638</joint><joint name="RHand">0.304126</joint><joint name="LElbowRoll">-1.29083853346</joint><joint name="RKneePitch">-0.0789127932009</joint><joint name="LShoulderPitch">1.27010053129</joint><joint name="LHand">0.592788</joint><joint name="LHipYawPitch">-0.193527343449</joint><joint name="LAnkleRoll">-0.110884083505</joint><joint name="RAnklePitch">0.0984168475919</joint><joint name="LKneePitch">-0.082839609485</joint><joint name="LHipRoll">0.0703421793761</joint><joint name="RAnkleRoll">0.118971939259</joint><joint name="RShoulderPitch">1.3447011395</joint><joint name="RElbowRoll">1.05232358321</joint><joint name="RHipRoll">-0.0842526280474</joint></state><state><joint name="LShoulderRoll">0.134856878913</joint><joint name="LHipPitch">0.132397186398</joint><joint name="LElbowYaw">-1.04687990127</joint><joint name="LAnklePitch">0.091603431258</joint><joint name="LWristYaw">-0.683601834775</joint><joint name="RShoulderRoll">-0.214939042712</joint><joint name="RWristYaw">0.697461494365</joint><joint name="RHipYawPitch">-0.180702664105</joint><joint name="RHipPitch">0.130623408279</joint><joint name="HeadPitch">-0.0366519142919</joint><joint name="RElbowYaw">1.04070492638</joint><joint name="RHand">0.304126</joint><joint name="LElbowRoll">-1.29083853346</joint><joint name="RKneePitch">-0.0789127932009</joint><joint name="LShoulderPitch">1.27010053129</joint><joint name="LHand">0.592788</joint><joint name="LHipYawPitch">-0.180702664105</joint><joint name="LAnkleRoll">-0.110884083505</joint><joint name="RAnklePitch">0.0858585054921</joint><joint name="LKneePitch">-0.082839609485</joint><joint name="LHipRoll">0.0838255459794</joint><joint name="RAnkleRoll">0.118971939259</joint><joint name="RShoulderPitch">1.3447011395</joint><joint name="RElbowRoll">1.05232358321</joint><joint name="RHipRoll">-0.0842526280474</joint></state><state><joint name="LShoulderRoll">0.134856878913</joint><joint name="LHipPitch">0.132397186398</joint><joint name="LElbowYaw">-1.04687990127</joint><joint name="LAnklePitch">0.091603431258</joint><joint name="LWristYaw">-0.683601834775</joint><joint name="RShoulderRoll">-0.214939042712</joint><joint name="RWristYaw">0.116664963053</joint><joint name="RHipYawPitch">-0.180702664105</joint><joint name="RHipPitch">0.130623408279</joint><joint name="HeadPitch">-0.129129580972</joint><joint name="RElbowYaw">1.05140903068</joint><joint name="RHand">0.304126</joint><joint name="LElbowRoll">-1.29083853346</joint><joint name="RKneePitch">-0.0789127932009</joint><joint name="LShoulderPitch">1.27010053129</joint><joint name="LHand">0.592788</joint><joint name="LHipYawPitch">-0.180702664105</joint><joint name="LAnkleRoll">-0.110884083505</joint><joint name="RAnklePitch">0.0858585054921</joint><joint name="LKneePitch">-0.082839609485</joint><joint name="LHipRoll">0.0838255459794</joint><joint name="RAnkleRoll">0.118971939259</joint><joint name="RShoulderPitch">1.3904165486</joint><joint name="RElbowRoll">1.02348899864</joint><joint name="RHipRoll">-0.0842526280474</joint></state><state><joint name="LShoulderRoll">0.21228439692</joint><joint name="LHipPitch">0.132397186398</joint><joint name="LElbowYaw">-1.04687990127</joint><joint name="LAnklePitch">0.091603431258</joint><joint name="LWristYaw">-0.098920724147</joint><joint name="RShoulderRoll">-0.214939042712</joint><joint name="RWristYaw">0.116664963053</joint><joint name="RHipYawPitch">-0.180702664105</joint><joint name="RHipPitch">0.130623408279</joint><joint name="HeadPitch">-0.129129580972</joint><joint name="RElbowYaw">1.05140903068</joint><joint name="RHand">0.304126</joint><joint name="LElbowRoll">-1.14950875195</joint><joint name="RKneePitch">-0.0789127932009</joint><joint name="LShoulderPitch">1.29190143897</joint><joint name="LHand">0.376586</joint><joint name="LHipYawPitch">-0.180702664105</joint><joint name="LAnkleRoll">-0.110884083505</joint><joint name="RAnklePitch">0.0858585054921</joint><joint name="LKneePitch">-0.082839609485</joint><joint name="LHipRoll">0.0838255459794</joint><joint name="RAnkleRoll">0.118971939259</joint><joint name="RShoulderPitch">1.3904165486</joint><joint name="RElbowRoll">1.02348899864</joint><joint name="RHipRoll">-0.0842526280474</joint></state><state name="pivot"><joint name="LShoulderRoll">0.21228439692</joint><joint name="LHipPitch">0.132397186398</joint><joint name="LElbowYaw">-1.04687990127</joint><joint name="LAnklePitch">0.091603431258</joint><joint name="LWristYaw">-0.098920724147</joint><joint name="RShoulderRoll">-0.214939042712</joint><joint name="RWristYaw">0.116664963053</joint><joint name="RHipYawPitch">-0.180702664105</joint><joint name="RHipPitch">0.130623408279</joint><joint name="HeadPitch">-0.129129580972</joint><joint name="RElbowYaw">1.05140903068</joint><joint name="RHand">0.304126</joint><joint name="LElbowRoll">-1.14950875195</joint><joint name="RKneePitch">-0.0789127932009</joint><joint name="LShoulderPitch">1.29190143897</joint><joint name="LHand">0.376586</joint><joint name="LHipYawPitch">-0.180702664105</joint><joint name="LAnkleRoll">-0.110884083505</joint><joint name="RAnklePitch">0.0858585054921</joint><joint name="LKneePitch">-0.082839609485</joint><joint name="LHipRoll">0.0838255459794</joint><joint name="RAnkleRoll">0.118971939259</joint><joint name="RShoulderPitch">1.3904165486</joint><joint name="RElbowRoll">1.02348899864</joint><joint name="RHipRoll">-0.0842526280474</joint></state></actuators><speed>neutral_norm</speed></robot>