<robot name="nao"><emotion name="neutral" /><repeat>0</repeat><actuators><state><joint name="LShoulderRoll">0.202445975927</joint><joint name="LHipPitch">0.457173289597</joint><joint name="LElbowYaw">-1.58926540094</joint><joint name="LAnklePitch">-0.136567999711</joint><joint name="LWristYaw">-0.0782759225568</joint><joint name="RShoulderRoll">-0.191792486172</joint><joint name="RWristYaw">-0.412688337622</joint><joint name="HeadYaw">0.0705221228219</joint><joint name="RHipPitch">0.475497501413</joint><joint name="HeadPitch">-0.0721400430385</joint><joint name="RElbowYaw">1.14892406665</joint><joint name="RHand">0.0372</joint><joint name="LElbowRoll">-1.23176088361</joint><joint name="RKneePitch">-0.0137641377201</joint><joint name="LShoulderPitch">1.37902478457</joint><joint name="RHipYawPitch">-0.28221450406</joint><joint name="LHand">0.6344</joint><joint name="LHipYawPitch">-0.28221450406</joint><joint name="LAnkleRoll">-0.0889301104427</joint><joint name="RAnklePitch">-0.095065989961</joint><joint name="LKneePitch">0.0429101413908</joint><joint name="LHipRoll">0.13196591554</joint><joint name="RAnkleRoll">0.0675379588669</joint><joint name="RShoulderPitch">1.73346275841</joint><joint name="RElbowRoll">1.04316234997</joint><joint name="RHipRoll">-0.107337923531</joint></state><state><joint name="LShoulderRoll">0.202445975927</joint><joint name="LHipPitch">0.29763797866</joint><joint name="LElbowYaw">-1.58926540094</joint><joint name="LAnklePitch">-0.056799820644</joint><joint name="LWristYaw">-0.0782759225568</joint><joint name="RShoulderRoll">-0.191792486172</joint><joint name="RWristYaw">-0.412688337622</joint><joint name="HeadYaw">0.095065989961</joint><joint name="RHipPitch">0.297554202856</joint><joint name="HeadPitch">0.164060949687</joint><joint name="RElbowYaw">1.14892406665</joint><joint name="RHand">0.0372</joint><joint name="LElbowRoll">-1.23176088361</joint><joint name="RKneePitch">-0.00762796149584</joint><joint name="LShoulderPitch">1.37902478457</joint><joint name="RHipYawPitch">-0.306757324001</joint><joint name="LHand">0.6344</joint><joint name="LHipYawPitch">-0.306757324001</joint><joint name="LAnkleRoll">-0.0444441112703</joint><joint name="RAnklePitch">-0.0183660997187</joint><joint name="LKneePitch">0.035239942927</joint><joint name="LHipRoll">0.0506639411257</joint><joint name="RAnkleRoll">0.108955843747</joint><joint name="RShoulderPitch">1.73346275841</joint><joint name="RElbowRoll">1.04316234997</joint><joint name="RHipRoll">-0.141086133546</joint></state><state><joint name="LShoulderRoll">0.251533361139</joint><joint name="LHipPitch">0.29763797866</joint><joint name="LElbowYaw">-1.66903392907</joint><joint name="LAnklePitch">-0.056799820644</joint><joint name="LWristYaw">-0.253151281356</joint><joint name="RShoulderRoll">-0.110489813627</joint><joint name="RWristYaw">-0.13043194566</joint><joint name="HeadYaw">0.095065989961</joint><joint name="RHipPitch">0.297554202856</joint><joint name="HeadPitch">0.164060949687</joint><joint name="RElbowYaw">1.39589862778</joint><joint name="RHand">0.0372</joint><joint name="LElbowRoll">-1.09830253702</joint><joint name="RKneePitch">-0.00762796149584</joint><joint name="LShoulderPitch">1.42044144772</joint><joint name="RHipYawPitch">-0.306757324001</joint><joint name="LHand">0.7732</joint><joint name="LHipYawPitch">-0.306757324001</joint><joint name="LAnkleRoll">-0.0444441112703</joint><joint name="RAnklePitch">-0.0183660997187</joint><joint name="LKneePitch">0.035239942927</joint><joint name="LHipRoll">0.0506639411257</joint><joint name="RAnkleRoll">0.108955843747</joint><joint name="RShoulderPitch">1.71352062638</joint><joint name="RElbowRoll">0.814595776454</joint><joint name="RHipRoll">-0.141086133546</joint></state><state name="pivot"><joint name="LShoulderRoll">0.251533361139</joint><joint name="LHipPitch">0.200995607318</joint><joint name="LElbowYaw">-1.66903392907</joint><joint name="LAnklePitch">-0.0184500500558</joint><joint name="LWristYaw">-0.253151281356</joint><joint name="RShoulderRoll">-0.0982178800572</joint><joint name="RWristYaw">-0.138101969591</joint><joint name="HeadYaw">0.0705221228219</joint><joint name="RHipPitch">0.176367266243</joint><joint name="HeadPitch">-0.0942477796077</joint><joint name="RElbowYaw">1.45112259064</joint><joint name="RHand">0.0372</joint><joint name="LElbowRoll">-1.09830253702</joint><joint name="RKneePitch">-0.00762796149584</joint><joint name="LShoulderPitch">1.42044144772</joint><joint name="RHipYawPitch">-0.317496334889</joint><joint name="LHand">0.7732</joint><joint name="LHipYawPitch">-0.317496334889</joint><joint name="LAnkleRoll">-0.0122299234945</joint><joint name="RAnklePitch">0.0322559535049</joint><joint name="LKneePitch">0.035239942927</joint><joint name="LHipRoll">0.00464391971383</joint><joint name="RAnkleRoll">0.12122795185</joint><joint name="RShoulderPitch">1.73346275841</joint><joint name="RElbowRoll">0.734827248321</joint><joint name="RHipRoll">-0.151823922703</joint></state></actuators><speed>neutral_norm</speed></robot>