<robot name="nao"><emotion name="neutral" /><repeat>0</repeat><actuators><state><joint name="LShoulderRoll">0.134950079495</joint><joint name="LHipPitch">0.362066807997</joint><joint name="LElbowYaw">-1.28553447786</joint><joint name="LAnklePitch">0.0291040634087</joint><joint name="LWristYaw">-0.185655908522</joint><joint name="RShoulderRoll">-0.135034029832</joint><joint name="RWristYaw">0.177901410656</joint><joint name="RHipYawPitch">-0.231591229106</joint><joint name="RHipPitch">0.351244021305</joint><joint name="HeadPitch">-0.070606073159</joint><joint name="RElbowYaw">1.19647730745</joint><joint name="RHand">0.4508</joint><joint name="LElbowRoll">-0.670316388509</joint><joint name="RKneePitch">-0.0521139606682</joint><joint name="LShoulderPitch">1.64287144359</joint><joint name="LHand">0.4776</joint><joint name="LHipYawPitch">-0.231591229106</joint><joint name="LAnkleRoll">-0.173300024616</joint><joint name="RAnklePitch">-0.00609397416297</joint><joint name="LKneePitch">-0.0874800909002</joint><joint name="LHipRoll">0.214802907031</joint><joint name="RAnkleRoll">-0.0567160448399</joint><joint name="RShoulderPitch">1.61074167739</joint><joint name="RElbowRoll">0.598302358242</joint><joint name="RHipRoll">0.0890140607797</joint></state><state><joint name="LShoulderRoll">0.111940182235</joint><joint name="LHipPitch">0.346725363872</joint><joint name="LElbowYaw">-1.13213399924</joint><joint name="LAnklePitch">0.0367740873395</joint><joint name="LWristYaw">-0.147305963401</joint><joint name="RShoulderRoll">-0.135034029832</joint><joint name="RWristYaw">0.177901410656</joint><joint name="RHipYawPitch">-0.231591229106</joint><joint name="RHipPitch">0.35431231013</joint><joint name="HeadPitch">0.157079632679</joint><joint name="RElbowYaw">1.19647730745</joint><joint name="RHand">0.4508</joint><joint name="LElbowRoll">-0.372720297751</joint><joint name="RKneePitch">-0.0521139606682</joint><joint name="LShoulderPitch">1.44345186858</joint><joint name="LHand">0.4776</joint><joint name="LHipYawPitch">-0.231591229106</joint><joint name="LAnkleRoll">-0.173300024616</joint><joint name="RAnklePitch">-0.0214340394779</joint><joint name="LKneePitch">-0.0874800909002</joint><joint name="LHipRoll">0.214802907031</joint><joint name="RAnkleRoll">-0.0567160448399</joint><joint name="RShoulderPitch">1.61074167739</joint><joint name="RElbowRoll">0.598302358242</joint><joint name="RHipRoll">0.0890140607797</joint></state><state><joint name="LShoulderRoll">0.134950079495</joint><joint name="LHipPitch">0.346725363872</joint><joint name="LElbowYaw">-1.28553447786</joint><joint name="LAnklePitch">0.0367740873395</joint><joint name="LWristYaw">-0.185655908522</joint><joint name="RShoulderRoll">-0.135034029832</joint><joint name="RWristYaw">0.177901410656</joint><joint name="RHipYawPitch">-0.231591229106</joint><joint name="RHipPitch">0.35431231013</joint><joint name="HeadPitch">0.157079632679</joint><joint name="RElbowYaw">1.19647730745</joint><joint name="RHand">0.4508</joint><joint name="LElbowRoll">-0.670316388509</joint><joint name="RKneePitch">-0.0521139606682</joint><joint name="LShoulderPitch">1.64287144359</joint><joint name="LHand">0.4776</joint><joint name="LHipYawPitch">-0.231591229106</joint><joint name="LAnkleRoll">-0.173300024616</joint><joint name="RAnklePitch">-0.0214340394779</joint><joint name="LKneePitch">-0.0874800909002</joint><joint name="LHipRoll">0.214802907031</joint><joint name="RAnkleRoll">-0.0567160448399</joint><joint name="RShoulderPitch">1.61074167739</joint><joint name="RElbowRoll">0.598302358242</joint><joint name="RHipRoll">0.0890140607797</joint></state><state><joint name="LShoulderRoll">0.134950079495</joint><joint name="LHipPitch">0.346725363872</joint><joint name="LElbowYaw">-1.28553447786</joint><joint name="LAnklePitch">0.0367740873395</joint><joint name="LWristYaw">-0.185655908522</joint><joint name="RShoulderRoll">-0.135034029832</joint><joint name="RWristYaw">0.177901410656</joint><joint name="RHipYawPitch">-0.231591229106</joint><joint name="RHipPitch">0.35431231013</joint><joint name="HeadPitch">-0.070606073159</joint><joint name="RElbowYaw">1.19647730745</joint><joint name="RHand">0.4508</joint><joint name="LElbowRoll">-0.670316388509</joint><joint name="RKneePitch">-0.0521139606682</joint><joint name="LShoulderPitch">1.64287144359</joint><joint name="LHand">0.4776</joint><joint name="LHipYawPitch">-0.231591229106</joint><joint name="LAnkleRoll">-0.173300024616</joint><joint name="RAnklePitch">-0.0214340394779</joint><joint name="LKneePitch">-0.0874800909002</joint><joint name="LHipRoll">0.214802907031</joint><joint name="RAnkleRoll">-0.0567160448399</joint><joint name="RShoulderPitch">1.61074167739</joint><joint name="RElbowRoll">0.598302358242</joint><joint name="RHipRoll">0.0890140607797</joint></state><state><joint name="LShoulderRoll">0.134950079495</joint><joint name="LHipPitch">0.362066807997</joint><joint name="LElbowYaw">-1.28553447786</joint><joint name="LAnklePitch">0.0291040634087</joint><joint name="LWristYaw">-0.185655908522</joint><joint name="RShoulderRoll">-0.135034029832</joint><joint name="RWristYaw">0.177901410656</joint><joint name="RHipYawPitch">-0.231591229106</joint><joint name="RHipPitch">0.351244021305</joint><joint name="HeadPitch">-0.070606073159</joint><joint name="RElbowYaw">1.19647730745</joint><joint name="RHand">0.4508</joint><joint name="LElbowRoll">-0.670316388509</joint><joint name="RKneePitch">-0.0521139606682</joint><joint name="LShoulderPitch">1.64287144359</joint><joint name="LHand">0.4776</joint><joint name="LHipYawPitch">-0.231591229106</joint><joint name="LAnkleRoll">-0.173300024616</joint><joint name="RAnklePitch">-0.00609397416297</joint><joint name="LKneePitch">-0.0874800909002</joint><joint name="LHipRoll">0.214802907031</joint><joint name="RAnkleRoll">-0.0567160448399</joint><joint name="RShoulderPitch">1.61074167739</joint><joint name="RElbowRoll">0.904080552533</joint><joint name="RHipRoll">0.0890140607797</joint></state><state><joint name="LShoulderRoll">0.134950079495</joint><joint name="LHipPitch">0.362066807997</joint><joint name="LElbowYaw">-1.28553447786</joint><joint name="LAnklePitch">0.0291040634087</joint><joint name="LWristYaw">-0.185655908522</joint><joint name="RShoulderRoll">-0.135034029832</joint><joint name="RWristYaw">0.177901410656</joint><joint name="RHipYawPitch">-0.231591229106</joint><joint name="RHipPitch">0.351244021305</joint><joint name="HeadPitch">-0.070606073159</joint><joint name="RElbowYaw">1.19647730745</joint><joint name="RHand">0.22</joint><joint name="LElbowRoll">-0.904080552533</joint><joint name="RKneePitch">-0.0521139606682</joint><joint name="LShoulderPitch">1.64287144359</joint><joint name="LHand">0.4776</joint><joint name="LHipYawPitch">-0.231591229106</joint><joint name="LAnkleRoll">-0.173300024616</joint><joint name="RAnklePitch">-0.00609397416297</joint><joint name="LKneePitch">-0.0874800909002</joint><joint name="LHipRoll">0.214802907031</joint><joint name="RAnkleRoll">-0.0567160448399</joint><joint name="RShoulderPitch">1.61074167739</joint><joint name="RElbowRoll">0.904080552533</joint><joint name="RHipRoll">0.0890140607797</joint></state><state><joint name="LShoulderRoll">0.0766580023402</joint><joint name="LHipPitch">0.362066807997</joint><joint name="LElbowYaw">-1.14593955363</joint><joint name="LAnklePitch">0.0291040634087</joint><joint name="LWristYaw">-1.1704841189</joint><joint name="RShoulderRoll">-0.035323893264</joint><joint name="RWristYaw">1.48333613265</joint><joint name="RHipYawPitch">-0.231591229106</joint><joint name="RHipPitch">0.351244021305</joint><joint name="HeadPitch">-0.070606073159</joint><joint name="RElbowYaw">1.14432163341</joint><joint name="RHand">0.22</joint><joint name="LElbowRoll">-0.904080552533</joint><joint name="RKneePitch">-0.0521139606682</joint><joint name="LShoulderPitch">1.43271460302</joint><joint name="LHand">0.22</joint><joint name="LHipYawPitch">-0.231591229106</joint><joint name="LAnkleRoll">-0.173300024616</joint><joint name="RAnklePitch">-0.00609397416297</joint><joint name="LKneePitch">-0.0874800909002</joint><joint name="LHipRoll">0.214802907031</joint><joint name="RAnkleRoll">-0.0567160448399</joint><joint name="RShoulderPitch">1.41592453562</joint><joint name="RElbowRoll">0.396189740203</joint><joint name="RHipRoll">0.0890140607797</joint></state><state><joint name="LShoulderRoll">0.0766580023402</joint><joint name="LHipPitch">0.362066807997</joint><joint name="LElbowYaw">-1.14593955363</joint><joint name="LAnklePitch">0.0291040634087</joint><joint name="LWristYaw">-1.1704841189</joint><joint name="RShoulderRoll">-0.035323893264</joint><joint name="RWristYaw">1.48333613265</joint><joint name="RHipYawPitch">-0.231591229106</joint><joint name="RHipPitch">0.351244021305</joint><joint name="HeadPitch">-0.070606073159</joint><joint name="RElbowYaw">1.14432163341</joint><joint name="RHand">0.78</joint><joint name="LElbowRoll">-0.396189740203</joint><joint name="RKneePitch">-0.0521139606682</joint><joint name="LShoulderPitch">1.43271460302</joint><joint name="LHand">0.22</joint><joint name="LHipYawPitch">-0.231591229106</joint><joint name="LAnkleRoll">-0.173300024616</joint><joint name="RAnklePitch">-0.00609397416297</joint><joint name="LKneePitch">-0.0874800909002</joint><joint name="LHipRoll">0.214802907031</joint><joint name="RAnkleRoll">-0.0567160448399</joint><joint name="RShoulderPitch">1.41592453562</joint><joint name="RElbowRoll">0.396189740203</joint><joint name="RHipRoll">0.0890140607797</joint></state><state><joint name="LShoulderRoll">0.0766580023402</joint><joint name="LHipPitch">-0.0551819004274</joint><joint name="LElbowYaw">-1.14593955363</joint><joint name="LAnklePitch">0.0260359491166</joint><joint name="LWristYaw">-1.1704841189</joint><joint name="RShoulderRoll">-0.035323893264</joint><joint name="RWristYaw">1.48333613265</joint><joint name="RHipYawPitch">-0.300622491681</joint><joint name="RHipPitch">-0.0828778321956</joint><joint name="HeadPitch">-0.070606073159</joint><joint name="RElbowYaw">1.14432163341</joint><joint name="RHand">0.78</joint><joint name="LElbowRoll">-0.396189740203</joint><joint name="RKneePitch">0.283832424276</joint><joint name="LShoulderPitch">1.43271460302</joint><joint name="LHand">0.78</joint><joint name="LHipYawPitch">-0.300622491681</joint><joint name="LAnkleRoll">-0.173300024616</joint><joint name="RAnklePitch">-0.0674541830628</joint><joint name="LKneePitch">0.170232084857</joint><joint name="LHipRoll">0.214802907031</joint><joint name="RAnkleRoll">-0.0567160448399</joint><joint name="RShoulderPitch">1.41592453562</joint><joint name="RElbowRoll">0.396189740203</joint><joint name="RHipRoll">0.0890140607797</joint></state><state><joint name="LShoulderRoll">0.0766580023402</joint><joint name="LHipPitch">-0.0551819004274</joint><joint name="LElbowYaw">-1.14593955363</joint><joint name="LAnklePitch">0.0260359491166</joint><joint name="LWristYaw">-1.1704841189</joint><joint name="RShoulderRoll">-0.035323893264</joint><joint name="RWristYaw">1.27758101246</joint><joint name="RHipYawPitch">-0.300622491681</joint><joint name="RHipPitch">-0.0828778321956</joint><joint name="HeadPitch">-0.070606073159</joint><joint name="RElbowYaw">1.14432163341</joint><joint name="RHand">0.78</joint><joint name="LElbowRoll">-0.396189740203</joint><joint name="RKneePitch">0.283832424276</joint><joint name="LShoulderPitch">1.43271460302</joint><joint name="LHand">0.78</joint><joint name="LHipYawPitch">-0.300622491681</joint><joint name="LAnkleRoll">-0.173300024616</joint><joint name="RAnklePitch">-0.0674541830628</joint><joint name="LKneePitch">0.170232084857</joint><joint name="LHipRoll">0.214802907031</joint><joint name="RAnkleRoll">-0.0567160448399</joint><joint name="RShoulderPitch">1.41592453562</joint><joint name="RElbowRoll">0.703367688554</joint><joint name="RHipRoll">0.0890140607797</joint></state><state><joint name="LShoulderRoll">0.0766580023402</joint><joint name="LHipPitch">-0.0551819004274</joint><joint name="LElbowYaw">-1.14593955363</joint><joint name="LAnklePitch">0.0260359491166</joint><joint name="LWristYaw">-1.27758101246</joint><joint name="RShoulderRoll">-0.035323893264</joint><joint name="RWristYaw">1.27758101246</joint><joint name="RHipYawPitch">-0.300622491681</joint><joint name="RHipPitch">-0.0828778321956</joint><joint name="HeadPitch">-0.070606073159</joint><joint name="RElbowYaw">1.14432163341</joint><joint name="RHand">0.31</joint><joint name="LElbowRoll">-0.703367688554</joint><joint name="RKneePitch">0.283832424276</joint><joint name="LShoulderPitch">1.43271460302</joint><joint name="LHand">0.78</joint><joint name="LHipYawPitch">-0.300622491681</joint><joint name="LAnkleRoll">-0.173300024616</joint><joint name="RAnklePitch">-0.0674541830628</joint><joint name="LKneePitch">0.170232084857</joint><joint name="LHipRoll">0.214802907031</joint><joint name="RAnkleRoll">-0.0567160448399</joint><joint name="RShoulderPitch">1.41592453562</joint><joint name="RElbowRoll">0.703367688554</joint><joint name="RHipRoll">0.0890140607797</joint></state><state><joint name="LShoulderRoll">0.0766580023402</joint><joint name="LHipPitch">-0.0551819004274</joint><joint name="LElbowYaw">-1.14593955363</joint><joint name="LAnklePitch">0.0260359491166</joint><joint name="LWristYaw">-1.27758101246</joint><joint name="RShoulderRoll">-0.135034029832</joint><joint name="RWristYaw">1.27758101246</joint><joint name="RHipYawPitch">-0.300622491681</joint><joint name="RHipPitch">-0.0828778321956</joint><joint name="HeadPitch">-0.070606073159</joint><joint name="RElbowYaw">1.19647730745</joint><joint name="RHand">0.31</joint><joint name="LElbowRoll">-0.703367688554</joint><joint name="RKneePitch">0.283832424276</joint><joint name="LShoulderPitch">1.43271460302</joint><joint name="LHand">0.31</joint><joint name="LHipYawPitch">-0.300622491681</joint><joint name="LAnkleRoll">-0.173300024616</joint><joint name="RAnklePitch">-0.0674541830628</joint><joint name="LKneePitch">0.170232084857</joint><joint name="LHipRoll">0.214802907031</joint><joint name="RAnkleRoll">-0.0567160448399</joint><joint name="RShoulderPitch">1.61074167739</joint><joint name="RElbowRoll">0.703367688554</joint><joint name="RHipRoll">0.0890140607797</joint></state><state><joint name="LShoulderRoll">0.134950079495</joint><joint name="LHipPitch">0.362066807997</joint><joint name="LElbowYaw">-1.28553447786</joint><joint name="LAnklePitch">0.0291040634087</joint><joint name="LWristYaw">-1.27758101246</joint><joint name="RShoulderRoll">-0.135034029832</joint><joint name="RWristYaw">1.27758101246</joint><joint name="RHipYawPitch">-0.231591229106</joint><joint name="RHipPitch">0.351244021305</joint><joint name="HeadPitch">-0.070606073159</joint><joint name="RElbowYaw">1.19647730745</joint><joint name="RHand">0.31</joint><joint name="LElbowRoll">-0.703367688554</joint><joint name="RKneePitch">-0.0521139606682</joint><joint name="LShoulderPitch">1.64287144359</joint><joint name="LHand">0.31</joint><joint name="LHipYawPitch">-0.231591229106</joint><joint name="LAnkleRoll">-0.173300024616</joint><joint name="RAnklePitch">-0.00609397416297</joint><joint name="LKneePitch">-0.0874800909002</joint><joint name="LHipRoll">0.214802907031</joint><joint name="RAnkleRoll">-0.0567160448399</joint><joint name="RShoulderPitch">1.61074167739</joint><joint name="RElbowRoll">0.703367688554</joint><joint name="RHipRoll">0.0890140607797</joint></state><state><joint name="LShoulderRoll">0.134950079495</joint><joint name="LHipPitch">0.362066807997</joint><joint name="LElbowYaw">-1.28553447786</joint><joint name="LAnklePitch">0.0291040634087</joint><joint name="LWristYaw">-0.185655908522</joint><joint name="RShoulderRoll">-0.135034029832</joint><joint name="RWristYaw">0.177901410656</joint><joint name="RHipYawPitch">-0.231591229106</joint><joint name="RHipPitch">0.351244021305</joint><joint name="HeadPitch">-0.070606073159</joint><joint name="RElbowYaw">1.19647730745</joint><joint name="RHand">0.4508</joint><joint name="LElbowRoll">-0.703367688554</joint><joint name="RKneePitch">-0.0521139606682</joint><joint name="LShoulderPitch">1.64287144359</joint><joint name="LHand">0.31</joint><joint name="LHipYawPitch">-0.231591229106</joint><joint name="LAnkleRoll">-0.173300024616</joint><joint name="RAnklePitch">-0.00609397416297</joint><joint name="LKneePitch">-0.0874800909002</joint><joint name="LHipRoll">0.214802907031</joint><joint name="RAnkleRoll">-0.0567160448399</joint><joint name="RShoulderPitch">1.61074167739</joint><joint name="RElbowRoll">0.598302358242</joint><joint name="RHipRoll">0.0890140607797</joint></state><state><joint name="LShoulderRoll">0.134950079495</joint><joint name="LHipPitch">0.362066807997</joint><joint name="LElbowYaw">-1.28553447786</joint><joint name="LAnklePitch">0.0291040634087</joint><joint name="LWristYaw">-0.185655908522</joint><joint name="RShoulderRoll">-0.135034029832</joint><joint name="RWristYaw">0.177901410656</joint><joint name="RHipYawPitch">-0.231591229106</joint><joint name="RHipPitch">0.351244021305</joint><joint name="HeadPitch">0.157079632679</joint><joint name="RElbowYaw">1.19647730745</joint><joint name="RHand">0.4508</joint><joint name="LElbowRoll">-0.703367688554</joint><joint name="RKneePitch">-0.0521139606682</joint><joint name="LShoulderPitch">1.64287144359</joint><joint name="LHand">0.4776</joint><joint name="LHipYawPitch">-0.231591229106</joint><joint name="LAnkleRoll">-0.173300024616</joint><joint name="RAnklePitch">-0.00609397416297</joint><joint name="LKneePitch">-0.0874800909002</joint><joint name="LHipRoll">0.214802907031</joint><joint name="RAnkleRoll">-0.0567160448399</joint><joint name="RShoulderPitch">1.61074167739</joint><joint name="RElbowRoll">0.598302358242</joint><joint name="RHipRoll">0.0890140607797</joint></state><state><joint name="LShoulderRoll">0.134950079495</joint><joint name="LHipPitch">0.362066807997</joint><joint name="LElbowYaw">-1.28553447786</joint><joint name="LAnklePitch">0.0291040634087</joint><joint name="LWristYaw">-0.185655908522</joint><joint name="RShoulderRoll">-0.135034029832</joint><joint name="RWristYaw">0.177901410656</joint><joint name="RHipYawPitch">-0.231591229106</joint><joint name="RHipPitch">0.351244021305</joint><joint name="HeadPitch">0.157079632679</joint><joint name="RElbowYaw">1.19647730745</joint><joint name="RHand">0.4508</joint><joint name="LElbowRoll">-0.372720297751</joint><joint name="RKneePitch">-0.0521139606682</joint><joint name="LShoulderPitch">1.64287144359</joint><joint name="LHand">0.4776</joint><joint name="LHipYawPitch">-0.231591229106</joint><joint name="LAnkleRoll">-0.173300024616</joint><joint name="RAnklePitch">-0.00609397416297</joint><joint name="LKneePitch">-0.0874800909002</joint><joint name="LHipRoll">0.214802907031</joint><joint name="RAnkleRoll">-0.0567160448399</joint><joint name="RShoulderPitch">1.61074167739</joint><joint name="RElbowRoll">0.598302358242</joint><joint name="RHipRoll">0.0890140607797</joint></state><state><joint name="LShoulderRoll">0.134950079495</joint><joint name="LHipPitch">0.346725363872</joint><joint name="LElbowYaw">-1.28553447786</joint><joint name="LAnklePitch">0.0367740873395</joint><joint name="LWristYaw">-0.185655908522</joint><joint name="RShoulderRoll">-0.11969398197</joint><joint name="RWristYaw">0.134950079495</joint><joint name="RHipYawPitch">-0.231591229106</joint><joint name="RHipPitch">0.35431231013</joint><joint name="HeadPitch">-0.070606073159</joint><joint name="RElbowYaw">1.1274477902</joint><joint name="RHand">0.4508</joint><joint name="LElbowRoll">-0.372720297751</joint><joint name="RKneePitch">-0.0521139606682</joint><joint name="LShoulderPitch">1.64287144359</joint><joint name="LHand">0.4776</joint><joint name="LHipYawPitch">-0.231591229106</joint><joint name="LAnkleRoll">-0.173300024616</joint><joint name="RAnklePitch">-0.0214340394779</joint><joint name="LKneePitch">-0.0874800909002</joint><joint name="LHipRoll">0.214802907031</joint><joint name="RAnkleRoll">-0.0567160448399</joint><joint name="RShoulderPitch">1.44660393321</joint><joint name="RElbowRoll">0.398881037909</joint><joint name="RHipRoll">0.0890140607797</joint></state><state><joint name="LShoulderRoll">0.111940182235</joint><joint name="LHipPitch">0.346725363872</joint><joint name="LElbowYaw">-1.13213399924</joint><joint name="LAnklePitch">0.0367740873395</joint><joint name="LWristYaw">-0.147305963401</joint><joint name="RShoulderRoll">-0.11969398197</joint><joint name="RWristYaw">0.134950079495</joint><joint name="RHipYawPitch">-0.231591229106</joint><joint name="RHipPitch">0.35431231013</joint><joint name="HeadPitch">0.137881010908</joint><joint name="RElbowYaw">1.1274477902</joint><joint name="RHand">0.4508</joint><joint name="LElbowRoll">-0.372720297751</joint><joint name="RKneePitch">-0.0521139606682</joint><joint name="LShoulderPitch">1.44345186858</joint><joint name="LHand">0.4776</joint><joint name="LHipYawPitch">-0.231591229106</joint><joint name="LAnkleRoll">-0.173300024616</joint><joint name="RAnklePitch">-0.0214340394779</joint><joint name="LKneePitch">-0.0874800909002</joint><joint name="LHipRoll">0.214802907031</joint><joint name="RAnkleRoll">-0.0567160448399</joint><joint name="RShoulderPitch">1.44660393321</joint><joint name="RElbowRoll">0.398881037909</joint><joint name="RHipRoll">0.0890140607797</joint></state><state name="pivot"><joint name="LShoulderRoll">0.111940182235</joint><joint name="LHipPitch">0.346725363872</joint><joint name="LElbowYaw">-1.13213399924</joint><joint name="LAnklePitch">0.0367740873395</joint><joint name="LWristYaw">-0.147305963401</joint><joint name="RShoulderRoll">-0.11969398197</joint><joint name="RWristYaw">0.134950079495</joint><joint name="RHipYawPitch">-0.231591229106</joint><joint name="RHipPitch">0.35431231013</joint><joint name="HeadPitch">-0.070606073159</joint><joint name="RElbowYaw">1.1274477902</joint><joint name="RHand">0.4508</joint><joint name="LElbowRoll">-0.372720297751</joint><joint name="RKneePitch">-0.0521139606682</joint><joint name="LShoulderPitch">1.44345186858</joint><joint name="LHand">0.4776</joint><joint name="LHipYawPitch">-0.231591229106</joint><joint name="LAnkleRoll">-0.173300024616</joint><joint name="RAnklePitch">-0.0214340394779</joint><joint name="LKneePitch">-0.0874800909002</joint><joint name="LHipRoll">0.214802907031</joint><joint name="RAnkleRoll">-0.0567160448399</joint><joint name="RShoulderPitch">1.44660393321</joint><joint name="RElbowRoll">0.398881037909</joint><joint name="RHipRoll">0.0890140607797</joint></state></actuators><speed>neutral_norm</speed></robot>