<robot name="nao"><emotion name="neutral" /><repeat>0</repeat><actuators><state><joint name="LShoulderRoll">0.193731546971</joint><joint name="LHipPitch">-0.0904640803223</joint><joint name="LElbowYaw">-1.69646003294</joint><joint name="LAnklePitch">-0.273093413389</joint><joint name="LWristYaw">-0.596902604182</joint><joint name="RShoulderRoll">0.0958089766236</joint><joint name="RWristYaw">0.596902604182</joint><joint name="HeadYaw">0.0705221228219</joint><joint name="RHipPitch">-0.15190787304</joint><joint name="HeadPitch">0.176367266243</joint><joint name="RElbowYaw">1.53938040026</joint><joint name="RHand">0.86</joint><joint name="LElbowRoll">-1.49254099912</joint><joint name="RKneePitch">0.497057553663</joint><joint name="LShoulderPitch">0.931983131285</joint><joint name="RHipYawPitch">-0.177901410656</joint><joint name="LHand">0.53</joint><joint name="LHipYawPitch">-0.177901410656</joint><joint name="LAnkleRoll">-0.133415935082</joint><joint name="RAnklePitch">-0.242330239993</joint><joint name="LKneePitch">0.484702367888</joint><joint name="LHipRoll">0.154975812799</joint><joint name="RAnkleRoll">-0.0122299234945</joint><joint name="RShoulderPitch">0.931983131285</joint><joint name="RElbowRoll">1.52177002811</joint><joint name="RHipRoll">0.0675379588669</joint></state><state><joint name="LShoulderRoll">0.193731546971</joint><joint name="LHipPitch">-0.0904640803223</joint><joint name="LElbowYaw">-1.69646003294</joint><joint name="LAnklePitch">-0.273093413389</joint><joint name="LWristYaw">-0.596902604182</joint><joint name="RShoulderRoll">0.0958089766236</joint><joint name="RWristYaw">0.596902604182</joint><joint name="HeadYaw">0.0705221228219</joint><joint name="RHipPitch">-0.15190787304</joint><joint name="HeadPitch">0.176367266243</joint><joint name="RElbowYaw">1.53938040026</joint><joint name="RHand">0.86</joint><joint name="LElbowRoll">-1.49254099912</joint><joint name="RKneePitch">0.497057553663</joint><joint name="LShoulderPitch">0.931983131285</joint><joint name="RHipYawPitch">-0.177901410656</joint><joint name="LHand">0.53</joint><joint name="LHipYawPitch">-0.177901410656</joint><joint name="LAnkleRoll">-0.133415935082</joint><joint name="RAnklePitch">-0.242330239993</joint><joint name="LKneePitch">0.484702367888</joint><joint name="LHipRoll">0.154975812799</joint><joint name="RAnkleRoll">-0.0122299234945</joint><joint name="RShoulderPitch">0.931983131285</joint><joint name="RElbowRoll">1.52177002811</joint><joint name="RHipRoll">0.0675379588669</joint></state><state><joint name="LShoulderRoll">0.193731546971</joint><joint name="LHipPitch">0.0138480706039</joint><joint name="LElbowYaw">-1.69646003294</joint><joint name="LAnklePitch">-0.138101969591</joint><joint name="LWristYaw">-0.596902604182</joint><joint name="RShoulderRoll">0.0958089766236</joint><joint name="RWristYaw">-0.0521979110052</joint><joint name="HeadYaw">0.0705221228219</joint><joint name="RHipPitch">0.0490460209091</joint><joint name="HeadPitch">0.176367266243</joint><joint name="RElbowYaw">0.983252178062</joint><joint name="RHand">0.342</joint><joint name="LElbowRoll">-1.49254099912</joint><joint name="RKneePitch">0.159577896971</joint><joint name="LShoulderPitch">0.931983131285</joint><joint name="RHipYawPitch">-0.187106277131</joint><joint name="LHand">0.8312</joint><joint name="LHipYawPitch">-0.187106277131</joint><joint name="LAnkleRoll">-0.133415935082</joint><joint name="RAnklePitch">-0.0797259420994</joint><joint name="LKneePitch">0.249999216726</joint><joint name="LHipRoll">0.154975812799</joint><joint name="RAnkleRoll">-0.0122299234945</joint><joint name="RShoulderPitch">0.931983131285</joint><joint name="RElbowRoll">1.52177002811</joint><joint name="RHipRoll">0.0675379588669</joint></state><state><joint name="LShoulderRoll">-0.0690719287465</joint><joint name="LHipPitch">0.0138480706039</joint><joint name="LElbowYaw">-0.846809318458</joint><joint name="LAnklePitch">-0.138101969591</joint><joint name="LWristYaw">-0.0521979110052</joint><joint name="RShoulderRoll">0.0958089766236</joint><joint name="RWristYaw">-0.0521979110052</joint><joint name="HeadYaw">-4.19617294752e-05</joint><joint name="RHipPitch">0.0490460209091</joint><joint name="HeadPitch">-0.174918642964</joint><joint name="RElbowYaw">0.983252178062</joint><joint name="RHand">0.342</joint><joint name="LElbowRoll">-1.49254099912</joint><joint name="RKneePitch">0.159577896971</joint><joint name="LShoulderPitch">0.931983131285</joint><joint name="RHipYawPitch">-0.187106277131</joint><joint name="LHand">0.8312</joint><joint name="LHipYawPitch">-0.187106277131</joint><joint name="LAnkleRoll">-0.133415935082</joint><joint name="RAnklePitch">-0.0797259420994</joint><joint name="LKneePitch">0.249999216726</joint><joint name="LHipRoll">0.154975812799</joint><joint name="RAnkleRoll">-0.0122299234945</joint><joint name="RShoulderPitch">0.931983131285</joint><joint name="RElbowRoll">1.52177002811</joint><joint name="RHipRoll">0.0675379588669</joint></state><state><joint name="LShoulderRoll">-0.0690719287465</joint><joint name="LHipPitch">0.0291878392128</joint><joint name="LElbowYaw">-0.846809318458</joint><joint name="LAnklePitch">-0.142704053763</joint><joint name="LWristYaw">-0.0521979110052</joint><joint name="RShoulderRoll">0.128814025443</joint><joint name="RWristYaw">-0.0521979110052</joint><joint name="HeadYaw">-4.19617294752e-05</joint><joint name="RHipPitch">0.0459780811499</joint><joint name="HeadPitch">-0.174918642964</joint><joint name="RElbowYaw">0.983252178062</joint><joint name="RHand">0.342</joint><joint name="LElbowRoll">-1.49254099912</joint><joint name="RKneePitch">0.208666329381</joint><joint name="LShoulderPitch">0.931983131285</joint><joint name="RHipYawPitch">-0.177901410656</joint><joint name="LHand">0.8312</joint><joint name="LHipYawPitch">-0.177901410656</joint><joint name="LAnkleRoll">-0.133415935082</joint><joint name="RAnklePitch">-0.102736013892</joint><joint name="LKneePitch">0.271475493172</joint><joint name="LHipRoll">0.154975812799</joint><joint name="RAnkleRoll">-0.0122299234945</joint><joint name="RShoulderPitch">0.961653728569</joint><joint name="RElbowRoll">1.52177002811</joint><joint name="RHipRoll">0.0675379588669</joint></state><state><joint name="LShoulderRoll">-0.0690719287465</joint><joint name="LHipPitch">0.0291878392128</joint><joint name="LElbowYaw">-0.846809318458</joint><joint name="LAnklePitch">-0.142704053763</joint><joint name="LWristYaw">-0.0521979110052</joint><joint name="RShoulderRoll">0.128814025443</joint><joint name="RWristYaw">-0.0521979110052</joint><joint name="HeadYaw">-4.19617294752e-05</joint><joint name="RHipPitch">0.0459780811499</joint><joint name="HeadPitch">-0.174918642964</joint><joint name="RElbowYaw">0.983252178062</joint><joint name="RHand">0.342</joint><joint name="LElbowRoll">-1.49254099912</joint><joint name="RKneePitch">0.208666329381</joint><joint name="LShoulderPitch">0.961653728569</joint><joint name="RHipYawPitch">-0.177901410656</joint><joint name="LHand">0.6</joint><joint name="LHipYawPitch">-0.177901410656</joint><joint name="LAnkleRoll">-0.133415935082</joint><joint name="RAnklePitch">-0.102736013892</joint><joint name="LKneePitch">0.271475493172</joint><joint name="LHipRoll">0.154975812799</joint><joint name="RAnkleRoll">-0.0122299234945</joint><joint name="RShoulderPitch">0.961653728569</joint><joint name="RElbowRoll">1.52177002811</joint><joint name="RHipRoll">0.0675379588669</joint></state><state name="pivot"><joint name="LShoulderRoll">-0.0690719287465</joint><joint name="LHipPitch">0.0291878392128</joint><joint name="LElbowYaw">-0.846809318458</joint><joint name="LAnklePitch">-0.142704053763</joint><joint name="LWristYaw">-0.0521979110052</joint><joint name="RShoulderRoll">0.128814025443</joint><joint name="RWristYaw">-0.0521979110052</joint><joint name="HeadYaw">-4.19617294752e-05</joint><joint name="RHipPitch">0.0459780811499</joint><joint name="HeadPitch">-0.174918642964</joint><joint name="RElbowYaw">0.983252178062</joint><joint name="RHand">0.342</joint><joint name="LElbowRoll">-1.49254099912</joint><joint name="RKneePitch">0.208666329381</joint><joint name="LShoulderPitch">0.961653728569</joint><joint name="RHipYawPitch">-0.177901410656</joint><joint name="LHand">0.6</joint><joint name="LHipYawPitch">-0.177901410656</joint><joint name="LAnkleRoll">-0.133415935082</joint><joint name="RAnklePitch">-0.102736013892</joint><joint name="LKneePitch">0.271475493172</joint><joint name="LHipRoll">0.154975812799</joint><joint name="RAnkleRoll">-0.0122299234945</joint><joint name="RShoulderPitch">0.961653728569</joint><joint name="RElbowRoll">1.52177002811</joint><joint name="RHipRoll">0.0675379588669</joint></state></actuators><speed>neutral_norm</speed></robot>