<robot name="nao"><emotion name="neutral" /><repeat>0</repeat><actuators><state><joint name="LShoulderRoll">0.194775253864</joint><joint name="LHipPitch">0.277695846626</joint><joint name="LElbowYaw">-1.36223471717</joint><joint name="LAnklePitch">0.035239942927</joint><joint name="LWristYaw">-1.06463862641</joint><joint name="RShoulderRoll">-0.0261198994536</joint><joint name="RWristYaw">0.389594140959</joint><joint name="HeadYaw">0.0229680093575</joint><joint name="RHipPitch">0.296020058443</joint><joint name="HeadPitch">0.107337923531</joint><joint name="RElbowYaw">1.07375797175</joint><joint name="RHand">0.3068</joint><joint name="LElbowRoll">-0.361981286864</joint><joint name="RKneePitch">-0.0919980502019</joint><joint name="LShoulderPitch">1.40970418217</joint><joint name="RHipYawPitch">-0.17483486716</joint><joint name="LHand">0.53</joint><joint name="LHipYawPitch">-0.17483486716</joint><joint name="LAnkleRoll">-0.138018193787</joint><joint name="RAnklePitch">0.0291878392128</joint><joint name="LKneePitch">-0.0859461210206</joint><joint name="LHipRoll">0.138101969591</joint><joint name="RAnkleRoll">0.0322559535049</joint><joint name="RShoulderPitch">1.41132210238</joint><joint name="RElbowRoll">0.604438935892</joint><joint name="RHipRoll">-0.00916194882871</joint></state><state><joint name="LShoulderRoll">0.194775253864</joint><joint name="LHipPitch">0.0859461210206</joint><joint name="LElbowYaw">-1.36223471717</joint><joint name="LAnklePitch">-0.00157594679342</joint><joint name="LWristYaw">-1.06463862641</joint><joint name="RShoulderRoll">-0.0629360492281</joint><joint name="RWristYaw">0.803774735092</joint><joint name="HeadYaw">0.0505799907886</joint><joint name="RHipPitch">0.0674541830628</joint><joint name="HeadPitch">-0.00771189437957</joint><joint name="RElbowYaw">1.67662087533</joint><joint name="RHand">0.53</joint><joint name="LElbowRoll">-0.361981286864</joint><joint name="RKneePitch">0.101285994349</joint><joint name="LShoulderPitch">1.40970418217</joint><joint name="RHipYawPitch">-0.176367266243</joint><joint name="LHand">0.53</joint><joint name="LHipYawPitch">-0.176367266243</joint><joint name="LAnkleRoll">-0.141086133546</joint><joint name="RAnklePitch">-0.024501979237</joint><joint name="LKneePitch">0.0797259420994</joint><joint name="LHipRoll">0.13043194566</joint><joint name="RAnkleRoll">0.0261198994536</joint><joint name="RShoulderPitch">1.3852433927</joint><joint name="RElbowRoll">0.578360226209</joint><joint name="RHipRoll">4.19617294752e-05</joint></state><state><joint name="LShoulderRoll">0.0659200386503</joint><joint name="LHipPitch">0.0859461210206</joint><joint name="LElbowYaw">-1.40671966914</joint><joint name="LAnklePitch">-0.00157594679342</joint><joint name="LWristYaw">-0.584496803859</joint><joint name="RShoulderRoll">0.0045599868301</joint><joint name="RWristYaw">0.312893901651</joint><joint name="HeadYaw">0.0505799907886</joint><joint name="RHipPitch">0.0674541830628</joint><joint name="HeadPitch">-0.115092072331</joint><joint name="RElbowYaw">1.5815126484</joint><joint name="RHand">0.3068</joint><joint name="LElbowRoll">-0.389594140959</joint><joint name="RKneePitch">0.101285994349</joint><joint name="LShoulderPitch">1.39129619454</joint><joint name="RHipYawPitch">-0.176367266243</joint><joint name="LHand">0.3068</joint><joint name="LHipYawPitch">-0.176367266243</joint><joint name="LAnkleRoll">-0.141086133546</joint><joint name="RAnklePitch">-0.024501979237</joint><joint name="LKneePitch">0.0797259420994</joint><joint name="LHipRoll">0.13043194566</joint><joint name="RAnkleRoll">0.0261198994536</joint><joint name="RShoulderPitch">1.43586666765</joint><joint name="RElbowRoll">0.538475962142</joint><joint name="RHipRoll">4.19617294752e-05</joint></state><state name="pivot"><joint name="LShoulderRoll">-0.00771189437957</joint><joint name="LHipPitch">0.035323893264</joint><joint name="LElbowYaw">-1.36223471717</joint><joint name="LAnklePitch">-0.00464391971383</joint><joint name="LWristYaw">-0.475581277217</joint><joint name="RShoulderRoll">0.0935320200815</joint><joint name="RWristYaw">0.199377687102</joint><joint name="HeadYaw">0.0505799907886</joint><joint name="RHipPitch">0.0199000695983</joint><joint name="HeadPitch">-0.115092072331</joint><joint name="RElbowYaw">1.54009423992</joint><joint name="RHand">0.3068</joint><joint name="LElbowRoll">-0.363515431276</joint><joint name="RKneePitch">0.15344184292</joint><joint name="LShoulderPitch">1.40970418217</joint><joint name="RHipYawPitch">-0.17483486716</joint><joint name="LHand">0.3068</joint><joint name="LHipYawPitch">-0.17483486716</joint><joint name="LAnkleRoll">-0.138018193787</joint><joint name="RAnklePitch">-0.0291040634087</joint><joint name="LKneePitch">0.111940182235</joint><joint name="LHipRoll">0.138101969591</joint><joint name="RAnkleRoll">0.0322559535049</joint><joint name="RShoulderPitch">1.47114849848</joint><joint name="RElbowRoll">0.509330708963</joint><joint name="RHipRoll">-0.00916194882871</joint></state></actuators><speed>neutral_norm</speed></robot>